Date,Open,High,Low,Close,Volume
2012-10-01,776.0,790.0,770.0,790.0,36600
2012-10-02,794.0,794.0,773.0,775.0,35000
2012-10-03,771.0,775.0,765.0,766.0,23200
2012-10-04,754.0,766.0,743.0,755.0,38100
2012-10-05,756.0,764.0,751.0,756.0,21300
2012-10-09,752.0,753.0,743.0,747.0,19900
2012-10-10,741.0,749.0,730.0,749.0,23300
2012-10-11,747.0,747.0,735.0,735.0,16500
2012-10-12,740.0,743.0,731.0,732.0,20500
2012-10-15,734.0,744.0,732.0,738.0,14500
2012-10-16,753.0,757.0,736.0,749.0,31000
2012-10-17,750.0,777.0,750.0,773.0,16900
2012-10-18,773.0,774.0,761.0,774.0,18600
2012-10-19,780.0,780.0,760.0,770.0,17500
2012-10-22,765.0,770.0,764.0,770.0,6100
2012-10-23,765.0,772.0,765.0,768.0,13400
2012-10-24,768.0,768.0,761.0,767.0,14700
2012-10-25,763.0,779.0,762.0,777.0,16500
2012-10-26,767.0,775.0,767.0,775.0,8800
2012-10-29,760.0,766.0,750.0,760.0,15100
2012-10-30,715.0,739.0,715.0,727.0,67900
2012-10-31,725.0,738.0,725.0,731.0,23800
2012-11-01,733.0,734.0,727.0,727.0,20100
2012-11-02,735.0,735.0,727.0,734.0,19800
2012-11-05,730.0,740.0,730.0,740.0,15700
2012-11-06,739.0,739.0,731.0,736.0,13300
2012-11-07,735.0,735.0,726.0,726.0,9700
2012-11-08,723.0,724.0,715.0,718.0,22100
2012-11-09,715.0,716.0,709.0,714.0,12400
2012-11-12,709.0,709.0,688.0,695.0,36000
2012-11-13,689.0,695.0,686.0,689.0,10300
2012-11-14,690.0,690.0,670.0,678.0,19400
2012-11-15,671.0,672.0,652.0,653.0,71900
2012-11-16,660.0,674.0,656.0,663.0,62200
2012-11-19,673.0,690.0,666.0,680.0,24400
2012-11-20,698.0,698.0,688.0,689.0,17400
2012-11-21,685.0,685.0,676.0,676.0,26800
2012-11-22,677.0,677.0,656.0,668.0,47900
2012-11-26,668.0,687.0,668.0,678.0,12500
2012-11-27,685.0,686.0,678.0,678.0,11600
2012-11-28,680.0,690.0,680.0,689.0,18900
2012-11-29,681.0,689.0,680.0,689.0,13000
2012-11-30,689.0,689.0,672.0,673.0,35600
2012-12-03,674.0,674.0,667.0,668.0,26200
2012-12-04,675.0,690.0,675.0,689.0,19600
2012-12-05,689.0,695.0,688.0,691.0,16800
2012-12-06,696.0,714.0,693.0,713.0,28500
2012-12-07,715.0,745.0,713.0,739.0,47800
2012-12-10,740.0,748.0,722.0,732.0,33400
2012-12-11,740.0,744.0,715.0,738.0,26900
2012-12-12,738.0,738.0,728.0,734.0,15300
2012-12-13,732.0,738.0,722.0,738.0,22900
2012-12-14,752.0,777.0,752.0,777.0,181600
2012-12-17,781.0,795.0,776.0,780.0,69400
2012-12-18,780.0,784.0,775.0,781.0,38200
2012-12-19,781.0,784.0,771.0,771.0,35300
2012-12-20,776.0,779.0,762.0,765.0,34700
2012-12-21,762.0,770.0,750.0,750.0,39500
2012-12-25,745.0,747.0,724.0,729.0,56000
2012-12-26,728.0,734.0,728.0,730.0,22900
2012-12-27,731.0,738.0,730.0,731.0,22100
2012-12-28,731.0,740.0,731.0,736.0,36200
2013-01-04,751.0,764.0,741.0,758.0,73400
2013-01-07,770.0,787.0,762.0,780.0,96000
2013-01-08,786.0,792.0,782.0,792.0,50500
2013-01-09,796.0,817.0,795.0,817.0,84800
2013-01-10,807.0,829.0,807.0,828.0,58000
2013-01-11,824.0,828.0,807.0,824.0,81600
2013-01-15,810.0,825.0,806.0,817.0,67800
2013-01-16,817.0,817.0,798.0,802.0,49200
2013-01-17,802.0,840.0,799.0,829.0,94600
2013-01-18,830.0,837.0,818.0,830.0,36400
2013-01-21,830.0,830.0,818.0,829.0,23400
2013-01-22,829.0,830.0,820.0,824.0,18700
2013-01-23,818.0,818.0,805.0,805.0,34500
2013-01-24,805.0,815.0,803.0,815.0,15600
2013-01-25,811.0,825.0,811.0,819.0,27500
2013-01-28,823.0,830.0,820.0,829.0,51700
2013-01-29,825.0,833.0,815.0,818.0,66700
2013-01-30,826.0,925.0,818.0,909.0,458900
2013-01-31,879.0,900.0,865.0,880.0,213700
2013-02-01,861.0,876.0,810.0,828.0,188400
2013-02-04,835.0,840.0,811.0,830.0,73800
2013-02-05,822.0,829.0,816.0,820.0,30700
2013-02-06,825.0,837.0,823.0,834.0,33000
2013-02-07,837.0,838.0,826.0,829.0,16800
2013-02-08,833.0,835.0,825.0,827.0,19100
2013-02-12,827.0,829.0,815.0,819.0,21000
2013-02-13,820.0,820.0,805.0,806.0,19100
2013-02-14,806.0,820.0,805.0,810.0,13700
2013-02-15,814.0,814.0,760.0,800.0,50100
2013-02-18,800.0,814.0,789.0,813.0,18200
2013-02-19,815.0,833.0,800.0,833.0,41100
2013-02-20,833.0,841.0,827.0,838.0,15200
2013-02-21,838.0,844.0,835.0,837.0,28200
2013-02-22,822.0,843.0,822.0,835.0,27100
2013-02-25,835.0,836.0,826.0,830.0,26700
2013-02-26,829.0,834.0,827.0,830.0,12300
2013-02-27,826.0,842.0,818.0,818.0,21000
2013-02-28,820.0,842.0,818.0,824.0,14100
2013-03-01,825.0,839.0,822.0,833.0,11100
2013-03-04,840.0,850.0,836.0,846.0,29300
2013-03-05,850.0,871.0,848.0,867.0,34700
2013-03-06,870.0,879.0,865.0,877.0,25000
2013-03-07,880.0,886.0,858.0,880.0,47800
2013-03-08,880.0,889.0,877.0,889.0,50000
2013-03-11,897.0,900.0,891.0,892.0,30600
2013-03-12,893.0,893.0,870.0,886.0,19700
2013-03-13,876.0,880.0,870.0,875.0,26000
2013-03-14,873.0,880.0,870.0,872.0,21100
2013-03-15,879.0,879.0,860.0,875.0,24800
2013-03-18,890.0,893.0,875.0,885.0,17500
2013-03-19,885.0,900.0,885.0,898.0,35000
2013-03-21,899.0,900.0,898.0,899.0,34200
2013-03-22,900.0,922.0,898.0,911.0,73300
2013-03-25,931.0,957.0,924.0,943.0,78100
2013-03-26,944.0,950.0,937.0,939.0,71000
2013-03-27,914.0,935.0,909.0,931.0,39400
2013-03-28,931.0,935.0,912.0,915.0,27200
2013-03-29,915.0,915.0,880.0,902.0,39600
2013-04-01,902.0,902.0,858.0,861.0,35600
2013-04-02,862.0,862.0,817.0,828.0,66600
2013-04-03,843.0,876.0,841.0,866.0,44000
2013-04-04,866.0,903.0,842.0,896.0,52100
2013-04-05,915.0,915.0,870.0,908.0,60100
2013-04-08,908.0,919.0,900.0,919.0,62000
2013-04-09,915.0,915.0,891.0,909.0,26900
2013-04-10,910.0,910.0,890.0,899.0,21000
2013-04-11,900.0,900.0,885.0,897.0,50700
2013-04-12,900.0,900.0,883.0,899.0,34200
2013-04-15,888.0,900.0,888.0,900.0,19400
2013-04-16,890.0,900.0,889.0,894.0,12700
2013-04-17,895.0,904.0,895.0,897.0,22600
2013-04-18,896.0,900.0,886.0,892.0,17200
2013-04-19,898.0,905.0,892.0,897.0,33300
2013-04-22,905.0,905.0,899.0,901.0,29100
2013-04-23,898.0,906.0,897.0,905.0,41700
2013-04-24,905.0,906.0,893.0,904.0,39700
2013-04-25,907.0,910.0,902.0,909.0,43400
2013-04-26,912.0,915.0,890.0,901.0,80900
2013-04-30,905.0,915.0,897.0,912.0,32200
2013-05-01,913.0,924.0,910.0,920.0,36600
2013-05-02,920.0,925.0,919.0,924.0,38400
2013-05-07,925.0,933.0,917.0,922.0,53800
2013-05-08,920.0,925.0,913.0,921.0,33600
2013-05-09,921.0,925.0,906.0,911.0,32800
2013-05-10,918.0,925.0,904.0,909.0,27900
2013-05-13,910.0,915.0,864.0,890.0,99800
2013-05-14,890.0,890.0,865.0,889.0,51500
2013-05-15,820.0,835.0,805.0,809.0,241500
2013-05-16,809.0,809.0,752.0,774.0,135600
2013-05-17,770.0,803.0,770.0,787.0,84000
2013-05-20,820.0,827.0,796.0,800.0,76200
2013-05-21,802.0,808.0,801.0,804.0,30600
2013-05-22,808.0,816.0,802.0,803.0,37300
2013-05-23,804.0,807.0,761.0,763.0,97100
2013-05-24,767.0,780.0,740.0,754.0,71900
2013-05-27,750.0,750.0,735.0,740.0,43000
2013-05-28,731.0,750.0,730.0,744.0,27900
2013-05-29,750.0,770.0,740.0,741.0,61100
2013-05-30,736.0,741.0,730.0,730.0,35700
2013-05-31,734.0,744.0,725.0,732.0,35000
2013-06-03,676.0,690.0,653.0,670.0,194500
2013-06-04,656.0,680.0,655.0,672.0,91800
2013-06-05,668.0,686.0,645.0,647.0,91600
2013-06-06,628.0,630.0,601.0,601.0,203500
2013-06-07,587.0,587.0,552.0,560.0,191500
2013-06-10,590.0,601.0,565.0,565.0,385700
2013-06-11,565.0,572.0,558.0,572.0,1073400
2013-06-12,569.0,576.0,562.0,571.0,202900
2013-06-13,555.0,555.0,525.0,531.0,607200
2013-06-14,543.0,544.0,531.0,532.0,264800
2013-06-17,529.0,542.0,527.0,531.0,206500
2013-06-18,532.0,541.0,525.0,525.0,790500
2013-06-19,527.0,549.0,527.0,537.0,342600
2013-06-20,540.0,541.0,529.0,534.0,191600
2013-06-21,528.0,534.0,515.0,532.0,226300
2013-06-24,534.0,541.0,530.0,538.0,158800
2013-06-25,538.0,539.0,524.0,532.0,115100
2013-06-26,532.0,534.0,516.0,525.0,117400
2013-06-27,530.0,540.0,519.0,540.0,154900
2013-06-28,540.0,544.0,531.0,543.0,161800
2013-07-01,546.0,552.0,538.0,551.0,170600
2013-07-02,553.0,554.0,538.0,548.0,235500
2013-07-03,548.0,550.0,542.0,549.0,135600
2013-07-04,549.0,550.0,541.0,549.0,135000
2013-07-05,550.0,588.0,545.0,586.0,454900
2013-07-08,592.0,601.0,568.0,574.0,523900
2013-07-09,575.0,581.0,567.0,578.0,222700
2013-07-10,575.0,577.0,568.0,571.0,205400
2013-07-11,568.0,574.0,565.0,572.0,176100
2013-07-12,570.0,573.0,566.0,568.0,127300
2013-07-16,573.0,575.0,570.0,572.0,168200
2013-07-17,572.0,577.0,568.0,569.0,263900
2013-07-18,569.0,569.0,558.0,566.0,1661500
2013-07-19,565.0,565.0,558.0,559.0,189800
2013-07-22,561.0,562.0,555.0,557.0,75600
2013-07-23,556.0,556.0,550.0,550.0,104200
2013-07-24,546.0,555.0,540.0,550.0,122100
2013-07-25,548.0,559.0,548.0,552.0,101900
2013-07-26,549.0,550.0,546.0,546.0,79200
2013-07-29,536.0,544.0,530.0,530.0,131100
2013-07-30,532.0,548.0,531.0,548.0,80900
2013-07-31,541.0,541.0,523.0,523.0,177000
2013-08-01,543.0,573.0,542.0,573.0,577400
2013-08-02,574.0,574.0,563.0,570.0,239400
2013-08-05,582.0,598.0,570.0,593.0,610000
2013-08-06,599.0,617.0,590.0,597.0,562900
2013-08-07,587.0,590.0,566.0,574.0,243400
2013-08-08,566.0,577.0,556.0,561.0,187000
2013-08-09,566.0,574.0,562.0,564.0,112100
2013-08-12,564.0,564.0,550.0,550.0,111700
2013-08-13,550.0,560.0,550.0,560.0,59400
2013-08-14,565.0,570.0,555.0,563.0,74700
2013-08-15,563.0,563.0,550.0,555.0,95900
2013-08-16,555.0,564.0,552.0,562.0,75200
2013-08-19,563.0,564.0,555.0,556.0,53100
2013-08-20,555.0,557.0,544.0,544.0,103400
2013-08-21,544.0,550.0,538.0,541.0,67400
2013-08-22,540.0,554.0,539.0,552.0,59700
2013-08-23,556.0,558.0,546.0,548.0,70400
2013-08-26,548.0,552.0,540.0,542.0,45500
2013-08-27,543.0,549.0,542.0,543.0,31800
2013-08-28,537.0,541.0,531.0,535.0,60700
2013-08-29,535.0,538.0,532.0,535.0,39300
2013-08-30,534.0,536.0,526.0,528.0,72000
2013-09-02,534.0,534.0,526.0,530.0,44100
2013-09-03,537.0,541.0,531.0,538.0,65000
2013-09-04,533.0,546.0,533.0,545.0,49200
2013-09-05,548.0,550.0,533.0,535.0,98200
2013-09-06,538.0,539.0,529.0,530.0,73500
2013-09-09,535.0,537.0,531.0,536.0,34200
2013-09-10,537.0,540.0,533.0,538.0,72700
2013-09-11,539.0,545.0,537.0,541.0,87400
2013-09-12,544.0,547.0,539.0,542.0,71900
2013-09-13,550.0,555.0,545.0,555.0,149600
2013-09-17,563.0,577.0,562.0,570.0,195600
2013-09-18,579.0,583.0,562.0,565.0,187200
2013-09-19,566.0,573.0,566.0,572.0,102400
2013-09-20,570.0,571.0,556.0,564.0,128000
2013-09-24,565.0,570.0,562.0,565.0,96900
2013-09-25,566.0,569.0,559.0,559.0,120500
2013-09-26,551.0,566.0,550.0,566.0,66400
2013-09-27,562.0,565.0,557.0,559.0,48100
2013-09-30,555.0,557.0,551.0,552.0,44200
2013-10-01,553.0,555.0,550.0,551.0,83700
2013-10-02,555.0,559.0,546.0,549.0,87200
2013-10-03,545.0,550.0,540.0,545.0,72400
2013-10-04,538.0,544.0,534.0,540.0,58800
2013-10-07,540.0,548.0,538.0,545.0,66700
2013-10-08,546.0,555.0,542.0,552.0,81300
2013-10-09,555.0,558.0,551.0,558.0,76500
2013-10-10,560.0,568.0,560.0,568.0,142100
2013-10-11,568.0,570.0,561.0,564.0,102900
2013-10-15,565.0,568.0,561.0,564.0,58000
2013-10-16,564.0,572.0,562.0,569.0,92800
2013-10-17,573.0,576.0,570.0,576.0,116000
2013-10-18,576.0,580.0,569.0,579.0,139200
2013-10-21,581.0,602.0,581.0,597.0,335100
2013-10-22,600.0,601.0,585.0,590.0,182100
2013-10-23,590.0,594.0,576.0,586.0,123300
2013-10-24,580.0,589.0,573.0,589.0,62100
2013-10-25,590.0,593.0,585.0,593.0,82000
2013-10-28,599.0,633.0,599.0,624.0,485400
2013-10-29,616.0,619.0,611.0,612.0,340700
2013-10-30,619.0,619.0,611.0,613.0,235900
2013-10-31,614.0,630.0,614.0,625.0,273800
2013-11-01,633.0,635.0,589.0,605.0,338100
2013-11-05,615.0,616.0,603.0,611.0,98200
2013-11-06,611.0,615.0,601.0,605.0,91000
2013-11-07,614.0,624.0,610.0,615.0,125600
2013-11-08,616.0,618.0,610.0,612.0,81100
2013-11-11,613.0,617.0,575.0,598.0,156700
2013-11-12,600.0,601.0,580.0,597.0,85500
2013-11-13,593.0,594.0,590.0,592.0,70300
2013-11-14,593.0,606.0,592.0,601.0,72600
2013-11-15,600.0,600.0,595.0,597.0,95800
2013-11-18,599.0,605.0,595.0,601.0,70900
2013-11-19,596.0,605.0,596.0,603.0,55400
2013-11-20,597.0,598.0,584.0,597.0,107200
2013-11-21,595.0,595.0,582.0,586.0,107400
2013-11-22,587.0,591.0,576.0,579.0,144900
2013-11-25,581.0,586.0,581.0,586.0,48400
2013-11-26,584.0,598.0,584.0,596.0,100400
2013-11-27,595.0,600.0,592.0,597.0,65700
2013-11-28,595.0,599.0,592.0,597.0,55300
2013-11-29,593.0,595.0,590.0,592.0,68100
2013-12-02,594.0,608.0,594.0,604.0,139200
2013-12-03,605.0,607.0,601.0,601.0,89900
2013-12-04,600.0,623.0,598.0,609.0,234600
2013-12-05,609.0,612.0,591.0,600.0,140200
2013-12-06,595.0,600.0,590.0,595.0,76000
2013-12-09,604.0,605.0,599.0,602.0,76700
2013-12-10,603.0,603.0,598.0,598.0,35500
2013-12-11,598.0,600.0,594.0,599.0,82400
2013-12-12,595.0,597.0,593.0,596.0,58200
2013-12-13,599.0,599.0,591.0,592.0,105800
2013-12-16,592.0,594.0,584.0,586.0,64300
2013-12-17,585.0,587.0,582.0,587.0,44900
2013-12-18,582.0,589.0,582.0,587.0,48700
2013-12-19,584.0,589.0,584.0,585.0,55200
2013-12-20,582.0,583.0,580.0,581.0,43500
2013-12-24,582.0,583.0,570.0,574.0,126700
2013-12-25,572.0,576.0,570.0,575.0,63800
2013-12-26,585.0,598.0,580.0,593.0,126400
2013-12-27,598.0,606.0,593.0,604.0,44900
2013-12-30,602.0,609.0,601.0,609.0,60500
2014-01-06,610.0,614.0,591.0,599.0,144900
2014-01-07,609.0,609.0,600.0,602.0,59800
2014-01-08,606.0,614.0,602.0,612.0,74400
2014-01-09,613.0,623.0,611.0,612.0,93800
2014-01-10,611.0,612.0,603.0,608.0,57000
2014-01-14,606.0,615.0,601.0,603.0,69900
2014-01-15,608.0,610.0,600.0,605.0,60700
2014-01-16,608.0,609.0,602.0,604.0,45000
2014-01-17,605.0,610.0,603.0,607.0,46100
2014-01-20,609.0,611.0,605.0,605.0,55800
2014-01-21,603.0,607.0,603.0,604.0,39000
2014-01-22,605.0,606.0,603.0,604.0,37000
2014-01-23,604.0,605.0,601.0,601.0,38500
2014-01-24,600.0,605.0,592.0,598.0,104200
2014-01-27,595.0,596.0,583.0,583.0,95600
2014-01-28,583.0,594.0,583.0,589.0,48600
2014-01-29,592.0,603.0,592.0,603.0,19700
2014-01-30,600.0,600.0,592.0,595.0,40300
2014-01-31,596.0,597.0,584.0,592.0,55900
2014-02-03,584.0,589.0,573.0,573.0,80400
2014-02-04,565.0,565.0,551.0,561.0,169700
2014-02-05,571.0,580.0,562.0,570.0,82800
2014-02-06,570.0,587.0,569.0,583.0,47000
2014-02-07,590.0,597.0,589.0,597.0,48500
2014-02-10,605.0,610.0,598.0,608.0,67400
2014-02-12,609.0,615.0,605.0,612.0,89900
2014-02-13,614.0,615.0,604.0,608.0,37200
2014-02-14,605.0,612.0,596.0,609.0,91400
2014-02-17,600.0,608.0,587.0,588.0,55700
2014-02-18,592.0,601.0,590.0,601.0,48500
2014-02-19,601.0,601.0,592.0,594.0,18100
2014-02-20,592.0,603.0,591.0,597.0,29900
2014-02-21,597.0,605.0,596.0,602.0,31700
2014-02-24,602.0,610.0,602.0,608.0,40800
2014-02-25,610.0,613.0,605.0,613.0,61000
2014-02-26,610.0,614.0,607.0,609.0,105900
2014-02-27,607.0,608.0,601.0,603.0,30200
2014-02-28,611.0,611.0,596.0,602.0,31900
2014-03-03,605.0,607.0,592.0,605.0,33500
2014-03-04,610.0,610.0,605.0,610.0,30300
2014-03-05,612.0,614.0,610.0,612.0,48400
2014-03-06,614.0,626.0,612.0,624.0,84400
2014-03-07,616.0,623.0,616.0,620.0,22900
2014-03-10,624.0,633.0,623.0,627.0,51000
2014-03-11,633.0,643.0,633.0,641.0,88300
2014-03-12,639.0,639.0,628.0,628.0,52100
2014-03-13,625.0,633.0,622.0,629.0,46600
2014-03-14,620.0,625.0,600.0,607.0,90000
2014-03-17,601.0,608.0,592.0,592.0,46000
2014-03-18,600.0,610.0,597.0,605.0,30300
2014-03-19,605.0,608.0,600.0,603.0,26100
2014-03-20,605.0,606.0,588.0,590.0,58900
2014-03-24,593.0,627.0,592.0,618.0,82000
2014-03-25,625.0,635.0,612.0,622.0,79100
2014-03-26,628.0,634.0,624.0,628.0,83000
2014-03-27,620.0,629.0,616.0,622.0,56200
2014-03-28,623.0,640.0,622.0,640.0,83100
2014-03-31,640.0,655.0,638.0,655.0,122500
2014-04-01,655.0,657.0,648.0,657.0,65100
2014-04-02,659.0,661.0,637.0,642.0,98900
2014-04-03,636.0,644.0,629.0,634.0,79700
2014-04-04,640.0,649.0,638.0,641.0,34300
2014-04-07,640.0,655.0,640.0,648.0,76500
2014-04-08,648.0,650.0,633.0,633.0,37800
2014-04-09,625.0,628.0,613.0,616.0,41600
2014-04-10,617.0,626.0,614.0,622.0,51700
2014-04-11,615.0,626.0,607.0,619.0,50500
2014-04-14,617.0,635.0,612.0,615.0,18100
2014-04-15,616.0,621.0,612.0,612.0,16500
2014-04-16,613.0,634.0,613.0,634.0,35800
2014-04-17,640.0,640.0,632.0,634.0,23600
2014-04-18,644.0,646.0,624.0,636.0,34500
2014-04-21,637.0,641.0,635.0,639.0,7200
2014-04-22,639.0,639.0,633.0,637.0,18400
2014-04-23,635.0,638.0,632.0,636.0,14000
2014-04-24,640.0,640.0,632.0,635.0,12400
2014-04-25,630.0,642.0,630.0,640.0,40800
2014-04-28,640.0,641.0,631.0,639.0,21500
2014-04-30,640.0,640.0,631.0,634.0,17400
2014-05-01,630.0,636.0,627.0,636.0,17400
2014-05-02,639.0,641.0,634.0,641.0,13900
2014-05-07,632.0,634.0,622.0,623.0,27500
2014-05-08,621.0,630.0,620.0,625.0,9300
2014-05-09,632.0,632.0,625.0,629.0,9600
2014-05-12,626.0,636.0,619.0,619.0,9900
2014-05-13,539.0,585.0,539.0,576.0,144100
2014-05-14,573.0,592.0,573.0,590.0,59900
2014-05-15,590.0,592.0,577.0,591.0,31500
2014-05-16,596.0,596.0,577.0,580.0,50800
2014-05-19,584.0,588.0,577.0,578.0,15700
2014-05-20,578.0,589.0,578.0,579.0,14500
2014-05-21,578.0,582.0,575.0,576.0,12900
2014-05-22,586.0,588.0,573.0,588.0,35400
2014-05-23,592.0,596.0,588.0,593.0,24200
2014-05-26,594.0,597.0,593.0,595.0,11500
2014-05-27,597.0,599.0,579.0,580.0,54500
2014-05-28,594.0,594.0,581.0,584.0,74100
2014-05-29,589.0,589.0,585.0,589.0,28600
2014-05-30,589.0,591.0,575.0,585.0,67800
2014-06-02,585.0,585.0,585.0,585.0,0
2014-06-03,599.0,600.0,591.0,594.0,64100
2014-06-04,590.0,600.0,590.0,593.0,35800
2014-06-05,593.0,600.0,590.0,592.0,34000
2014-06-06,592.0,600.0,589.0,592.0,23700
2014-06-09,597.0,605.0,593.0,600.0,30800
2014-06-10,600.0,602.0,593.0,597.0,23400
2014-06-11,595.0,600.0,592.0,599.0,16800
2014-06-12,596.0,601.0,594.0,596.0,16200
2014-06-13,592.0,605.0,592.0,602.0,49000
2014-06-16,601.0,604.0,599.0,603.0,17800
2014-06-17,605.0,610.0,604.0,609.0,20500
2014-06-18,610.0,625.0,610.0,622.0,38900
2014-06-19,632.0,643.0,632.0,640.0,57500
2014-06-20,639.0,640.0,630.0,640.0,50200
2014-06-23,635.0,635.0,612.0,626.0,51700
2014-06-24,620.0,623.0,611.0,617.0,42500
2014-06-25,616.0,623.0,615.0,619.0,29100
2014-06-26,618.0,619.0,610.0,613.0,23700
2014-06-27,613.0,625.0,605.0,621.0,48200
2014-06-30,620.0,630.0,617.0,627.0,27200
2014-07-01,635.0,635.0,618.0,625.0,37300
2014-07-02,632.0,639.0,627.0,631.0,54300
2014-07-03,625.0,629.0,621.0,623.0,18900
2014-07-04,623.0,629.0,622.0,625.0,15700
2014-07-07,629.0,630.0,626.0,627.0,6700
2014-07-08,625.0,626.0,621.0,622.0,21900
2014-07-09,620.0,620.0,610.0,613.0,16800
2014-07-10,616.0,616.0,605.0,606.0,12800
2014-07-11,603.0,610.0,596.0,602.0,28500
2014-07-14,607.0,615.0,600.0,612.0,13200
2014-07-15,613.0,617.0,613.0,615.0,6200
2014-07-16,615.0,615.0,603.0,606.0,10600
2014-07-17,606.0,609.0,601.0,607.0,10700
2014-07-18,601.0,610.0,596.0,602.0,22800
2014-07-22,602.0,610.0,601.0,607.0,16300
2014-07-23,610.0,610.0,601.0,602.0,10000
2014-07-24,606.0,606.0,601.0,606.0,9400
2014-07-25,602.0,605.0,600.0,604.0,16600
2014-07-28,609.0,610.0,598.0,604.0,22500
2014-07-29,606.0,608.0,606.0,608.0,6700
2014-07-30,606.0,607.0,603.0,605.0,12300
2014-07-31,602.0,610.0,598.0,599.0,39400
2014-08-01,607.0,620.0,604.0,616.0,83200
2014-08-04,620.0,620.0,618.0,618.0,28900
2014-08-05,614.0,619.0,614.0,615.0,26300
2014-08-06,614.0,619.0,610.0,616.0,26400
2014-08-07,611.0,618.0,611.0,617.0,30100
2014-08-08,614.0,620.0,610.0,615.0,35500
2014-08-11,616.0,624.0,616.0,623.0,48300
2014-08-12,625.0,626.0,620.0,626.0,28100
2014-08-13,626.0,628.0,618.0,625.0,25600
2014-08-14,625.0,627.0,620.0,626.0,15700
2014-08-15,628.0,628.0,616.0,617.0,37100
2014-08-18,617.0,622.0,613.0,615.0,22000
2014-08-19,614.0,620.0,614.0,616.0,39800
2014-08-20,617.0,622.0,616.0,619.0,32000
2014-08-21,619.0,623.0,619.0,623.0,21700
2014-08-22,623.0,625.0,619.0,621.0,13000
2014-08-25,619.0,620.0,615.0,616.0,15700
2014-08-26,622.0,625.0,617.0,622.0,19300
2014-08-27,618.0,620.0,615.0,620.0,16000
2014-08-28,620.0,621.0,614.0,621.0,14600
2014-08-29,620.0,621.0,619.0,620.0,5700
2014-09-01,625.0,625.0,620.0,624.0,15200
2014-09-02,628.0,630.0,625.0,629.0,47000
2014-09-03,630.0,630.0,626.0,630.0,18100
2014-09-04,630.0,635.0,628.0,629.0,27500
2014-09-05,628.0,630.0,616.0,623.0,26300
2014-09-08,628.0,631.0,628.0,631.0,25100
2014-09-09,632.0,635.0,623.0,627.0,17600
2014-09-10,628.0,632.0,628.0,631.0,28800
2014-09-11,633.0,634.0,629.0,631.0,16600
2014-09-12,628.0,634.0,628.0,632.0,38900
2014-09-16,632.0,637.0,632.0,634.0,29300
2014-09-17,635.0,639.0,633.0,636.0,14300
2014-09-18,635.0,645.0,635.0,645.0,46900
2014-09-19,647.0,650.0,645.0,650.0,62800
2014-09-22,650.0,659.0,649.0,654.0,57500
2014-09-24,652.0,656.0,652.0,654.0,34700
2014-09-25,656.0,665.0,654.0,664.0,53200
2014-09-26,659.0,660.0,653.0,658.0,43000
2014-09-29,656.0,661.0,640.0,657.0,52400
2014-09-30,657.0,657.0,646.0,653.0,44700
2014-10-01,650.0,663.0,648.0,660.0,38800
2014-10-02,660.0,660.0,633.0,634.0,75900
2014-10-03,634.0,653.0,634.0,646.0,48200
2014-10-06,653.0,664.0,647.0,662.0,32000
2014-10-07,665.0,686.0,659.0,680.0,135300
2014-10-08,680.0,707.0,670.0,695.0,209900
2014-10-09,694.0,698.0,675.0,677.0,87800
2014-10-10,666.0,669.0,651.0,661.0,52900
2014-10-14,641.0,664.0,641.0,656.0,74500
2014-10-15,658.0,691.0,657.0,690.0,87200
2014-10-16,672.0,672.0,658.0,658.0,50400
2014-10-17,660.0,670.0,611.0,627.0,69500
2014-10-20,648.0,667.0,643.0,665.0,40500
2014-10-21,675.0,700.0,675.0,691.0,78600
2014-10-22,694.0,697.0,661.0,668.0,136300
2014-10-23,672.0,680.0,667.0,673.0,38800
2014-10-24,683.0,685.0,669.0,674.0,26000
2014-10-27,684.0,691.0,675.0,689.0,43200
2014-10-28,694.0,694.0,674.0,677.0,40900
2014-10-29,686.0,686.0,671.0,679.0,37700
2014-10-30,675.0,681.0,661.0,661.0,220700
2014-10-31,667.0,684.0,663.0,674.0,112500
2014-11-04,694.0,696.0,667.0,686.0,295200
2014-11-05,683.0,700.0,681.0,700.0,121700
2014-11-06,700.0,723.0,697.0,717.0,139700
2014-11-07,719.0,719.0,712.0,717.0,61900
2014-11-10,720.0,727.0,710.0,725.0,98600
2014-11-11,725.0,740.0,710.0,716.0,114300
2014-11-12,714.0,727.0,712.0,715.0,35400
2014-11-13,711.0,732.0,711.0,731.0,51300
2014-11-14,738.0,739.0,724.0,733.0,42300
2014-11-17,733.0,733.0,715.0,717.0,44800
2014-11-18,716.0,729.0,716.0,723.0,40600
2014-11-19,728.0,729.0,717.0,720.0,31000
2014-11-20,725.0,733.0,718.0,729.0,53200
2014-11-21,734.0,756.0,732.0,756.0,87500
2014-11-25,765.0,777.0,760.0,769.0,58300
2014-11-26,754.0,769.0,753.0,757.0,50600
2014-11-27,767.0,770.0,761.0,761.0,28600
2014-11-28,755.0,770.0,754.0,769.0,32100
2014-12-01,770.0,784.0,770.0,782.0,53600
2014-12-02,781.0,792.0,778.0,792.0,43400
2014-12-03,793.0,795.0,788.0,794.0,32000
2014-12-04,795.0,820.0,791.0,808.0,127300
2014-12-05,811.0,818.0,808.0,810.0,40400
2014-12-08,825.0,829.0,802.0,810.0,53000
2014-12-09,804.0,813.0,778.0,786.0,48300
2014-12-10,768.0,779.0,745.0,761.0,82700
2014-12-11,741.0,775.0,738.0,775.0,94800
2014-12-12,780.0,780.0,760.0,766.0,73000
2014-12-15,766.0,773.0,755.0,761.0,39700
2014-12-16,750.0,758.0,747.0,753.0,57300
2014-12-17,745.0,758.0,744.0,751.0,49000
2014-12-18,773.0,778.0,770.0,774.0,31300
2014-12-19,789.0,795.0,780.0,792.0,57000
2014-12-22,788.0,798.0,788.0,796.0,25300
2014-12-24,799.0,800.0,792.0,796.0,28000
2014-12-25,796.0,797.0,785.0,788.0,27600
2014-12-26,784.0,800.0,782.0,799.0,22900
2014-12-29,808.0,808.0,799.0,802.0,23100
2014-12-30,799.0,805.0,799.0,801.0,23200
2015-01-05,788.0,799.0,782.0,789.0,21300
2015-01-06,789.0,792.0,770.0,770.0,37400
2015-01-07,765.0,769.0,751.0,762.0,39700
2015-01-08,766.0,783.0,766.0,777.0,24300
2015-01-09,777.0,781.0,769.0,778.0,17200
2015-01-13,765.0,776.0,756.0,774.0,22000
2015-01-14,760.0,767.0,757.0,758.0,22600
2015-01-15,763.0,773.0,750.0,768.0,29100
2015-01-16,759.0,765.0,745.0,754.0,31100
2015-01-19,764.0,764.0,742.0,751.0,28600
2015-01-20,758.0,769.0,750.0,769.0,30800
2015-01-21,768.0,774.0,755.0,765.0,23300
2015-01-22,761.0,765.0,755.0,765.0,21400
2015-01-23,765.0,777.0,759.0,777.0,27500
2015-01-26,768.0,777.0,762.0,774.0,28100
2015-01-27,779.0,793.0,770.0,790.0,35300
2015-01-28,791.0,805.0,790.0,802.0,41300
2015-01-29,800.0,820.0,800.0,808.0,61800
2015-01-30,830.0,860.0,816.0,843.0,237300
2015-02-02,860.0,888.0,843.0,879.0,129300
2015-02-03,881.0,884.0,855.0,858.0,79200
2015-02-04,856.0,877.0,856.0,868.0,49000
2015-02-05,875.0,899.0,870.0,898.0,99500
2015-02-06,898.0,906.0,877.0,880.0,73900
2015-02-09,891.0,900.0,886.0,899.0,56100
2015-02-10,894.0,896.0,884.0,890.0,20200
2015-02-12,890.0,915.0,889.0,912.0,103800
2015-02-13,905.0,929.0,901.0,926.0,84900
2015-02-16,915.0,925.0,910.0,912.0,59400
2015-02-17,912.0,916.0,871.0,890.0,79400
2015-02-18,883.0,899.0,883.0,887.0,47500
2015-02-19,895.0,918.0,890.0,917.0,66700
2015-02-20,913.0,940.0,906.0,937.0,122200
2015-02-23,937.0,954.0,932.0,945.0,91000
2015-02-24,950.0,1017.0,950.0,1000.0,214200
2015-02-25,1000.0,1010.0,979.0,997.0,123800
2015-02-26,998.0,1037.0,998.0,1034.0,141800
2015-02-27,1049.0,1126.0,1047.0,1084.0,299000
2015-03-02,1097.0,1143.0,1096.0,1136.0,188000
2015-03-03,1140.0,1164.0,1094.0,1104.0,151700
2015-03-04,1120.0,1180.0,1116.0,1140.0,179600
2015-03-05,1130.0,1189.0,1130.0,1184.0,149300
2015-03-06,1200.0,1278.0,1196.0,1252.0,378800
2015-03-09,1230.0,1261.0,1210.0,1243.0,164500
2015-03-10,1230.0,1251.0,1145.0,1155.0,293300
2015-03-11,1125.0,1159.0,1092.0,1124.0,251800
2015-03-12,1124.0,1155.0,1110.0,1131.0,117400
2015-03-13,1160.0,1182.0,1136.0,1159.0,192600
2015-03-16,1151.0,1151.0,1112.0,1120.0,86300
2015-03-17,1138.0,1160.0,1120.0,1124.0,125700
2015-03-18,1111.0,1114.0,1051.0,1072.0,248300
2015-03-19,1102.0,1110.0,1035.0,1046.0,206400
2015-03-20,1059.0,1075.0,1032.0,1070.0,97600
2015-03-23,1063.0,1084.0,1061.0,1081.0,87800
2015-03-24,1080.0,1091.0,1058.0,1068.0,89600
2015-03-25,1061.0,1075.0,1055.0,1063.0,69100
2015-03-26,1048.0,1054.0,1011.0,1031.0,128300
2015-03-27,1011.0,1063.0,1007.0,1012.0,77300
2015-03-30,1010.0,1019.0,1003.0,1016.0,53000
2015-03-31,1010.0,1025.0,1009.0,1012.0,61700
2015-04-01,1012.0,1024.0,992.0,1010.0,71700
2015-04-02,1018.0,1067.0,1016.0,1054.0,128000
2015-04-03,1050.0,1060.0,1033.0,1059.0,78600
2015-04-06,1054.0,1060.0,1038.0,1047.0,99900
2015-04-07,1045.0,1048.0,994.0,1017.0,196800
2015-04-08,1024.0,1038.0,1012.0,1036.0,63300
2015-04-09,1050.0,1059.0,1033.0,1058.0,85600
2015-04-10,1074.0,1090.0,1048.0,1060.0,103800
2015-04-13,1070.0,1075.0,1050.0,1074.0,54300
2015-04-14,1088.0,1109.0,1083.0,1105.0,127900
2015-04-15,1103.0,1105.0,1059.0,1065.0,84300
2015-04-16,1053.0,1055.0,1034.0,1050.0,62200
2015-04-17,1040.0,1049.0,1027.0,1033.0,40500
2015-04-20,1021.0,1051.0,1021.0,1037.0,34500
2015-04-21,1030.0,1046.0,1021.0,1034.0,46400
2015-04-22,1034.0,1040.0,1026.0,1028.0,32600
2015-04-23,1028.0,1031.0,1017.0,1019.0,39100
2015-04-24,1015.0,1021.0,1009.0,1011.0,42900
2015-04-27,1011.0,1020.0,1006.0,1009.0,23600
2015-04-28,1026.0,1029.0,1004.0,1028.0,49100
2015-04-30,1020.0,1050.0,1020.0,1041.0,84200
2015-05-01,1041.0,1043.0,1014.0,1024.0,66000
2015-05-07,1033.0,1054.0,1027.0,1044.0,55000
2015-05-08,1033.0,1047.0,1014.0,1025.0,48200
2015-05-11,1043.0,1043.0,1034.0,1037.0,16500
2015-05-12,1026.0,1035.0,1023.0,1033.0,22400
2015-05-13,1027.0,1036.0,1022.0,1033.0,30300
2015-05-14,1040.0,1042.0,1025.0,1038.0,48500
2015-05-15,1103.0,1125.0,1085.0,1100.0,220400
2015-05-18,1105.0,1105.0,1057.0,1100.0,163800
2015-05-19,1105.0,1136.0,1087.0,1100.0,108900
2015-05-20,1118.0,1129.0,1110.0,1126.0,75700
2015-05-21,1136.0,1255.0,1136.0,1200.0,251400
2015-05-22,1183.0,1185.0,1140.0,1173.0,138600
2015-05-25,1173.0,1200.0,1166.0,1185.0,101200
2015-05-26,1185.0,1203.0,1182.0,1188.0,56800
2015-05-27,1180.0,1207.0,1165.0,1195.0,69800
2015-05-28,1220.0,1274.0,1215.0,1261.0,208600
2015-05-29,1241.0,1263.0,1232.0,1241.0,77000
2015-06-01,1247.0,1260.0,1236.0,1256.0,88300
2015-06-02,1259.0,1308.0,1252.0,1293.0,132600
2015-06-03,1275.0,1281.0,1231.0,1235.0,97400
2015-06-04,1222.0,1225.0,1200.0,1204.0,95600
2015-06-05,1201.0,1237.0,1200.0,1230.0,57100
2015-06-08,1222.0,1250.0,1209.0,1242.0,56100
2015-06-09,1236.0,1236.0,1199.0,1200.0,64900
2015-06-10,1191.0,1221.0,1189.0,1201.0,65700
2015-06-11,1205.0,1280.0,1205.0,1270.0,115300
2015-06-12,1290.0,1327.0,1270.0,1295.0,159400
2015-06-15,1295.0,1295.0,1263.0,1265.0,53200
2015-06-16,1305.0,1366.0,1305.0,1324.0,247000
2015-06-17,1354.0,1400.0,1333.0,1394.0,218600
2015-06-18,1380.0,1454.0,1376.0,1427.0,226500
2015-06-19,1451.0,1484.0,1450.0,1480.0,244700
2015-06-22,1500.0,1559.0,1436.0,1456.0,387200
2015-06-23,1445.0,1495.0,1439.0,1469.0,133700
2015-06-24,1490.0,1493.0,1441.0,1453.0,82900
2015-06-25,1453.0,1542.0,1453.0,1520.0,226900
2015-06-26,1548.0,1603.0,1505.0,1571.0,293600
2015-06-29,1520.0,1643.0,1519.0,1602.0,296300
2015-06-30,1603.0,1680.0,1585.0,1638.0,246200
2015-07-01,1690.0,1770.0,1670.0,1752.0,360000
2015-07-02,1770.0,1799.0,1645.0,1688.0,393200
2015-07-03,1689.0,1700.0,1561.0,1579.0,275100
2015-07-06,1572.0,1645.0,1500.0,1581.0,212700
2015-07-07,1630.0,1730.0,1630.0,1698.0,258900
2015-07-08,1665.0,1679.0,1584.0,1588.0,209100
2015-07-09,1468.0,1652.0,1455.0,1638.0,355400
2015-07-10,1652.0,1693.0,1554.0,1584.0,272900
2015-07-13,1598.0,1670.0,1583.0,1656.0,161700
2015-07-14,1674.0,1699.0,1643.0,1660.0,121100
2015-07-15,1669.0,1696.0,1655.0,1693.0,114500
2015-07-16,1700.0,1821.0,1699.0,1790.0,395600
2015-07-17,1798.0,1846.0,1751.0,1834.0,221300
2015-07-21,1850.0,1869.0,1809.0,1821.0,149300
2015-07-22,1813.0,1813.0,1761.0,1795.0,86100
2015-07-23,1812.0,1923.0,1791.0,1903.0,318300
2015-07-24,1935.0,1996.0,1838.0,1911.0,261100
2015-07-27,1900.0,1950.0,1872.0,1890.0,217800
2015-07-28,1850.0,1877.0,1805.0,1849.0,180000
2015-07-29,1877.0,1919.0,1854.0,1914.0,137200
2015-07-30,1911.0,1914.0,1846.0,1894.0,187900
2015-07-31,1997.0,2129.0,1951.0,2101.0,840100
2015-08-03,2118.0,2220.0,2059.0,2216.0,430300
2015-08-04,2200.0,2267.0,2121.0,2241.0,334500
2015-08-05,2255.0,2255.0,2095.0,2111.0,348700
2015-08-06,2102.0,2148.0,2021.0,2048.0,208200
2015-08-07,2049.0,2051.0,1983.0,2009.0,188300
2015-08-10,2016.0,2126.0,1986.0,2101.0,170100
2015-08-11,2057.0,2108.0,1990.0,2030.0,179600
2015-08-12,1999.0,2028.0,1931.0,1972.0,165600
2015-08-13,1970.0,2050.0,1905.0,2027.0,224500
2015-08-14,2015.0,2027.0,1976.0,2014.0,144400
2015-08-17,1980.0,2033.0,1890.0,1896.0,351200
2015-08-18,1897.0,2031.0,1897.0,1978.0,368400
2015-08-19,1951.0,1962.0,1911.0,1940.0,146900
2015-08-20,1901.0,1917.0,1836.0,1837.0,245400
2015-08-21,1750.0,1815.0,1727.0,1771.0,314000
2015-08-24,1698.0,1751.0,1626.0,1633.0,338900
2015-08-25,1550.0,1720.0,1495.0,1598.0,357500
2015-08-26,1620.0,1710.0,1606.0,1693.0,205800
2015-08-27,1749.0,1761.0,1684.0,1703.0,190800
2015-08-28,1750.0,1753.0,1710.0,1739.0,127900
2015-08-31,1713.0,1722.0,1673.0,1713.0,113500
2015-09-01,1698.0,1739.0,1643.0,1643.0,176600
2015-09-02,1571.0,1681.0,1540.0,1628.0,213400
2015-09-03,1653.0,1745.0,1653.0,1697.0,190000
2015-09-04,1696.0,1715.0,1550.0,1584.0,316400
2015-09-07,1552.0,1597.0,1513.0,1540.0,286400
2015-09-08,1545.0,1587.0,1480.0,1498.0,176200
2015-09-09,1588.0,1596.0,1505.0,1576.0,306200
2015-09-10,1510.0,1541.0,1492.0,1525.0,213000
2015-09-11,1500.0,1612.0,1455.0,1589.0,211900
2015-09-14,1603.0,1619.0,1558.0,1577.0,140100
2015-09-15,1581.0,1620.0,1555.0,1576.0,93400
2015-09-16,1600.0,1609.0,1537.0,1556.0,115900
2015-09-17,1570.0,1680.0,1570.0,1675.0,150300
2015-09-18,1651.0,1679.0,1610.0,1666.0,404800
2015-09-24,1601.0,1665.0,1601.0,1613.0,157400
2015-09-25,1609.0,1674.0,1605.0,1671.0,125700
2015-09-28,1711.0,1744.0,1674.0,1708.0,123300
2015-09-29,1681.0,1741.0,1653.0,1687.0,225200
2015-09-30,1723.0,1729.0,1668.0,1711.0,150000
2015-10-01,1725.0,1737.0,1678.0,1687.0,125700
2015-10-02,1686.0,1736.0,1676.0,1730.0,111300
2015-10-05,1746.0,1835.0,1744.0,1833.0,210800
2015-10-06,1870.0,1890.0,1811.0,1864.0,231200
2015-10-07,1878.0,1879.0,1773.0,1833.0,212600
2015-10-08,1830.0,1830.0,1752.0,1760.0,153500
2015-10-09,1766.0,1800.0,1693.0,1799.0,157100
2015-10-13,1706.0,1747.0,1659.0,1669.0,198300
2015-10-14,1670.0,1686.0,1572.0,1579.0,285600
2015-10-15,1552.0,1636.0,1551.0,1621.0,139800
2015-10-16,1620.0,1648.0,1598.0,1605.0,122100
2015-10-19,1612.0,1636.0,1602.0,1609.0,68700
2015-10-20,1621.0,1668.0,1613.0,1620.0,95100
2015-10-21,1617.0,1637.0,1586.0,1637.0,102100
2015-10-22,1621.0,1643.0,1597.0,1604.0,89600
2015-10-23,1637.0,1645.0,1616.0,1625.0,58100
2015-10-26,1644.0,1644.0,1604.0,1607.0,113300
2015-10-27,1603.0,1657.0,1603.0,1637.0,91500
2015-10-28,1651.0,1663.0,1626.0,1647.0,100000
2015-10-29,1660.0,1670.0,1619.0,1638.0,119300
2015-10-30,1610.0,1629.0,1420.0,1442.0,654300
2015-11-02,1401.0,1438.0,1400.0,1415.0,260500
2015-11-04,1401.0,1416.0,1324.0,1343.0,492000
2015-11-05,1379.0,1409.0,1362.0,1386.0,244300
2015-11-06,1383.0,1443.0,1379.0,1438.0,196000
2015-11-09,1450.0,1487.0,1435.0,1452.0,242500
2015-11-10,1435.0,1470.0,1423.0,1453.0,163900
2015-11-11,1466.0,1511.0,1456.0,1505.0,274100
2015-11-12,1500.0,1529.0,1489.0,1517.0,174400
2015-11-13,1501.0,1538.0,1495.0,1526.0,152200
2015-11-16,1489.0,1518.0,1477.0,1507.0,92400
2015-11-17,1519.0,1523.0,1500.0,1513.0,75500
2015-11-18,1512.0,1546.0,1490.0,1497.0,275500
2015-11-19,1519.0,1568.0,1499.0,1517.0,425400
2015-11-20,1567.0,1645.0,1556.0,1645.0,647100
2015-11-24,1686.0,1755.0,1686.0,1745.0,442100
2015-11-25,1727.0,1765.0,1680.0,1762.0,311500
2015-11-26,1740.0,1775.0,1716.0,1751.0,209300
2015-11-27,1762.0,1784.0,1745.0,1777.0,221000
2015-11-30,1780.0,1793.0,1731.0,1793.0,564600
2015-12-01,1793.0,1808.0,1758.0,1777.0,243500
2015-12-02,1763.0,1798.0,1736.0,1785.0,213700
2015-12-03,1790.0,1792.0,1765.0,1785.0,151600
2015-12-04,1750.0,1768.0,1730.0,1737.0,143300
2015-12-07,1756.0,1795.0,1756.0,1780.0,122100
2015-12-08,1785.0,1818.0,1752.0,1760.0,167700
2015-12-09,1749.0,1765.0,1702.0,1726.0,145000
2015-12-10,1702.0,1714.0,1656.0,1663.0,123900
2015-12-11,1666.0,1719.0,1648.0,1655.0,197800
2015-12-14,1638.0,1678.0,1611.0,1648.0,131700
2015-12-15,1648.0,1725.0,1636.0,1651.0,195300
2015-12-16,1679.0,1696.0,1648.0,1674.0,123400
2015-12-17,1710.0,1765.0,1701.0,1735.0,152300
2015-12-18,1726.0,1749.0,1691.0,1693.0,132200
2015-12-21,1679.0,1755.0,1679.0,1749.0,221800
2015-12-22,1731.0,1778.0,1731.0,1776.0,141000
2015-12-24,1799.0,1808.0,1691.0,1705.0,193400
2015-12-25,1705.0,1705.0,1705.0,1705.0,0
2015-12-28,1743.0,1758.0,1673.0,1725.0,101800
2015-12-29,1706.0,1725.0,1667.0,1707.0,90100
2015-12-30,1710.0,1725.0,1668.0,1716.0,110300
2016-01-04,1700.0,1718.0,1626.0,1639.0,95300
2016-01-05,1649.0,1679.0,1630.0,1652.0,115000
2016-01-06,1636.0,1686.0,1617.0,1641.0,83700
2016-01-07,1635.0,1681.0,1615.0,1645.0,102400
2016-01-08,1633.0,1681.0,1590.0,1639.0,140400
2016-01-12,1629.0,1629.0,1511.0,1528.0,161900
2016-01-13,1537.0,1540.0,1456.0,1523.0,225300
2016-01-14,1480.0,1494.0,1447.0,1470.0,115800
2016-01-15,1488.0,1516.0,1446.0,1456.0,152200
2016-01-18,1427.0,1488.0,1427.0,1482.0,106100
2016-01-19,1483.0,1488.0,1441.0,1448.0,75300
2016-01-20,1455.0,1474.0,1397.0,1402.0,108000
2016-01-21,1373.0,1458.0,1371.0,1373.0,121200
2016-01-22,1401.0,1473.0,1385.0,1470.0,85100
2016-01-25,1493.0,1534.0,1476.0,1529.0,76900
2016-01-26,1502.0,1521.0,1482.0,1486.0,65400
2016-01-27,1516.0,1554.0,1491.0,1536.0,108800
2016-01-28,1540.0,1578.0,1518.0,1572.0,139900
2016-01-29,1672.0,1765.0,1615.0,1743.0,486300
2016-02-01,1762.0,1805.0,1720.0,1754.0,277000
2016-02-02,1723.0,1735.0,1666.0,1675.0,219500
2016-02-03,1643.0,1700.0,1625.0,1700.0,197500
2016-02-04,1672.0,1680.0,1536.0,1542.0,225200
2016-02-05,1502.0,1555.0,1482.0,1507.0,178800
2016-02-08,1489.0,1530.0,1463.0,1517.0,101800
2016-02-09,1441.0,1452.0,1385.0,1395.0,107500
2016-02-10,1428.0,1478.0,1406.0,1432.0,348400
2016-02-12,1353.0,1400.0,1281.0,1360.0,296500
2016-02-15,1390.0,1432.0,1381.0,1402.0,129300
2016-02-16,1399.0,1431.0,1360.0,1360.0,206000
2016-02-17,1397.0,1454.0,1396.0,1429.0,207400
2016-02-18,1450.0,1452.0,1406.0,1408.0,160700
2016-02-19,1398.0,1415.0,1377.0,1406.0,81000
2016-02-22,1390.0,1454.0,1376.0,1423.0,130600
2016-02-23,1449.0,1470.0,1403.0,1421.0,137600
2016-02-24,1421.0,1474.0,1404.0,1456.0,124000
2016-02-25,1442.0,1528.0,1442.0,1514.0,95900
2016-02-26,1537.0,1560.0,1528.0,1548.0,145500
2016-02-29,1555.0,1607.0,1551.0,1575.0,159200
2016-03-01,1565.0,1577.0,1530.0,1540.0,124900
2016-03-02,1577.0,1605.0,1563.0,1582.0,103400
2016-03-03,1578.0,1635.0,1575.0,1635.0,79600
2016-03-04,1620.0,1650.0,1610.0,1624.0,81700
2016-03-07,1618.0,1618.0,1573.0,1584.0,63000
2016-03-08,1550.0,1564.0,1504.0,1533.0,143800
2016-03-09,1524.0,1548.0,1494.0,1524.0,81600
2016-03-10,1527.0,1568.0,1523.0,1563.0,97900
2016-03-11,1533.0,1592.0,1533.0,1575.0,83100
2016-03-14,1600.0,1634.0,1576.0,1614.0,81000
2016-03-15,1595.0,1636.0,1590.0,1614.0,78500
2016-03-16,1621.0,1714.0,1615.0,1705.0,224600
2016-03-17,1695.0,1699.0,1648.0,1653.0,98400
2016-03-18,1656.0,1697.0,1643.0,1683.0,165500
2016-03-22,1710.0,1725.0,1676.0,1703.0,99900
2016-03-23,1712.0,1732.0,1693.0,1699.0,71200
2016-03-24,1696.0,1729.0,1683.0,1716.0,61500
2016-03-25,1717.0,1778.0,1700.0,1719.0,186100
2016-03-28,1737.0,1741.0,1695.0,1720.0,71500
2016-03-29,1698.0,1746.0,1695.0,1731.0,69200
2016-03-30,1733.0,1779.0,1718.0,1762.0,92700
2016-03-31,1762.0,1764.0,1691.0,1691.0,115300
2016-04-01,1714.0,1715.0,1609.0,1613.0,117200
2016-04-04,1628.0,1667.0,1610.0,1657.0,82900
2016-04-05,1640.0,1648.0,1583.0,1587.0,65700
2016-04-06,1558.0,1577.0,1535.0,1571.0,89900
2016-04-07,1576.0,1618.0,1560.0,1591.0,117000
2016-04-08,1551.0,1582.0,1531.0,1562.0,103700
2016-04-11,1564.0,1572.0,1536.0,1566.0,61500
2016-04-12,1554.0,1570.0,1527.0,1557.0,98100
2016-04-13,1569.0,1592.0,1562.0,1583.0,92200
2016-04-14,1600.0,1609.0,1580.0,1604.0,82400
2016-04-15,1605.0,1633.0,1596.0,1626.0,65800
2016-04-18,1600.0,1600.0,1543.0,1546.0,202400
2016-04-19,1567.0,1620.0,1565.0,1617.0,95600
2016-04-20,1630.0,1658.0,1620.0,1633.0,76400
2016-04-21,1655.0,1692.0,1655.0,1669.0,85600
2016-04-22,1680.0,1683.0,1610.0,1625.0,145300
2016-04-25,1630.0,1642.0,1577.0,1590.0,99400
2016-04-26,1585.0,1608.0,1550.0,1575.0,64500
2016-04-27,1583.0,1585.0,1560.0,1574.0,51000
2016-04-28,1585.0,1600.0,1560.0,1563.0,53000
2016-05-02,1507.0,1517.0,1486.0,1498.0,52500
2016-05-06,1509.0,1564.0,1509.0,1541.0,140300
2016-05-09,1530.0,1542.0,1504.0,1529.0,98300
2016-05-10,1528.0,1600.0,1528.0,1599.0,89300
2016-05-11,1582.0,1618.0,1580.0,1603.0,81500
2016-05-12,1606.0,1609.0,1525.0,1537.0,245400
2016-05-13,1559.0,1704.0,1547.0,1699.0,313300
2016-05-16,1725.0,1727.0,1610.0,1618.0,91500
2016-05-17,1619.0,1624.0,1597.0,1603.0,58500
2016-05-18,1587.0,1600.0,1498.0,1531.0,207700
2016-05-19,1501.0,1518.0,1486.0,1495.0,214300
2016-05-20,1481.0,1506.0,1472.0,1485.0,162300
2016-05-23,1492.0,1498.0,1461.0,1493.0,70900
2016-05-24,1488.0,1493.0,1464.0,1469.0,49600
2016-05-25,1469.0,1485.0,1405.0,1415.0,205700
2016-05-26,1425.0,1425.0,1380.0,1413.0,235000
2016-05-27,1417.0,1420.0,1392.0,1398.0,66600
2016-05-30,1428.0,1449.0,1410.0,1443.0,107000
2016-05-31,1464.0,1516.0,1455.0,1516.0,171000
2016-06-01,1506.0,1506.0,1470.0,1478.0,85200
2016-06-02,1472.0,1472.0,1414.0,1422.0,132600
2016-06-03,1422.0,1439.0,1411.0,1431.0,78400
2016-06-06,1420.0,1435.0,1412.0,1431.0,83300
2016-06-07,1441.0,1453.0,1430.0,1435.0,67700
2016-06-08,1435.0,1498.0,1435.0,1498.0,209100
2016-06-09,1503.0,1519.0,1475.0,1482.0,72400
2016-06-10,1492.0,1492.0,1428.0,1437.0,125700
2016-06-13,1422.0,1422.0,1386.0,1389.0,101800
2016-06-14,1380.0,1393.0,1357.0,1375.0,82300
2016-06-15,1361.0,1407.0,1361.0,1387.0,68000
2016-06-16,1387.0,1407.0,1342.0,1345.0,97700
2016-06-17,1362.0,1377.0,1314.0,1318.0,74100
2016-06-20,1345.0,1360.0,1331.0,1341.0,49400
2016-06-21,1344.0,1358.0,1318.0,1347.0,113300
2016-06-22,1347.0,1347.0,1292.0,1311.0,141200
2016-06-23,1310.0,1321.0,1284.0,1296.0,83800
2016-06-24,1353.0,1353.0,1206.0,1232.0,159300
2016-06-27,1210.0,1342.0,1210.0,1333.0,166300
2016-06-28,1313.0,1371.0,1308.0,1365.0,138000
2016-06-29,1365.0,1368.0,1340.0,1359.0,98000
2016-06-30,1386.0,1387.0,1335.0,1340.0,103200
2016-07-01,1348.0,1359.0,1340.0,1348.0,80900
2016-07-04,1355.0,1385.0,1351.0,1378.0,93900
2016-07-05,1395.0,1395.0,1359.0,1388.0,89000
2016-07-06,1363.0,1398.0,1335.0,1395.0,111000
2016-07-07,1385.0,1398.0,1377.0,1386.0,115000
2016-07-08,1380.0,1385.0,1287.0,1288.0,114900
2016-07-11,1288.0,1288.0,1288.0,1288.0,0
2016-07-12,1389.0,1389.0,1342.0,1350.0,95800
2016-07-13,1370.0,1376.0,1334.0,1341.0,55200
2016-07-14,1327.0,1374.0,1324.0,1362.0,50900
2016-07-15,1364.0,1378.0,1326.0,1331.0,69800
2016-07-19,1331.0,1359.0,1330.0,1357.0,69700
2016-07-20,1346.0,1388.0,1326.0,1385.0,155800
2016-07-21,1386.0,1389.0,1349.0,1356.0,73400
2016-07-22,1345.0,1354.0,1322.0,1331.0,58000
2016-07-25,1369.0,1369.0,1341.0,1355.0,77200
2016-07-26,1350.0,1350.0,1312.0,1314.0,81300
2016-07-27,1311.0,1326.0,1306.0,1312.0,121300
2016-07-28,1311.0,1363.0,1295.0,1355.0,193700
2016-07-29,1295.0,1486.0,1292.0,1478.0,503600
2016-08-01,1496.0,1545.0,1487.0,1526.0,294300
2016-08-02,1527.0,1602.0,1512.0,1581.0,230900
2016-08-03,1562.0,1601.0,1541.0,1545.0,242900
2016-08-04,1560.0,1561.0,1464.0,1469.0,158700
2016-08-05,1455.0,1456.0,1390.0,1416.0,142000
2016-08-08,1427.0,1430.0,1366.0,1376.0,102200
2016-08-09,1376.0,1376.0,1345.0,1359.0,108800
2016-08-10,1357.0,1377.0,1333.0,1362.0,65000
2016-08-12,1366.0,1380.0,1362.0,1372.0,48700
2016-08-15,1378.0,1396.0,1374.0,1390.0,66100
2016-08-16,1400.0,1429.0,1385.0,1385.0,124900
2016-08-17,1363.0,1372.0,1336.0,1357.0,126700
2016-08-18,1346.0,1366.0,1325.0,1351.0,161400
2016-08-19,1400.0,1400.0,1325.0,1352.0,210100
2016-08-22,1382.0,1513.0,1382.0,1499.0,296900
2016-08-23,1490.0,1525.0,1474.0,1502.0,184500
2016-08-24,1497.0,1500.0,1459.0,1464.0,109500
2016-08-25,1484.0,1484.0,1435.0,1460.0,89400
2016-08-26,1463.0,1503.0,1458.0,1490.0,173100
2016-08-29,1490.0,1510.0,1446.0,1486.0,145100
2016-08-30,1474.0,1486.0,1445.0,1461.0,122100
2016-08-31,1470.0,1495.0,1436.0,1493.0,126300
2016-09-01,1474.0,1474.0,1413.0,1420.0,134000
2016-09-02,1426.0,1435.0,1410.0,1422.0,104500
2016-09-05,1407.0,1418.0,1390.0,1399.0,142500
2016-09-06,1399.0,1445.0,1399.0,1442.0,90000
2016-09-07,1425.0,1447.0,1416.0,1442.0,92400
2016-09-08,1436.0,1460.0,1424.0,1445.0,107600
2016-09-09,1444.0,1467.0,1442.0,1458.0,75700
2016-09-12,1428.0,1441.0,1418.0,1431.0,92500
2016-09-13,1440.0,1476.0,1438.0,1467.0,99500
2016-09-14,1456.0,1456.0,1396.0,1398.0,125000
2016-09-15,1399.0,1405.0,1374.0,1391.0,113700
2016-09-16,1400.0,1428.0,1390.0,1426.0,110200
2016-09-20,1408.0,1413.0,1388.0,1402.0,103000
2016-09-21,1388.0,1421.0,1375.0,1420.0,103300
2016-09-23,1426.0,1428.0,1398.0,1423.0,114000
2016-09-26,1415.0,1422.0,1396.0,1399.0,78700
2016-09-27,1402.0,1448.0,1384.0,1447.0,81600
2016-09-28,1441.0,1455.0,1430.0,1453.0,70800
2016-09-29,1450.0,1459.0,1439.0,1449.0,58500
2016-09-30,1436.0,1461.0,1418.0,1455.0,109000
2016-10-03,1466.0,1516.0,1466.0,1492.0,125500
2016-10-04,1496.0,1500.0,1475.0,1492.0,69700
2016-10-05,1492.0,1513.0,1479.0,1495.0,96100
2016-10-06,1492.0,1516.0,1492.0,1505.0,87900
2016-10-07,1505.0,1514.0,1493.0,1499.0,77800
2016-10-11,1493.0,1529.0,1486.0,1514.0,116300
2016-10-12,1486.0,1533.0,1486.0,1502.0,103600
2016-10-13,1497.0,1553.0,1497.0,1545.0,115500
2016-10-14,1550.0,1586.0,1550.0,1574.0,160800
2016-10-17,1586.0,1592.0,1562.0,1566.0,130700
2016-10-18,1570.0,1578.0,1561.0,1567.0,138800
2016-10-19,1571.0,1597.0,1568.0,1581.0,163700
2016-10-20,1581.0,1586.0,1572.0,1577.0,115700
2016-10-21,1576.0,1580.0,1554.0,1558.0,119800
2016-10-24,1569.0,1631.0,1567.0,1582.0,210300
2016-10-25,1592.0,1608.0,1581.0,1600.0,128700
2016-10-26,1600.0,1631.0,1595.0,1619.0,130200
2016-10-27,1645.0,1666.0,1634.0,1642.0,129000
2016-10-28,1655.0,1692.0,1648.0,1673.0,327800
2016-10-31,1674.0,1690.0,1635.0,1657.0,128200
2016-11-01,1540.0,1545.0,1483.0,1492.0,345700
2016-11-02,1473.0,1474.0,1418.0,1440.0,179700
2016-11-04,1421.0,1433.0,1403.0,1413.0,114800
2016-11-07,1427.0,1470.0,1423.0,1462.0,108900
2016-11-08,1465.0,1469.0,1425.0,1426.0,79000
2016-11-09,1445.0,1454.0,1354.0,1379.0,111300
2016-11-10,1487.0,1489.0,1432.0,1444.0,95100
2016-11-11,1441.0,1459.0,1404.0,1408.0,87500
2016-11-14,1408.0,1433.0,1402.0,1412.0,69700
2016-11-15,1417.0,1417.0,1390.0,1410.0,56900
2016-11-16,1417.0,1433.0,1397.0,1430.0,91300
2016-11-17,1420.0,1437.0,1409.0,1429.0,70800
2016-11-18,1435.0,1445.0,1414.0,1428.0,82400
2016-11-21,1435.0,1450.0,1427.0,1449.0,50100
2016-11-22,1451.0,1508.0,1449.0,1499.0,125100
2016-11-24,1510.0,1517.0,1481.0,1486.0,73700
2016-11-25,1475.0,1480.0,1465.0,1470.0,50300
2016-11-28,1482.0,1496.0,1461.0,1490.0,70500
2016-11-29,1490.0,1495.0,1483.0,1492.0,45700
2016-11-30,1492.0,1492.0,1457.0,1464.0,105000
2016-12-01,1474.0,1493.0,1459.0,1466.0,87500
2016-12-02,1458.0,1479.0,1417.0,1428.0,126900
2016-12-05,1418.0,1432.0,1408.0,1424.0,83100
2016-12-06,1432.0,1467.0,1432.0,1454.0,114200
2016-12-07,1468.0,1477.0,1430.0,1463.0,71000
2016-12-08,1476.0,1476.0,1432.0,1446.0,77400
2016-12-09,1441.0,1454.0,1420.0,1454.0,119900
2016-12-12,1454.0,1460.0,1433.0,1456.0,67500
2016-12-13,1455.0,1455.0,1423.0,1446.0,145500
2016-12-14,1439.0,1451.0,1434.0,1448.0,79700
2016-12-15,1447.0,1469.0,1441.0,1456.0,111300
2016-12-16,1466.0,1472.0,1444.0,1450.0,95200
2016-12-19,1460.0,1468.0,1446.0,1467.0,66300
2016-12-20,1465.0,1465.0,1439.0,1457.0,73200
2016-12-21,1459.0,1462.0,1418.0,1420.0,83700
2016-12-22,1420.0,1421.0,1396.0,1400.0,77400
2016-12-26,1400.0,1435.0,1392.0,1425.0,81900
2016-12-27,1412.0,1426.0,1398.0,1415.0,48100
2016-12-28,1414.0,1430.0,1414.0,1417.0,32900
2016-12-29,1405.0,1410.0,1395.0,1409.0,63600
2016-12-30,1408.0,1409.0,1388.0,1400.0,53600
2017-01-04,1414.0,1453.0,1411.0,1440.0,102700
2017-01-05,1449.0,1463.0,1435.0,1456.0,69700
2017-01-06,1457.0,1504.0,1457.0,1502.0,98500
2017-01-10,1502.0,1516.0,1476.0,1488.0,62300
2017-01-11,1518.0,1533.0,1492.0,1492.0,93800
2017-01-12,1488.0,1491.0,1447.0,1461.0,77800
2017-01-13,1455.0,1479.0,1455.0,1479.0,31900
2017-01-16,1471.0,1482.0,1458.0,1469.0,22900
2017-01-17,1464.0,1467.0,1433.0,1435.0,49200
2017-01-18,1434.0,1445.0,1420.0,1442.0,29400
2017-01-19,1450.0,1473.0,1448.0,1451.0,39000
2017-01-20,1442.0,1449.0,1422.0,1440.0,44000
2017-01-23,1431.0,1440.0,1421.0,1429.0,40200
2017-01-24,1429.0,1460.0,1426.0,1445.0,53700
2017-01-25,1465.0,1473.0,1446.0,1457.0,45900
2017-01-26,1473.0,1477.0,1460.0,1470.0,39900
2017-01-27,1470.0,1485.0,1459.0,1476.0,44500
2017-01-30,1464.0,1488.0,1457.0,1478.0,48800
2017-01-31,1467.0,1480.0,1460.0,1469.0,22400
2017-02-01,1479.0,1503.0,1459.0,1492.0,128500
2017-02-02,1492.0,1492.0,1443.0,1451.0,47700
2017-02-03,1451.0,1456.0,1426.0,1448.0,54000
2017-02-06,1464.0,1464.0,1440.0,1449.0,57300
2017-02-07,1435.0,1495.0,1431.0,1485.0,82200
2017-02-08,1485.0,1512.0,1466.0,1508.0,100600
2017-02-09,1505.0,1507.0,1473.0,1501.0,90300
2017-02-10,1510.0,1510.0,1456.0,1495.0,104300
2017-02-13,1510.0,1545.0,1500.0,1514.0,84000
2017-02-14,1521.0,1534.0,1490.0,1491.0,42200
2017-02-15,1512.0,1535.0,1512.0,1523.0,48300
2017-02-16,1519.0,1524.0,1491.0,1504.0,41200
2017-02-17,1492.0,1524.0,1487.0,1517.0,61700
2017-02-20,1520.0,1539.0,1513.0,1534.0,58700
2017-02-21,1540.0,1584.0,1537.0,1561.0,81400
2017-02-22,1562.0,1584.0,1546.0,1580.0,54700
2017-02-23,1583.0,1588.0,1568.0,1582.0,29600
2017-02-24,1576.0,1579.0,1561.0,1566.0,29900
2017-02-27,1555.0,1577.0,1552.0,1568.0,49800
2017-02-28,1568.0,1580.0,1555.0,1561.0,37700
2017-03-01,1560.0,1578.0,1557.0,1576.0,62600
2017-03-02,1584.0,1595.0,1573.0,1584.0,31100
2017-03-03,1575.0,1589.0,1563.0,1571.0,41900
2017-03-06,1560.0,1597.0,1560.0,1587.0,57400
2017-03-07,1582.0,1592.0,1576.0,1579.0,24100
2017-03-08,1580.0,1580.0,1562.0,1562.0,32100
2017-03-09,1561.0,1567.0,1542.0,1554.0,38700
2017-03-10,1592.0,1598.0,1560.0,1574.0,73300
2017-03-13,1571.0,1594.0,1567.0,1573.0,36200
2017-03-14,1575.0,1583.0,1564.0,1574.0,26000
2017-03-15,1565.0,1575.0,1558.0,1564.0,24400
2017-03-16,1553.0,1570.0,1543.0,1567.0,34500
2017-03-17,1560.0,1576.0,1556.0,1574.0,26700
2017-03-21,1565.0,1604.0,1563.0,1590.0,75200
2017-03-22,1590.0,1614.0,1575.0,1582.0,72800
2017-03-23,1586.0,1604.0,1564.0,1584.0,63600
2017-03-24,1587.0,1640.0,1580.0,1607.0,120600
2017-03-27,1599.0,1608.0,1587.0,1595.0,42300
2017-03-28,1611.0,1668.0,1611.0,1655.0,92700
2017-03-29,1660.0,1663.0,1633.0,1651.0,74300
2017-03-30,1660.0,1660.0,1642.0,1644.0,71900
2017-03-31,1669.0,1678.0,1644.0,1645.0,118500
2017-04-03,1664.0,1707.0,1661.0,1671.0,89100
2017-04-04,1671.0,1680.0,1626.0,1634.0,70500
2017-04-05,1624.0,1643.0,1597.0,1608.0,67500
2017-04-06,1603.0,1620.0,1571.0,1571.0,64500
2017-04-07,1579.0,1590.0,1563.0,1565.0,67300
2017-04-10,1562.0,1580.0,1542.0,1554.0,87900
2017-04-11,1543.0,1582.0,1541.0,1551.0,67400
2017-04-12,1534.0,1551.0,1520.0,1548.0,65100
2017-04-13,1530.0,1547.0,1511.0,1538.0,59800
2017-04-14,1522.0,1530.0,1456.0,1459.0,124900
2017-04-17,1466.0,1490.0,1465.0,1484.0,100100
2017-04-18,1494.0,1510.0,1481.0,1500.0,76300
2017-04-19,1485.0,1524.0,1481.0,1511.0,65500
2017-04-20,1491.0,1513.0,1477.0,1494.0,96700
2017-04-21,1501.0,1510.0,1474.0,1491.0,67900
2017-04-24,1499.0,1506.0,1482.0,1482.0,103800
2017-04-25,1484.0,1493.0,1464.0,1484.0,121100
2017-04-26,1488.0,1500.0,1479.0,1497.0,104100
2017-04-27,1503.0,1515.0,1490.0,1514.0,91300
2017-04-28,1507.0,1522.0,1490.0,1522.0,73800
2017-05-01,1507.0,1514.0,1492.0,1508.0,104100
2017-05-02,1515.0,1533.0,1502.0,1517.0,78500
2017-05-08,1521.0,1558.0,1521.0,1552.0,102500
2017-05-09,1560.0,1578.0,1543.0,1565.0,95500
2017-05-10,1554.0,1569.0,1539.0,1555.0,117600
2017-05-11,1564.0,1579.0,1560.0,1574.0,82900
2017-05-12,1568.0,1572.0,1551.0,1560.0,44300
2017-05-15,1560.0,1564.0,1490.0,1560.0,81600
2017-05-16,1594.0,1689.0,1591.0,1673.0,296800
2017-05-17,1680.0,1722.0,1661.0,1721.0,186900
2017-05-18,1700.0,1739.0,1689.0,1733.0,173100
2017-05-19,1739.0,1768.0,1714.0,1733.0,140500
2017-05-22,1719.0,1737.0,1685.0,1723.0,114500
2017-05-23,1730.0,1739.0,1698.0,1715.0,87800
2017-05-24,1722.0,1752.0,1707.0,1708.0,93300
2017-05-25,1701.0,1731.0,1691.0,1710.0,97600
2017-05-26,1706.0,1712.0,1666.0,1670.0,83100
2017-05-29,1662.0,1683.0,1634.0,1675.0,124300
2017-05-30,1684.0,1708.0,1682.0,1692.0,90600
2017-05-31,1687.0,1729.0,1686.0,1699.0,107500
2017-06-01,1710.0,1746.0,1699.0,1738.0,121200
2017-06-02,1744.0,1770.0,1734.0,1739.0,113400
2017-06-05,1739.0,1762.0,1721.0,1749.0,67400
2017-06-06,1756.0,1757.0,1720.0,1722.0,81600
2017-06-07,1706.0,1733.0,1701.0,1723.0,63600
2017-06-08,1718.0,1746.0,1678.0,1734.0,168400
2017-06-09,1717.0,1753.0,1713.0,1717.0,146700
2017-06-12,1700.0,1715.0,1672.0,1704.0,90000
2017-06-13,1700.0,1720.0,1693.0,1703.0,65900
2017-06-14,1717.0,1732.0,1704.0,1704.0,46400
2017-06-15,1705.0,1749.0,1700.0,1731.0,95900
2017-06-16,1740.0,1788.0,1739.0,1752.0,129600
2017-06-19,1750.0,1778.0,1745.0,1754.0,79500
2017-06-20,1764.0,1791.0,1760.0,1770.0,149500
2017-06-21,1770.0,1793.0,1750.0,1750.0,122800
2017-06-22,1757.0,1757.0,1721.0,1737.0,131100
2017-06-23,1731.0,1735.0,1712.0,1718.0,55500
2017-06-26,1712.0,1733.0,1704.0,1729.0,59700
2017-06-27,1735.0,1759.0,1720.0,1758.0,93900
2017-06-28,1765.0,1768.0,1718.0,1720.0,86400
2017-06-29,1715.0,1733.0,1696.0,1712.0,106700
2017-06-30,1694.0,1694.0,1660.0,1685.0,169800
2017-07-03,1680.0,1700.0,1673.0,1676.0,120100
2017-07-04,1684.0,1698.0,1664.0,1670.0,177400
2017-07-05,1665.0,1706.0,1644.0,1701.0,211900
2017-07-06,1693.0,1713.0,1680.0,1691.0,117100
2017-07-07,1682.0,1703.0,1672.0,1688.0,86700
2017-07-10,1702.0,1712.0,1690.0,1706.0,78400
2017-07-11,1706.0,1733.0,1693.0,1731.0,81400
2017-07-12,1731.0,1743.0,1699.0,1706.0,137100
2017-07-13,1714.0,1729.0,1706.0,1717.0,51500
2017-07-14,1717.0,1750.0,1717.0,1738.0,55800
2017-07-17,1738.0,1738.0,1738.0,1738.0,0
2017-07-18,1732.0,1763.0,1732.0,1748.0,84600
2017-07-19,1741.0,1760.0,1735.0,1738.0,52200
2017-07-20,1732.0,1756.0,1730.0,1739.0,52500
2017-07-21,1727.0,1736.0,1721.0,1732.0,54500
2017-07-24,1726.0,1737.0,1720.0,1731.0,59000
2017-07-25,1718.0,1725.0,1709.0,1717.0,38900
2017-07-26,1720.0,1757.0,1720.0,1751.0,66500
2017-07-27,1758.0,1790.0,1755.0,1768.0,91000
2017-07-28,1785.0,1786.0,1697.0,1777.0,87800
2017-07-31,1800.0,1833.0,1724.0,1781.0,244200
2017-08-01,2021.0,2047.0,1940.0,1991.0,874500
2017-08-02,2000.0,2000.0,1952.0,1978.0,231600
2017-08-03,1975.0,1995.0,1960.0,1990.0,212500
2017-08-04,1983.0,2027.0,1975.0,2022.0,198100
2017-08-07,2002.0,2007.0,1956.0,1981.0,213900
2017-08-08,1983.0,1999.0,1937.0,1950.0,165300
2017-08-09,1949.0,1957.0,1867.0,1902.0,256600
2017-08-10,1923.0,1960.0,1915.0,1931.0,126500
2017-08-11,1931.0,1931.0,1931.0,1931.0,0
2017-08-14,1928.0,1969.0,1923.0,1931.0,204500
2017-08-15,1918.0,1944.0,1893.0,1912.0,119400
2017-08-16,1902.0,1914.0,1886.0,1887.0,117700
2017-08-17,1887.0,1901.0,1877.0,1879.0,80800
2017-08-18,1861.0,1864.0,1842.0,1843.0,74100
2017-08-21,1843.0,1848.0,1796.0,1821.0,176800
2017-08-22,1828.0,1835.0,1815.0,1828.0,71500
2017-08-23,1831.0,1853.0,1828.0,1840.0,146800
2017-08-24,1844.0,1878.0,1840.0,1843.0,87900
2017-08-25,1836.0,1856.0,1829.0,1852.0,70700
2017-08-28,1848.0,1854.0,1825.0,1839.0,43700
2017-08-29,1833.0,1888.0,1830.0,1888.0,107000
2017-08-30,1903.0,1913.0,1879.0,1906.0,151600
2017-08-31,1938.0,1966.0,1932.0,1957.0,153900
2017-09-01,1957.0,1958.0,1910.0,1933.0,91200
2017-09-04,1930.0,1941.0,1871.0,1876.0,103600
2017-09-05,1879.0,1890.0,1841.0,1850.0,140400
2017-09-06,1840.0,1903.0,1832.0,1898.0,115600
2017-09-07,1898.0,1906.0,1881.0,1898.0,74400
2017-09-08,1883.0,1912.0,1881.0,1898.0,70600
2017-09-11,1908.0,1930.0,1892.0,1898.0,63700
2017-09-12,1920.0,1922.0,1899.0,1904.0,50900
2017-09-13,1904.0,1945.0,1898.0,1943.0,71000
2017-09-14,1927.0,1941.0,1907.0,1917.0,88300
2017-09-15,1913.0,1917.0,1895.0,1912.0,78800
2017-09-18,1912.0,1912.0,1912.0,1912.0,0
2017-09-19,1903.0,1924.0,1903.0,1923.0,80200
2017-09-20,1920.0,1921.0,1873.0,1879.0,136200
2017-09-21,1873.0,1873.0,1844.0,1849.0,140100
2017-09-22,1872.0,1872.0,1824.0,1844.0,100700
2017-09-25,1857.0,1863.0,1845.0,1851.0,46400
2017-09-26,1844.0,1912.0,1839.0,1893.0,203300
2017-09-27,1881.0,1902.0,1862.0,1894.0,103800
2017-09-28,1900.0,1936.0,1878.0,1936.0,89600
2017-09-29,1940.0,1973.0,1932.0,1967.0,198800
2017-10-02,1989.0,2019.0,1986.0,2008.0,223800
2017-10-03,2005.0,2025.0,1994.0,2005.0,168400
2017-10-04,2010.0,2023.0,1995.0,2015.0,171100
2017-10-05,2002.0,2045.0,1995.0,2040.0,177600
2017-10-06,2047.0,2057.0,2024.0,2039.0,123100
2017-10-09,2039.0,2039.0,2039.0,2039.0,0
2017-10-10,2040.0,2068.0,1992.0,1993.0,221200
2017-10-11,1967.0,1967.0,1889.0,1916.0,276300
2017-10-12,1931.0,1952.0,1928.0,1935.0,170400
2017-10-13,1949.0,2000.0,1944.0,1993.0,154700
2017-10-16,1994.0,2000.0,1975.0,1989.0,73400
2017-10-17,1981.0,1999.0,1973.0,1999.0,81800
2017-10-18,1999.0,2023.0,1966.0,1975.0,97500
2017-10-19,2000.0,2000.0,1957.0,1967.0,105300
2017-10-20,1960.0,1989.0,1946.0,1988.0,98100
2017-10-23,2000.0,2006.0,1952.0,1965.0,114800
2017-10-24,1975.0,1993.0,1963.0,1993.0,88300
2017-10-25,1980.0,2030.0,1967.0,2007.0,281000
2017-10-26,2030.0,2082.0,2019.0,2042.0,1003200
2017-10-27,2065.0,2086.0,2045.0,2078.0,412700
2017-10-30,2087.0,2124.0,2069.0,2085.0,421900
2017-10-31,2080.0,2090.0,2050.0,2083.0,192600
2017-11-01,2130.0,2249.0,2116.0,2226.0,657200
2017-11-02,2223.0,2262.0,2211.0,2236.0,355800
2017-11-03,2236.0,2236.0,2236.0,2236.0,0
2017-11-06,2246.0,2311.0,2245.0,2300.0,276600
2017-11-07,2300.0,2369.0,2298.0,2345.0,341300
2017-11-08,2350.0,2355.0,2301.0,2342.0,214500
2017-11-09,2344.0,2372.0,2300.0,2327.0,307700
2017-11-10,2276.0,2309.0,2264.0,2280.0,127300
2017-11-13,2259.0,2280.0,2247.0,2248.0,120000
2017-11-14,2258.0,2271.0,2215.0,2215.0,109900
2017-11-15,2220.0,2233.0,2143.0,2155.0,119900
2017-11-16,2105.0,2179.0,2096.0,2167.0,232200
2017-11-17,2197.0,2216.0,2133.0,2150.0,148100
2017-11-20,2141.0,2173.0,2136.0,2142.0,122900
2017-11-21,2165.0,2223.0,2157.0,2187.0,301700
2017-11-22,2214.0,2225.0,2144.0,2161.0,152500
2017-11-23,2161.0,2161.0,2161.0,2161.0,0
2017-11-24,2131.0,2154.0,2113.0,2143.0,111200
2017-11-27,2146.0,2169.0,2099.0,2105.0,135200
2017-11-28,2100.0,2121.0,2072.0,2115.0,155900
2017-11-29,2128.0,2148.0,2113.0,2134.0,129000
2017-11-30,2148.0,2158.0,2114.0,2149.0,118200
2017-12-01,2150.0,2180.0,2139.0,2173.0,223800
2017-12-04,2173.0,2202.0,2119.0,2121.0,138700
2017-12-05,2131.0,2158.0,2118.0,2154.0,115500
2017-12-06,2138.0,2163.0,2120.0,2122.0,85200
2017-12-07,2160.0,2192.0,2150.0,2156.0,208300
2017-12-08,2177.0,2213.0,2164.0,2208.0,216900
2017-12-11,2220.0,2255.0,2138.0,2229.0,310400
2017-12-12,2250.0,2286.0,2216.0,2218.0,235200
2017-12-13,2245.0,2273.0,2187.0,2195.0,168800
2017-12-14,2205.0,2212.0,2180.0,2190.0,118400
2017-12-15,2181.0,2238.0,2181.0,2192.0,330200
2017-12-18,2211.0,2217.0,2144.0,2147.0,134400
2017-12-19,2120.0,2139.0,2102.0,2106.0,171400
2017-12-20,2124.0,2124.0,2069.0,2071.0,182600
2017-12-21,2069.0,2091.0,2050.0,2055.0,155000
2017-12-22,2056.0,2097.0,2050.0,2078.0,157400
2017-12-25,2075.0,2078.0,2057.0,2071.0,65400
2017-12-26,2072.0,2094.0,2052.0,2052.0,63100
2017-12-27,2041.0,2108.0,2033.0,2106.0,128500
2017-12-28,2106.0,2138.0,2090.0,2115.0,203500
2017-12-29,2113.0,2125.0,2100.0,2116.0,70800
2018-01-01,2116.0,2116.0,2116.0,2116.0,0
2018-01-02,2116.0,2116.0,2116.0,2116.0,0
2018-01-03,2116.0,2116.0,2116.0,2116.0,0
2018-01-04,2164.0,2191.0,2130.0,2136.0,203400
2018-01-05,2154.0,2184.0,2135.0,2183.0,109900
2018-01-08,2183.0,2183.0,2183.0,2183.0,0
2018-01-09,2178.0,2209.0,2160.0,2198.0,190500
2018-01-10,2200.0,2203.0,2180.0,2184.0,99900
2018-01-11,2181.0,2195.0,2141.0,2154.0,134600
2018-01-12,2136.0,2194.0,2065.0,2066.0,188200
2018-01-15,2058.0,2068.0,2014.0,2032.0,199500
2018-01-16,2052.0,2127.0,2052.0,2120.0,212200
2018-01-17,2120.0,2121.0,2064.0,2074.0,93200
2018-01-18,2111.0,2153.0,2104.0,2121.0,187100
2018-01-19,2111.0,2170.0,2111.0,2127.0,186200
2018-01-22,2129.0,2156.0,2119.0,2127.0,104800
2018-01-23,2146.0,2204.0,2146.0,2180.0,150600
2018-01-24,2194.0,2199.0,2174.0,2176.0,125200
2018-01-25,2167.0,2168.0,2123.0,2123.0,112500
2018-01-26,2151.0,2231.0,2144.0,2215.0,253100
2018-01-29,2245.0,2271.0,2211.0,2223.0,219600
2018-01-30,2220.0,2220.0,2178.0,2195.0,148700
2018-01-31,2195.0,2231.0,2164.0,2165.0,160300
2018-02-01,2186.0,2349.0,2180.0,2343.0,467100
2018-02-02,2341.0,2451.0,2326.0,2444.0,383000
2018-02-05,2428.0,2475.0,2397.0,2411.0,266700
2018-02-06,2345.0,2346.0,2211.0,2252.0,228000
2018-02-07,2286.0,2300.0,2202.0,2202.0,174900
2018-02-08,2214.0,2249.0,2204.0,2228.0,124600
2018-02-09,2120.0,2173.0,2112.0,2160.0,145100
2018-02-12,2160.0,2160.0,2160.0,2160.0,0
2018-02-13,2187.0,2214.0,2150.0,2173.0,206400
2018-02-14,2187.0,2215.0,2165.0,2192.0,142600
2018-02-15,2210.0,2227.0,2187.0,2210.0,152900
2018-02-16,2229.0,2271.0,2225.0,2254.0,166900
2018-02-19,2255.0,2311.0,2240.0,2287.0,209700
2018-02-20,2287.0,2329.0,2278.0,2303.0,367000
2018-02-21,2300.0,2320.0,2271.0,2281.0,152000
2018-02-22,2266.0,2289.0,2254.0,2276.0,67200
2018-02-23,2276.0,2287.0,2264.0,2274.0,45200
2018-02-26,2294.0,2296.0,2270.0,2289.0,85100
2018-02-27,2305.0,2316.0,2281.0,2295.0,133700
2018-02-28,2267.0,2308.0,2260.0,2290.0,216500
2018-03-01,2291.0,2294.0,2237.0,2244.0,89900
2018-03-02,2184.0,2210.0,2180.0,2200.0,84400
2018-03-05,2178.0,2211.0,2176.0,2194.0,105900
2018-03-06,2223.0,2285.0,2217.0,2260.0,144700
2018-03-07,2233.0,2259.0,2206.0,2210.0,160100
2018-03-08,2210.0,2226.0,2195.0,2203.0,120700
2018-03-09,2222.0,2225.0,2148.0,2150.0,110900
2018-03-12,2179.0,2234.0,2153.0,2231.0,233400
2018-03-13,2209.0,2315.0,2209.0,2264.0,211400
2018-03-14,2241.0,2267.0,2199.0,2237.0,96400
2018-03-15,2251.0,2302.0,2222.0,2228.0,258600
2018-03-16,2221.0,2231.0,2172.0,2179.0,96700
2018-03-19,2165.0,2165.0,2102.0,2116.0,91600
2018-03-20,2095.0,2096.0,2068.0,2072.0,85300
2018-03-21,2072.0,2072.0,2072.0,2072.0,0
2018-03-22,2060.0,2113.0,2060.0,2093.0,92100
2018-03-23,2055.0,2075.0,2004.0,2011.0,128200
2018-03-26,1998.0,2011.0,1951.0,1998.0,66900
2018-03-27,2027.0,2068.0,2022.0,2064.0,115900
2018-03-28,2038.0,2045.0,1991.0,2035.0,81900
2018-03-29,2065.0,2086.0,2060.0,2081.0,118300
2018-03-30,2104.0,2139.0,2060.0,2087.0,95400
2018-04-02,2078.0,2086.0,2037.0,2039.0,104700
2018-04-03,2009.0,2062.0,1997.0,2044.0,95700
2018-04-04,2075.0,2147.0,2059.0,2135.0,123800
2018-04-05,2162.0,2162.0,2102.0,2153.0,96600
2018-04-06,2159.0,2211.0,2152.0,2194.0,123300
2018-04-09,2198.0,2226.0,2195.0,2207.0,93000
2018-04-10,2177.0,2228.0,2169.0,2206.0,87100
2018-04-11,2183.0,2201.0,2162.0,2188.0,107700
2018-04-12,2190.0,2266.0,2190.0,2247.0,169900
2018-04-13,2256.0,2318.0,2226.0,2293.0,253900
2018-04-16,2293.0,2345.0,2278.0,2314.0,289100
2018-04-17,2330.0,2380.0,2304.0,2307.0,261900
2018-04-18,2280.0,2289.0,2213.0,2255.0,182600
2018-04-19,2255.0,2390.0,2252.0,2356.0,383900
2018-04-20,2344.0,2397.0,2325.0,2350.0,174100
2018-04-23,2330.0,2330.0,2278.0,2289.0,133700
2018-04-24,2302.0,2315.0,2283.0,2300.0,86600
2018-04-25,2212.0,2304.0,2050.0,2285.0,291000
2018-04-26,2296.0,2302.0,2223.0,2223.0,226000
2018-04-27,2231.0,2262.0,2219.0,2248.0,106900
2018-04-30,2248.0,2248.0,2248.0,2248.0,0
2018-05-01,2230.0,2234.0,2197.0,2208.0,150500
2018-05-02,2177.0,2194.0,2126.0,2164.0,210400
2018-05-03,2164.0,2164.0,2164.0,2164.0,0
2018-05-04,2164.0,2164.0,2164.0,2164.0,0
2018-05-07,2153.0,2174.0,2121.0,2145.0,109300
2018-05-08,2141.0,2173.0,2133.0,2141.0,126100
2018-05-09,2121.0,2134.0,2094.0,2103.0,186000
2018-05-10,2100.0,2109.0,2081.0,2098.0,109300
2018-05-11,2093.0,2112.0,2087.0,2110.0,102800
2018-05-14,2107.0,2114.0,2082.0,2105.0,158400
2018-05-15,2134.0,2145.0,2086.0,2094.0,206300
2018-05-16,2086.0,2228.0,2086.0,2140.0,277200
2018-05-17,2162.0,2281.0,2150.0,2275.0,235000
2018-05-18,2264.0,2311.0,2262.0,2299.0,153700
2018-05-21,2305.0,2368.0,2300.0,2361.0,146800
2018-05-22,2348.0,2370.0,2278.0,2304.0,165800
2018-05-23,2306.0,2351.0,2295.0,2322.0,120500
2018-05-24,2316.0,2409.0,2316.0,2386.0,236600
2018-05-25,2413.0,2438.0,2373.0,2403.0,234500
2018-05-28,2406.0,2416.0,2336.0,2340.0,117300
2018-05-29,2347.0,2422.0,2347.0,2396.0,169300
2018-05-30,2359.0,2409.0,2354.0,2385.0,261500
2018-05-31,2390.0,2399.0,2307.0,2327.0,490600
2018-06-01,2286.0,2327.0,2180.0,2265.0,392700
2018-06-04,2298.0,2308.0,2272.0,2292.0,166300
2018-06-05,2292.0,2320.0,2257.0,2297.0,92100
2018-06-06,2278.0,2335.0,2261.0,2332.0,88900
2018-06-07,2320.0,2398.0,2312.0,2337.0,146000
2018-06-08,2333.0,2362.0,2273.0,2298.0,115700
2018-06-11,2298.0,2375.0,2298.0,2363.0,98200
2018-06-12,2352.0,2400.0,2345.0,2359.0,154400
2018-06-13,2369.0,2432.0,2359.0,2360.0,163200
2018-06-14,2310.0,2360.0,2285.0,2350.0,202100
2018-06-15,2339.0,2347.0,2279.0,2299.0,234700
2018-06-18,2290.0,2331.0,2284.0,2310.0,120100
2018-06-19,2307.0,2336.0,2300.0,2310.0,63500
2018-06-20,2306.0,2306.0,2228.0,2257.0,141400
2018-06-21,2247.0,2249.0,2181.0,2191.0,137000
2018-06-22,2187.0,2194.0,2141.0,2165.0,169800
2018-06-25,2165.0,2165.0,2077.0,2086.0,109600
2018-06-26,2078.0,2087.0,2040.0,2070.0,117600
2018-06-27,2070.0,2133.0,2054.0,2128.0,178400
2018-06-28,2120.0,2125.0,2055.0,2085.0,106300
2018-06-29,2073.0,2090.0,2053.0,2072.0,70800
2018-07-02,2086.0,2091.0,2011.0,2016.0,129700
2018-07-03,2015.0,2027.0,1963.0,1984.0,80100
2018-07-04,1958.0,2006.0,1956.0,1977.0,77100
2018-07-05,1977.0,1977.0,1898.0,1908.0,94500
2018-07-06,1919.0,1945.0,1890.0,1916.0,71700
2018-07-09,1910.0,1941.0,1891.0,1922.0,135000
2018-07-10,1911.0,1932.0,1872.0,1872.0,175600
2018-07-11,1882.0,1937.0,1882.0,1887.0,180500
2018-07-12,1880.0,1901.0,1861.0,1885.0,74300
2018-07-13,1901.0,1924.0,1891.0,1904.0,83800
2018-07-16,1904.0,1904.0,1904.0,1904.0,0
2018-07-17,1914.0,1975.0,1897.0,1965.0,236500
2018-07-18,1967.0,1995.0,1932.0,1940.0,154100
2018-07-19,1950.0,1950.0,1908.0,1911.0,75700
2018-07-20,1912.0,1989.0,1903.0,1948.0,243500
2018-07-23,1868.0,1887.0,1800.0,1855.0,447700
2018-07-24,1877.0,1942.0,1876.0,1905.0,197400
2018-07-25,1888.0,1898.0,1868.0,1896.0,119800
2018-07-26,1896.0,1915.0,1854.0,1912.0,120800
2018-07-27,1920.0,1945.0,1895.0,1931.0,102700
2018-07-30,1922.0,1953.0,1893.0,1953.0,137400
2018-07-31,1952.0,1961.0,1836.0,1836.0,239100
2018-08-01,2036.0,2136.0,1989.0,2080.0,793900
2018-08-02,2130.0,2149.0,1998.0,2009.0,372400
2018-08-03,2017.0,2058.0,1992.0,2001.0,160200
2018-08-06,1988.0,1997.0,1951.0,1966.0,90300
2018-08-07,1966.0,1981.0,1944.0,1979.0,62600
2018-08-08,1990.0,2064.0,1990.0,2021.0,117400
2018-08-09,2003.0,2110.0,1999.0,2095.0,275600
2018-08-10,2089.0,2124.0,2059.0,2074.0,165000
2018-08-13,2064.0,2080.0,2009.0,2020.0,92200
2018-08-14,2070.0,2102.0,2048.0,2072.0,81600
2018-08-15,2098.0,2141.0,2085.0,2115.0,141700
2018-08-16,2082.0,2134.0,2066.0,2077.0,101000
2018-08-17,2070.0,2083.0,2050.0,2065.0,57000
2018-08-20,2056.0,2073.0,2029.0,2033.0,62700
2018-08-21,2026.0,2106.0,2024.0,2068.0,280600
2018-08-22,2073.0,2136.0,2073.0,2121.0,94800
2018-08-23,2150.0,2216.0,2148.0,2199.0,161000
2018-08-24,2249.0,2279.0,2210.0,2242.0,141200
2018-08-27,2219.0,2219.0,2175.0,2207.0,89900
2018-08-28,2220.0,2222.0,2189.0,2194.0,62900
2018-08-29,2190.0,2204.0,2171.0,2171.0,113300
2018-08-30,2191.0,2197.0,2158.0,2178.0,63600
2018-08-31,2152.0,2218.0,2152.0,2214.0,86800
2018-09-03,2228.0,2266.0,2222.0,2262.0,87200
2018-09-04,2283.0,2310.0,2255.0,2297.0,98700
2018-09-05,2288.0,2289.0,2250.0,2276.0,62000
2018-09-06,2260.0,2260.0,2233.0,2252.0,68100
2018-09-07,2243.0,2283.0,2234.0,2281.0,68800
2018-09-10,2321.0,2373.0,2318.0,2321.0,103900
2018-09-11,2299.0,2341.0,2273.0,2335.0,90200
2018-09-12,2342.0,2342.0,2292.0,2337.0,58300
2018-09-13,2319.0,2373.0,2315.0,2371.0,76300
2018-09-14,2381.0,2410.0,2379.0,2385.0,102100
2018-09-17,2385.0,2385.0,2385.0,2385.0,0
2018-09-18,2363.0,2381.0,2331.0,2349.0,164700
2018-09-19,2320.0,2394.0,2309.0,2382.0,159000
2018-09-20,2395.0,2420.0,2358.0,2416.0,118300
2018-09-21,2416.0,2468.0,2403.0,2451.0,145500
2018-09-24,2451.0,2451.0,2451.0,2451.0,0
2018-09-25,2459.0,2485.0,2435.0,2485.0,107500
2018-09-26,2421.0,2495.0,2404.0,2493.0,101500
2018-09-27,2477.0,2545.0,2474.0,2489.0,128900
2018-09-28,2501.0,2529.0,2465.0,2487.0,72400
2018-10-01,2450.0,2465.0,2427.0,2441.0,64200
2018-10-02,2453.0,2477.0,2427.0,2441.0,103200
2018-10-03,2430.0,2462.0,2414.0,2425.0,204400
2018-10-04,2459.0,2571.0,2408.0,2526.0,266600
2018-10-05,2500.0,2510.0,2424.0,2427.0,168400
2018-10-08,2427.0,2427.0,2427.0,2427.0,0
2018-10-09,2422.0,2465.0,2401.0,2405.0,162000
2018-10-10,2455.0,2517.0,2401.0,2438.0,184000
2018-10-11,2397.0,2419.0,2358.0,2385.0,217200
2018-10-12,2375.0,2433.0,2370.0,2414.0,162700
2018-10-15,2389.0,2433.0,2386.0,2390.0,112400
2018-10-16,2366.0,2408.0,2365.0,2386.0,107100
2018-10-17,2408.0,2463.0,2400.0,2460.0,151700
2018-10-18,2482.0,2590.0,2469.0,2587.0,262800
2018-10-19,2501.0,2610.0,2499.0,2609.0,391700
2018-10-22,2550.0,2550.0,2454.0,2487.0,256900
2018-10-23,2488.0,2519.0,2449.0,2449.0,126400
2018-10-24,2466.0,2492.0,2442.0,2471.0,113400
2018-10-25,2427.0,2460.0,2395.0,2396.0,160600
2018-10-26,2414.0,2415.0,2275.0,2290.0,152600
2018-10-29,2340.0,2361.0,2272.0,2277.0,205900
2018-10-30,2310.0,2439.0,2299.0,2338.0,881900
2018-10-31,2357.0,2391.0,2316.0,2379.0,226100
2018-11-01,2142.0,2142.0,1879.0,1902.0,579400
2018-11-02,1941.0,2099.0,1941.0,2054.0,490400
2018-11-05,2040.0,2118.0,2015.0,2061.0,373400
2018-11-06,2068.0,2086.0,2039.0,2057.0,288000
2018-11-07,2063.0,2113.0,2051.0,2055.0,190300
2018-11-08,2080.0,2149.0,2077.0,2143.0,118000
2018-11-09,2107.0,2188.0,2100.0,2180.0,161700
2018-11-12,2164.0,2206.0,2113.0,2116.0,129600
2018-11-13,2071.0,2100.0,2048.0,2090.0,108800
2018-11-14,2108.0,2142.0,2082.0,2098.0,136600
2018-11-15,2139.0,2176.0,2115.0,2165.0,101900
2018-11-16,2161.0,2188.0,2095.0,2103.0,109700
2018-11-19,2098.0,2139.0,2095.0,2098.0,177700
2018-11-20,2080.0,2088.0,2042.0,2050.0,109800
2018-11-21,2004.0,2059.0,2003.0,2010.0,239400
2018-11-22,2011.0,2033.0,2005.0,2029.0,343700
2018-11-23,2029.0,2029.0,2029.0,2029.0,0
2018-11-26,2020.0,2050.0,2002.0,2006.0,126100
2018-11-27,2000.0,2010.0,1983.0,1988.0,116500
2018-11-28,1993.0,2011.0,1950.0,1951.0,119500
2018-11-29,1984.0,2003.0,1965.0,1996.0,79100
2018-11-30,2019.0,2030.0,1990.0,2030.0,88100
2018-12-03,2030.0,2080.0,2030.0,2064.0,178500
2018-12-04,2077.0,2085.0,2000.0,2000.0,102300
2018-12-05,1980.0,2040.0,1980.0,2022.0,113400
2018-12-06,1990.0,2008.0,1976.0,1990.0,145400
2018-12-07,1987.0,2011.0,1962.0,2007.0,90800
2018-12-10,1978.0,2025.0,1977.0,1979.0,108100
2018-12-11,1979.0,2038.0,1966.0,2015.0,167200
2018-12-12,2032.0,2058.0,1959.0,1967.0,136700
2018-12-13,1980.0,1994.0,1954.0,1983.0,100600
2018-12-14,1983.0,2005.0,1928.0,1939.0,105900
2018-12-17,1958.0,1985.0,1952.0,1968.0,50500
2018-12-18,1940.0,1949.0,1861.0,1863.0,89000
2018-12-19,1867.0,1870.0,1801.0,1809.0,63300
2018-12-20,1799.0,1810.0,1745.0,1752.0,95900
2018-12-21,1740.0,1747.0,1657.0,1676.0,107400
2018-12-24,1676.0,1676.0,1676.0,1676.0,0
2018-12-25,1624.0,1632.0,1581.0,1592.0,114600
2018-12-26,1600.0,1628.0,1581.0,1611.0,170200
2018-12-27,1669.0,1714.0,1652.0,1697.0,104700
2018-12-28,1697.0,1706.0,1664.0,1668.0,64100
2018-12-31,1668.0,1668.0,1668.0,1668.0,0
2019-01-04,1627.0,1652.0,1625.0,1637.0,112800
2019-01-07,1730.0,1767.0,1714.0,1737.0,145200
2019-01-08,1740.0,1748.0,1708.0,1725.0,71300
2019-01-09,1740.0,1782.0,1736.0,1744.0,118900
2019-01-10,1723.0,1723.0,1653.0,1664.0,100400
2019-01-11,1675.0,1709.0,1664.0,1695.0,76300
2019-01-15,1670.0,1721.0,1654.0,1712.0,93500
2019-01-16,1718.0,1723.0,1690.0,1691.0,46600
2019-01-17,1731.0,1777.0,1722.0,1734.0,105000
2019-01-18,1749.0,1776.0,1725.0,1765.0,93200
2019-01-21,1805.0,1821.0,1773.0,1781.0,75700
2019-01-22,1806.0,1840.0,1756.0,1775.0,89700
2019-01-23,1776.0,1820.0,1730.0,1735.0,107500
2019-01-24,1695.0,1720.0,1677.0,1711.0,76600
2019-01-25,1694.0,1755.0,1694.0,1709.0,46200
2019-01-28,1713.0,1734.0,1688.0,1696.0,67000
2019-01-29,1693.0,1721.0,1671.0,1717.0,68500
2019-01-30,1695.0,1719.0,1677.0,1677.0,115600
2019-01-31,1694.0,1740.0,1655.0,1699.0,206100
2019-02-01,1539.0,1595.0,1501.0,1506.0,250300
2019-02-04,1490.0,1532.0,1480.0,1505.0,217700
2019-02-05,1491.0,1517.0,1482.0,1515.0,275800
2019-02-06,1515.0,1519.0,1465.0,1470.0,425200
2019-02-07,1444.0,1452.0,1403.0,1427.0,319300
2019-02-08,1397.0,1397.0,1334.0,1341.0,476700
2019-02-12,1311.0,1413.0,1309.0,1408.0,725400
2019-02-13,1420.0,1436.0,1398.0,1430.0,1207400
2019-02-14,1427.0,1500.0,1358.0,1364.0,501400
2019-02-15,1364.0,1410.0,1364.0,1388.0,384900
2019-02-18,1420.0,1440.0,1411.0,1433.0,195800
2019-02-19,1433.0,1459.0,1416.0,1454.0,221600
2019-02-20,1449.0,1491.0,1436.0,1476.0,320400
2019-02-21,1482.0,1496.0,1458.0,1475.0,160800
2019-02-22,1455.0,1459.0,1438.0,1455.0,154500
2019-02-25,1468.0,1477.0,1447.0,1455.0,88100
2019-02-26,1445.0,1470.0,1439.0,1455.0,113800
2019-02-27,1455.0,1484.0,1454.0,1479.0,114200
2019-02-28,1472.0,1489.0,1461.0,1473.0,224900
2019-03-01,1525.0,1581.0,1525.0,1531.0,455600
2019-03-04,1532.0,1541.0,1464.0,1472.0,236800
2019-03-05,1465.0,1493.0,1452.0,1481.0,199700
2019-03-06,1487.0,1509.0,1453.0,1455.0,183200
2019-03-07,1455.0,1473.0,1446.0,1458.0,122600
2019-03-08,1464.0,1471.0,1438.0,1454.0,181100
2019-03-11,1445.0,1465.0,1425.0,1447.0,113400
2019-03-12,1458.0,1487.0,1458.0,1486.0,96700
2019-03-13,1472.0,1529.0,1472.0,1520.0,226300
2019-03-14,1510.0,1510.0,1457.0,1463.0,161800
2019-03-15,1457.0,1474.0,1449.0,1454.0,126500
2019-03-18,1464.0,1491.0,1453.0,1491.0,83100
2019-03-19,1529.0,1559.0,1506.0,1536.0,133600
2019-03-20,1528.0,1528.0,1493.0,1500.0,189100
2019-03-22,1505.0,1524.0,1486.0,1490.0,199000
2019-03-25,1486.0,1487.0,1445.0,1449.0,157200
2019-03-26,1479.0,1537.0,1474.0,1499.0,164500
2019-03-27,1489.0,1535.0,1487.0,1516.0,101700
2019-03-28,1509.0,1514.0,1466.0,1468.0,85900
2019-03-29,1475.0,1512.0,1473.0,1508.0,112200
2019-04-01,1519.0,1529.0,1512.0,1520.0,68300
2019-04-02,1517.0,1524.0,1474.0,1476.0,86100
2019-04-03,1469.0,1484.0,1447.0,1461.0,68800
2019-04-04,1471.0,1535.0,1470.0,1506.0,409400
2019-04-05,1508.0,1510.0,1485.0,1498.0,84500
2019-04-08,1522.0,1527.0,1505.0,1517.0,56700
2019-04-09,1510.0,1518.0,1477.0,1490.0,184700
2019-04-10,1493.0,1507.0,1486.0,1501.0,51300
2019-04-11,1522.0,1602.0,1522.0,1601.0,211400
2019-04-12,1605.0,1612.0,1571.0,1599.0,222200
2019-04-15,1610.0,1647.0,1610.0,1635.0,179400
2019-04-16,1628.0,1647.0,1622.0,1636.0,183600
2019-04-17,1648.0,1652.0,1621.0,1637.0,126700
2019-04-18,1630.0,1630.0,1600.0,1607.0,121000
2019-04-19,1616.0,1646.0,1616.0,1644.0,87300
2019-04-22,1638.0,1690.0,1634.0,1674.0,124900
2019-04-23,1683.0,1697.0,1675.0,1695.0,128200
2019-04-24,1688.0,1694.0,1665.0,1672.0,98400
2019-04-25,1687.0,1695.0,1670.0,1681.0,107200
2019-04-26,1664.0,1691.0,1660.0,1684.0,113400
2019-05-07,1694.0,1708.0,1661.0,1682.0,152700
2019-05-08,1660.0,1692.0,1645.0,1690.0,140000
2019-05-09,1684.0,1707.0,1678.0,1693.0,213600
2019-05-10,1700.0,1744.0,1673.0,1691.0,223300
2019-05-13,1698.0,1738.0,1681.0,1724.0,224000
2019-05-14,1686.0,1722.0,1636.0,1722.0,197000
2019-05-15,1721.0,1771.0,1704.0,1739.0,253300
2019-05-16,1566.0,1578.0,1429.0,1460.0,449200
2019-05-17,1460.0,1565.0,1447.0,1564.0,242400
2019-05-20,1568.0,1604.0,1555.0,1570.0,228800
2019-05-21,1570.0,1603.0,1566.0,1597.0,87600
2019-05-22,1608.0,1616.0,1591.0,1592.0,96200
2019-05-23,1585.0,1597.0,1537.0,1574.0,278100
2019-05-24,1564.0,1564.0,1493.0,1512.0,210700
2019-05-27,1516.0,1554.0,1509.0,1533.0,107100
2019-05-28,1530.0,1557.0,1506.0,1553.0,244700
2019-05-29,1527.0,1537.0,1487.0,1496.0,100000
2019-05-30,1467.0,1501.0,1446.0,1478.0,143500
2019-05-31,1457.0,1482.0,1438.0,1441.0,138600
2019-06-03,1401.0,1439.0,1397.0,1418.0,156900
2019-06-04,1420.0,1448.0,1410.0,1429.0,131300
2019-06-05,1457.0,1462.0,1428.0,1450.0,121800
2019-06-06,1455.0,1476.0,1436.0,1467.0,154700
2019-06-07,1495.0,1498.0,1463.0,1479.0,114700
2019-06-10,1509.0,1549.0,1503.0,1529.0,140800
2019-06-11,1563.0,1573.0,1535.0,1551.0,155000
2019-06-12,1575.0,1575.0,1552.0,1560.0,97200
2019-06-13,1557.0,1566.0,1539.0,1553.0,127700
2019-06-14,1533.0,1545.0,1497.0,1537.0,134400
2019-06-17,1538.0,1538.0,1513.0,1517.0,86400
2019-06-18,1525.0,1526.0,1467.0,1470.0,92600
2019-06-19,1561.0,1662.0,1561.0,1661.0,476100
2019-06-20,1639.0,1663.0,1610.0,1632.0,279400
2019-06-21,1625.0,1636.0,1594.0,1604.0,216900
2019-06-24,1598.0,1625.0,1590.0,1622.0,77400
2019-06-25,1609.0,1629.0,1590.0,1599.0,111200
2019-06-26,1587.0,1600.0,1558.0,1568.0,95000
2019-06-27,1563.0,1625.0,1563.0,1624.0,139300
2019-06-28,1644.0,1683.0,1642.0,1654.0,173000
2019-07-01,1683.0,1702.0,1652.0,1681.0,141400
2019-07-02,1680.0,1719.0,1678.0,1708.0,92200
2019-07-03,1710.0,1752.0,1710.0,1751.0,119100
2019-07-04,1783.0,1802.0,1757.0,1794.0,120800
2019-07-05,1786.0,1786.0,1760.0,1771.0,105200
2019-07-08,1766.0,1771.0,1708.0,1713.0,185500
2019-07-09,1701.0,1715.0,1683.0,1710.0,109600
2019-07-10,1682.0,1693.0,1639.0,1645.0,282700
2019-07-11,1605.0,1650.0,1604.0,1643.0,310300
2019-07-12,1642.0,1654.0,1611.0,1616.0,151800
2019-07-16,1576.0,1608.0,1555.0,1606.0,274400
2019-07-17,1566.0,1572.0,1531.0,1551.0,321900
2019-07-18,1529.0,1538.0,1494.0,1500.0,266900
2019-07-19,1484.0,1506.0,1480.0,1503.0,287100
2019-07-22,1497.0,1545.0,1495.0,1515.0,401200
2019-07-23,1518.0,1550.0,1511.0,1544.0,269000
2019-07-24,1550.0,1591.0,1532.0,1588.0,272700
2019-07-25,1596.0,1644.0,1596.0,1613.0,237400
2019-07-26,1599.0,1624.0,1590.0,1615.0,219000
2019-07-29,1614.0,1630.0,1607.0,1623.0,112900
2019-07-30,1616.0,1654.0,1600.0,1650.0,179000
2019-07-31,1640.0,1676.0,1631.0,1644.0,232000
2019-08-01,1506.0,1557.0,1454.0,1535.0,401000
2019-08-02,1513.0,1525.0,1476.0,1477.0,309700
2019-08-05,1461.0,1464.0,1388.0,1406.0,299800
2019-08-06,1367.0,1393.0,1328.0,1375.0,546400
2019-08-07,1364.0,1383.0,1352.0,1369.0,259400
2019-08-08,1367.0,1383.0,1350.0,1372.0,280800
2019-08-09,1388.0,1408.0,1373.0,1395.0,306300
2019-08-13,1390.0,1392.0,1356.0,1363.0,213200
2019-08-14,1380.0,1410.0,1374.0,1409.0,263300
2019-08-15,1370.0,1377.0,1350.0,1373.0,176000
2019-08-16,1369.0,1387.0,1362.0,1375.0,133900
2019-08-19,1392.0,1421.0,1384.0,1410.0,155200
2019-08-20,1410.0,1414.0,1400.0,1412.0,166400
2019-08-21,1400.0,1400.0,1374.0,1385.0,133900
2019-08-22,1385.0,1390.0,1362.0,1382.0,158100
2019-08-23,1391.0,1444.0,1391.0,1437.0,129900
2019-08-26,1386.0,1403.0,1375.0,1386.0,110900
2019-08-27,1387.0,1407.0,1374.0,1389.0,110400
2019-08-28,1394.0,1399.0,1368.0,1374.0,65100
2019-08-29,1371.0,1389.0,1370.0,1387.0,72100
2019-08-30,1408.0,1442.0,1405.0,1434.0,129200
2019-09-02,1423.0,1434.0,1401.0,1403.0,65300
2019-09-03,1403.0,1430.0,1400.0,1425.0,44600
2019-09-04,1421.0,1429.0,1406.0,1411.0,68700
2019-09-05,1410.0,1424.0,1402.0,1406.0,127300
2019-09-06,1407.0,1417.0,1395.0,1404.0,54300
2019-09-09,1405.0,1433.0,1404.0,1433.0,96000
2019-09-10,1426.0,1451.0,1414.0,1442.0,69400
2019-09-11,1456.0,1506.0,1450.0,1496.0,126600
2019-09-12,1488.0,1488.0,1460.0,1470.0,113000
2019-09-13,1475.0,1478.0,1454.0,1469.0,141500
2019-09-17,1495.0,1505.0,1473.0,1500.0,63400
2019-09-18,1496.0,1496.0,1470.0,1478.0,141100
2019-09-19,1482.0,1506.0,1482.0,1504.0,96700
2019-09-20,1508.0,1508.0,1482.0,1486.0,81000
2019-09-24,1481.0,1536.0,1480.0,1520.0,93400
2019-09-25,1509.0,1534.0,1502.0,1527.0,90500
2019-09-26,1540.0,1543.0,1492.0,1498.0,113400
2019-09-27,1492.0,1492.0,1444.0,1463.0,96900
2019-09-30,1433.0,1452.0,1426.0,1435.0,89600
2019-10-01,1445.0,1488.0,1445.0,1482.0,77600
2019-10-02,1482.0,1510.0,1464.0,1475.0,144800
2019-10-03,1421.0,1425.0,1403.0,1414.0,114700
2019-10-04,1402.0,1425.0,1397.0,1425.0,97600
2019-10-07,1421.0,1421.0,1398.0,1411.0,95900
2019-10-08,1418.0,1452.0,1413.0,1447.0,59400
2019-10-09,1434.0,1434.0,1413.0,1417.0,56000
2019-10-10,1428.0,1429.0,1409.0,1417.0,45900
2019-10-11,1442.0,1455.0,1427.0,1446.0,85600
2019-10-15,1474.0,1489.0,1465.0,1469.0,122000
2019-10-16,1494.0,1503.0,1465.0,1476.0,136100
2019-10-17,1476.0,1477.0,1453.0,1462.0,100400
2019-10-18,1483.0,1508.0,1462.0,1471.0,121700
2019-10-21,1480.0,1495.0,1480.0,1488.0,52700
2019-10-23,1505.0,1516.0,1485.0,1516.0,333400
2019-10-24,1530.0,1546.0,1517.0,1519.0,175500
2019-10-25,1514.0,1528.0,1508.0,1527.0,79000
2019-10-28,1527.0,1530.0,1508.0,1510.0,72800
2019-10-29,1528.0,1541.0,1509.0,1512.0,119600
2019-10-30,1512.0,1536.0,1501.0,1531.0,134300
2019-10-31,1545.0,1550.0,1513.0,1524.0,82700
2019-11-01,1512.0,1526.0,1501.0,1525.0,68200
2019-11-05,1545.0,1559.0,1531.0,1550.0,85800
2019-11-06,1557.0,1575.0,1539.0,1564.0,114400
2019-11-07,1572.0,1664.0,1558.0,1614.0,187500
2019-11-08,1630.0,1639.0,1611.0,1621.0,114200
2019-11-11,1613.0,1634.0,1593.0,1604.0,87300
2019-11-12,1598.0,1598.0,1574.0,1588.0,125500
2019-11-13,1588.0,1588.0,1559.0,1566.0,99400
2019-11-14,1574.0,1587.0,1552.0,1563.0,50700
2019-11-15,1563.0,1583.0,1558.0,1576.0,79000
2019-11-18,1577.0,1579.0,1561.0,1576.0,44000
2019-11-19,1565.0,1595.0,1565.0,1595.0,60000
2019-11-20,1594.0,1595.0,1566.0,1574.0,58100
2019-11-21,1569.0,1580.0,1542.0,1578.0,80100
2019-11-22,1575.0,1612.0,1574.0,1585.0,68800
2019-11-25,1612.0,1624.0,1588.0,1591.0,39200
2019-11-26,1599.0,1611.0,1586.0,1590.0,73100
2019-11-27,1596.0,1613.0,1596.0,1598.0,50100
2019-11-28,1590.0,1593.0,1582.0,1589.0,44000
2019-11-29,1596.0,1599.0,1585.0,1590.0,56300
2019-12-02,1585.0,1606.0,1578.0,1584.0,43200
2019-12-03,1559.0,1564.0,1548.0,1556.0,102600
2019-12-04,1541.0,1562.0,1539.0,1560.0,62600
2019-12-05,1552.0,1559.0,1545.0,1558.0,60300
2019-12-06,1558.0,1573.0,1552.0,1555.0,47700
2019-12-09,1561.0,1567.0,1541.0,1561.0,60700
2019-12-10,1560.0,1576.0,1555.0,1562.0,48900
2019-12-11,1554.0,1558.0,1540.0,1550.0,44000
2019-12-12,1554.0,1554.0,1528.0,1539.0,55100
2019-12-13,1534.0,1534.0,1509.0,1525.0,211000
2019-12-16,1538.0,1555.0,1517.0,1529.0,92800
2019-12-17,1544.0,1544.0,1522.0,1535.0,143600
2019-12-18,1530.0,1564.0,1512.0,1556.0,221000
2019-12-19,1541.0,1553.0,1526.0,1536.0,90000
2019-12-20,1530.0,1549.0,1529.0,1545.0,155900
2019-12-23,1546.0,1547.0,1536.0,1547.0,46900
2019-12-24,1549.0,1585.0,1549.0,1579.0,57100
2019-12-25,1573.0,1579.0,1550.0,1555.0,52100
2019-12-26,1558.0,1576.0,1558.0,1563.0,53500
2019-12-27,1578.0,1579.0,1560.0,1565.0,38300
2019-12-30,1551.0,1551.0,1526.0,1530.0,60600
2020-01-06,1514.0,1514.0,1477.0,1496.0,97400
2020-01-07,1489.0,1535.0,1479.0,1530.0,105400
2020-01-08,1499.0,1507.0,1459.0,1502.0,106400
2020-01-09,1518.0,1521.0,1502.0,1509.0,31700
2020-01-10,1505.0,1505.0,1484.0,1497.0,54300
2020-01-14,1509.0,1509.0,1461.0,1480.0,80000
2020-01-15,1487.0,1490.0,1465.0,1471.0,58700
2020-01-16,1471.0,1473.0,1460.0,1467.0,31300
2020-01-17,1472.0,1472.0,1451.0,1454.0,51600
2020-01-20,1445.0,1459.0,1435.0,1448.0,54400
2020-01-21,1448.0,1462.0,1444.0,1456.0,49100
2020-01-22,1456.0,1473.0,1448.0,1464.0,79100
2020-01-23,1458.0,1471.0,1446.0,1462.0,58300
2020-01-24,1461.0,1464.0,1450.0,1452.0,49200
2020-01-27,1432.0,1432.0,1404.0,1411.0,85600
2020-01-28,1401.0,1418.0,1384.0,1410.0,117400
2020-01-29,1405.0,1423.0,1403.0,1420.0,48100
2020-01-30,1419.0,1444.0,1402.0,1408.0,129900
2020-01-31,1420.0,1460.0,1420.0,1446.0,109500
2020-02-03,1386.0,1402.0,1351.0,1353.0,226900
2020-02-04,1357.0,1402.0,1357.0,1402.0,85400
2020-02-05,1415.0,1420.0,1395.0,1415.0,66600
2020-02-06,1531.0,1562.0,1511.0,1519.0,211500
2020-02-07,1510.0,1529.0,1502.0,1508.0,78100
2020-02-10,1505.0,1505.0,1465.0,1469.0,72700
2020-02-12,1460.0,1460.0,1425.0,1429.0,76800
2020-02-13,1422.0,1426.0,1397.0,1399.0,66600
2020-02-14,1395.0,1418.0,1393.0,1416.0,111500
2020-02-17,1400.0,1416.0,1390.0,1416.0,49400
2020-02-18,1427.0,1427.0,1384.0,1390.0,105300
2020-02-19,1398.0,1425.0,1394.0,1413.0,129100
2020-02-20,1412.0,1421.0,1387.0,1388.0,103300
2020-02-21,1381.0,1386.0,1372.0,1380.0,94700
2020-02-25,1330.0,1336.0,1308.0,1320.0,122800
2020-02-26,1301.0,1309.0,1276.0,1290.0,204700
2020-02-27,1290.0,1301.0,1238.0,1248.0,188800
2020-02-28,1222.0,1279.0,1222.0,1242.0,160500
2020-03-02,1237.0,1306.0,1221.0,1283.0,201400
2020-03-03,1313.0,1320.0,1277.0,1291.0,131000
2020-03-04,1271.0,1283.0,1254.0,1267.0,178700
2020-03-05,1297.0,1304.0,1282.0,1290.0,82700
2020-03-06,1283.0,1284.0,1258.0,1270.0,121000
2020-03-09,1240.0,1240.0,1182.0,1188.0,167300
2020-03-10,1160.0,1191.0,1104.0,1178.0,198800
2020-03-11,1190.0,1216.0,1176.0,1179.0,112400
2020-03-12,1154.0,1159.0,1105.0,1120.0,151300
2020-03-13,1030.0,1068.0,1001.0,1042.0,210900
2020-03-16,1055.0,1135.0,1054.0,1078.0,203100
2020-03-17,1042.0,1099.0,1013.0,1090.0,225100
2020-03-18,1090.0,1126.0,1062.0,1083.0,169500
2020-03-19,1113.0,1183.0,1108.0,1182.0,135000
2020-03-23,1182.0,1198.0,1122.0,1183.0,205000
2020-03-24,1223.0,1223.0,1176.0,1218.0,108400
2020-03-25,1274.0,1275.0,1229.0,1263.0,132700
2020-03-26,1233.0,1281.0,1217.0,1263.0,145400
2020-03-27,1310.0,1337.0,1287.0,1337.0,247700
2020-03-30,1293.0,1331.0,1256.0,1327.0,151600
2020-03-31,1327.0,1360.0,1307.0,1325.0,125500
2020-04-01,1302.0,1317.0,1262.0,1268.0,121900
2020-04-02,1260.0,1278.0,1226.0,1233.0,134400
2020-04-03,1233.0,1248.0,1194.0,1203.0,113900
2020-04-06,1213.0,1230.0,1171.0,1218.0,117300
2020-04-07,1248.0,1248.0,1194.0,1226.0,125900
2020-04-08,1230.0,1245.0,1192.0,1217.0,136700
2020-04-09,1217.0,1231.0,1190.0,1217.0,111500
2020-04-10,1215.0,1229.0,1194.0,1221.0,105900
2020-04-13,1212.0,1233.0,1192.0,1204.0,67000
2020-04-14,1206.0,1242.0,1203.0,1241.0,106700
2020-04-15,1250.0,1256.0,1167.0,1179.0,210600
2020-04-16,1169.0,1210.0,1166.0,1201.0,143100
2020-04-17,1196.0,1216.0,1182.0,1200.0,126000
2020-04-20,1200.0,1216.0,1194.0,1194.0,61800
2020-04-21,1168.0,1184.0,1145.0,1170.0,99900
2020-04-22,1156.0,1158.0,1127.0,1134.0,133000
2020-04-23,1110.0,1153.0,1101.0,1153.0,198500
2020-04-24,1154.0,1182.0,1148.0,1151.0,140500
2020-04-27,1173.0,1173.0,1151.0,1164.0,160800
2020-04-28,1160.0,1206.0,1145.0,1203.0,134600
2020-04-30,1228.0,1236.0,1199.0,1201.0,140400
2020-05-01,1177.0,1177.0,1136.0,1147.0,250800
2020-05-07,1129.0,1150.0,1111.0,1138.0,184900
2020-05-08,1139.0,1165.0,1138.0,1153.0,130000
2020-05-11,1153.0,1205.0,1138.0,1205.0,253800
2020-05-12,1226.0,1233.0,1194.0,1200.0,111500
2020-05-13,1190.0,1190.0,1153.0,1163.0,99000
2020-05-14,1159.0,1169.0,1140.0,1140.0,95000
2020-05-15,1140.0,1150.0,1112.0,1125.0,159400
2020-05-18,1149.0,1170.0,1135.0,1152.0,132100
2020-05-19,1173.0,1176.0,1145.0,1158.0,64500
2020-05-20,1162.0,1171.0,1157.0,1170.0,78300
2020-05-21,1174.0,1177.0,1159.0,1175.0,67500
2020-05-22,1174.0,1187.0,1168.0,1182.0,83200
2020-05-25,1191.0,1207.0,1181.0,1206.0,63900
2020-05-26,1234.0,1237.0,1214.0,1222.0,139300
2020-05-27,1227.0,1269.0,1216.0,1266.0,179400
2020-05-28,1284.0,1295.0,1273.0,1290.0,173000
2020-05-29,1284.0,1304.0,1264.0,1289.0,152500
2020-06-01,1251.0,1255.0,1201.0,1225.0,224900
2020-06-02,1225.0,1232.0,1200.0,1202.0,289200
2020-06-03,1221.0,1221.0,1189.0,1196.0,182000
2020-06-04,1190.0,1206.0,1180.0,1200.0,169300
2020-06-05,1188.0,1189.0,1141.0,1177.0,369800
2020-06-08,1192.0,1192.0,1172.0,1177.0,339400
2020-06-09,1240.0,1376.0,1207.0,1334.0,1281200
2020-06-10,1304.0,1305.0,1240.0,1242.0,560600
2020-06-11,1242.0,1263.0,1222.0,1247.0,240700
2020-06-12,1157.0,1206.0,1152.0,1198.0,352100
2020-06-15,1175.0,1191.0,1154.0,1156.0,233900
2020-06-16,1181.0,1223.0,1175.0,1213.0,229100
2020-06-17,1212.0,1213.0,1187.0,1187.0,163000
2020-06-18,1216.0,1216.0,1175.0,1189.0,255800
2020-06-19,1175.0,1199.0,1164.0,1188.0,281400
2020-06-22,1175.0,1188.0,1173.0,1182.0,65600
2020-06-23,1190.0,1195.0,1174.0,1176.0,87100
2020-06-24,1174.0,1181.0,1162.0,1166.0,87000
2020-06-25,1156.0,1157.0,1134.0,1134.0,121800
2020-06-26,1146.0,1159.0,1136.0,1159.0,114100
2020-06-29,1154.0,1154.0,1129.0,1139.0,124300
2020-06-30,1155.0,1157.0,1130.0,1130.0,92800
2020-07-01,1129.0,1138.0,1100.0,1103.0,126800
2020-07-02,1103.0,1112.0,1072.0,1076.0,158700
2020-07-03,1086.0,1109.0,1086.0,1109.0,105400
2020-07-06,1114.0,1124.0,1109.0,1124.0,97400
2020-07-07,1137.0,1139.0,1103.0,1121.0,130300
2020-07-08,1126.0,1136.0,1076.0,1097.0,211600
2020-07-09,1122.0,1158.0,1116.0,1140.0,319200
2020-07-10,1127.0,1127.0,1088.0,1100.0,160500
2020-07-13,1117.0,1138.0,1117.0,1131.0,94000
2020-07-14,1132.0,1132.0,1114.0,1129.0,73500
2020-07-15,1141.0,1153.0,1135.0,1153.0,90800
2020-07-16,1152.0,1158.0,1142.0,1143.0,48700
2020-07-17,1145.0,1153.0,1140.0,1145.0,47300
2020-07-20,1140.0,1140.0,1102.0,1136.0,71600
2020-07-21,1139.0,1152.0,1137.0,1148.0,69300
2020-07-22,1163.0,1177.0,1150.0,1150.0,143900
2020-07-27,1151.0,1151.0,1120.0,1135.0,90500
2020-07-28,1142.0,1142.0,1120.0,1126.0,72300
2020-07-29,1127.0,1127.0,1098.0,1101.0,81500
2020-07-30,1101.0,1108.0,1083.0,1083.0,79200
2020-07-31,1085.0,1085.0,1029.0,1032.0,131500
2020-08-03,1048.0,1077.0,1044.0,1048.0,74400
2020-08-04,1048.0,1082.0,1048.0,1082.0,69700
2020-08-05,1076.0,1084.0,1056.0,1076.0,56900
2020-08-06,1083.0,1083.0,1053.0,1075.0,95200
2020-08-07,1020.0,1046.0,986.0,1029.0,209700
2020-08-11,1039.0,1057.0,1028.0,1047.0,135800
2020-08-12,1059.0,1072.0,1042.0,1064.0,155400
2020-08-13,1086.0,1093.0,1064.0,1089.0,107000
2020-08-14,1092.0,1100.0,1085.0,1085.0,86300
2020-08-17,1099.0,1106.0,1082.0,1082.0,75500
2020-08-18,1082.0,1083.0,1062.0,1082.0,79700
2020-08-19,1077.0,1088.0,1073.0,1075.0,77500
2020-08-20,1067.0,1083.0,1065.0,1078.0,49100
2020-08-21,1085.0,1092.0,1077.0,1087.0,69200
2020-08-24,1092.0,1098.0,1076.0,1087.0,71300
2020-08-25,1096.0,1115.0,1086.0,1102.0,90700
2020-08-26,1105.0,1114.0,1094.0,1111.0,50200
2020-08-27,1164.0,1170.0,1128.0,1133.0,282500
2020-08-28,1140.0,1163.0,1112.0,1127.0,178100
2020-08-31,1135.0,1156.0,1133.0,1137.0,98000
2020-09-01,1136.0,1136.0,1109.0,1116.0,82800
2020-09-02,1116.0,1126.0,1110.0,1120.0,115400
2020-09-03,1137.0,1143.0,1128.0,1142.0,70100
2020-09-04,1116.0,1150.0,1115.0,1142.0,107000
2020-09-07,1145.0,1165.0,1141.0,1161.0,89600
2020-09-08,1168.0,1172.0,1144.0,1156.0,96500
2020-09-09,1146.0,1171.0,1138.0,1169.0,110700
2020-09-10,1175.0,1190.0,1167.0,1184.0,94500
2020-09-11,1199.0,1234.0,1180.0,1229.0,178300
2020-09-14,1238.0,1259.0,1236.0,1255.0,143200
2020-09-15,1250.0,1250.0,1219.0,1240.0,118700
2020-09-16,1233.0,1241.0,1213.0,1238.0,101000
2020-09-17,1235.0,1244.0,1227.0,1241.0,87300
2020-09-18,1240.0,1274.0,1237.0,1271.0,148600
2020-09-23,1252.0,1266.0,1244.0,1251.0,88700
2020-09-24,1248.0,1255.0,1241.0,1245.0,69700
2020-09-25,1257.0,1269.0,1244.0,1248.0,107300
2020-09-28,1253.0,1259.0,1240.0,1249.0,160400
2020-09-29,1249.0,1249.0,1220.0,1245.0,84600
2020-09-30,1236.0,1239.0,1205.0,1205.0,93400
2020-10-02,1205.0,1208.0,1165.0,1178.0,105400
2020-10-05,1200.0,1232.0,1200.0,1216.0,102800
2020-10-06,1223.0,1226.0,1194.0,1205.0,189600
2020-10-07,1200.0,1210.0,1182.0,1200.0,138300
2020-10-08,1210.0,1218.0,1190.0,1202.0,118500
2020-10-09,1200.0,1212.0,1188.0,1200.0,112600
2020-10-12,1188.0,1192.0,1168.0,1180.0,142800
2020-10-13,1185.0,1190.0,1173.0,1181.0,60500
2020-10-14,1175.0,1180.0,1166.0,1168.0,102000
2020-10-15,1168.0,1173.0,1154.0,1156.0,91700
2020-10-16,1157.0,1166.0,1141.0,1151.0,70700
2020-10-19,1150.0,1172.0,1150.0,1169.0,70800
2020-10-20,1174.0,1188.0,1160.0,1179.0,117300
2020-10-21,1183.0,1197.0,1181.0,1187.0,76300
2020-10-22,1188.0,1273.0,1163.0,1249.0,377200
2020-10-23,1245.0,1256.0,1206.0,1227.0,257700
2020-10-26,1213.0,1216.0,1183.0,1194.0,263700
2020-10-27,1180.0,1181.0,1155.0,1175.0,122100
2020-10-28,1169.0,1196.0,1159.0,1196.0,69500
2020-10-29,1170.0,1191.0,1170.0,1176.0,55500
2020-10-30,1156.0,1157.0,1121.0,1136.0,164700
2020-11-02,1144.0,1157.0,1139.0,1146.0,115200
2020-11-04,1166.0,1167.0,1135.0,1141.0,142200
2020-11-05,1146.0,1149.0,1126.0,1131.0,167800
2020-11-06,1134.0,1139.0,1117.0,1128.0,124300
2020-11-09,1136.0,1140.0,1114.0,1127.0,141300
2020-11-10,1150.0,1172.0,1129.0,1134.0,120000
2020-11-11,1150.0,1175.0,1149.0,1168.0,183800
2020-11-12,1168.0,1177.0,1146.0,1155.0,65200
2020-11-13,1145.0,1148.0,1122.0,1129.0,72600
2020-11-16,1148.0,1149.0,1123.0,1132.0,146400
2020-11-17,1137.0,1158.0,1136.0,1148.0,78800
2020-11-18,1130.0,1148.0,1127.0,1137.0,77200
2020-11-19,1134.0,1142.0,1118.0,1120.0,83500
2020-11-20,1120.0,1129.0,1107.0,1129.0,145400
2020-11-24,1143.0,1149.0,1125.0,1125.0,78700
2020-11-25,1137.0,1137.0,1103.0,1104.0,92600
2020-11-26,1104.0,1117.0,1099.0,1106.0,59100
2020-11-27,1109.0,1113.0,1091.0,1097.0,114700
2020-11-30,1092.0,1092.0,1034.0,1042.0,182100
2020-12-01,1049.0,1073.0,1039.0,1067.0,187500
2020-12-02,1081.0,1102.0,1079.0,1081.0,236500
2020-12-03,1070.0,1092.0,1070.0,1080.0,120600
2020-12-04,1079.0,1089.0,1067.0,1071.0,82500
2020-12-07,1080.0,1082.0,1052.0,1052.0,74500
2020-12-08,1052.0,1073.0,1052.0,1069.0,130800
2020-12-09,1069.0,1091.0,1069.0,1086.0,75800
2020-12-10,1091.0,1111.0,1087.0,1104.0,163200
2020-12-11,1118.0,1124.0,1108.0,1116.0,135200
2020-12-14,1139.0,1159.0,1126.0,1149.0,149200
2020-12-15,1144.0,1153.0,1131.0,1145.0,82100
2020-12-16,1150.0,1153.0,1120.0,1121.0,102800
2020-12-17,1121.0,1122.0,1102.0,1108.0,46900
2020-12-18,1114.0,1137.0,1112.0,1136.0,171800
2020-12-21,1130.0,1133.0,1112.0,1120.0,73600
2020-12-22,1114.0,1114.0,1094.0,1099.0,81200
2020-12-23,1105.0,1109.0,1093.0,1106.0,54300
2020-12-24,1115.0,1121.0,1109.0,1116.0,52100
2020-12-25,1146.0,1146.0,1127.0,1134.0,55900
2020-12-28,1131.0,1138.0,1120.0,1129.0,74300
2020-12-29,1129.0,1131.0,1119.0,1129.0,56300
2020-12-30,1122.0,1130.0,1118.0,1125.0,70900
2021-01-04,1126.0,1126.0,1099.0,1107.0,60700
2021-01-05,1100.0,1100.0,1091.0,1091.0,60500
2021-01-06,1100.0,1111.0,1089.0,1100.0,71400
2021-01-07,1112.0,1137.0,1112.0,1130.0,147100
2021-01-08,1136.0,1155.0,1130.0,1154.0,117200
2021-01-12,1154.0,1165.0,1146.0,1160.0,78400
2021-01-13,1151.0,1151.0,1137.0,1149.0,88500
2021-01-14,1146.0,1159.0,1144.0,1157.0,63400
2021-01-15,1157.0,1169.0,1150.0,1161.0,73300
2021-01-18,1165.0,1180.0,1160.0,1172.0,53100
2021-01-19,1172.0,1178.0,1155.0,1156.0,58600
2021-01-20,1154.0,1160.0,1143.0,1158.0,48500
2021-01-21,1153.0,1169.0,1153.0,1159.0,46600
2021-01-22,1152.0,1159.0,1148.0,1149.0,61500
2021-01-25,1179.0,1179.0,1149.0,1152.0,64700
2021-01-26,1149.0,1162.0,1145.0,1157.0,62900
2021-01-27,1164.0,1164.0,1150.0,1151.0,65300
2021-01-28,1140.0,1155.0,1133.0,1148.0,160700
2021-01-29,1142.0,1156.0,1127.0,1147.0,114900
2021-02-01,1155.0,1165.0,1146.0,1163.0,62200
2021-02-02,1166.0,1199.0,1158.0,1178.0,109000
2021-02-03,1187.0,1235.0,1187.0,1233.0,113200
2021-02-04,1260.0,1357.0,1249.0,1330.0,454100
2021-02-05,1343.0,1366.0,1333.0,1348.0,307300
2021-02-08,1345.0,1414.0,1340.0,1402.0,249000
2021-02-09,1377.0,1398.0,1367.0,1368.0,185000
2021-02-10,1354.0,1369.0,1341.0,1360.0,206000
2021-02-12,1351.0,1371.0,1351.0,1363.0,167500
2021-02-15,1416.0,1480.0,1410.0,1458.0,269900
2021-02-16,1442.0,1461.0,1430.0,1438.0,174000
2021-02-17,1440.0,1495.0,1440.0,1465.0,180200
2021-02-18,1463.0,1475.0,1448.0,1451.0,182000
2021-02-19,1446.0,1452.0,1408.0,1412.0,216600
2021-02-22,1415.0,1469.0,1414.0,1445.0,189600
2021-02-24,1420.0,1463.0,1413.0,1416.0,176400
2021-02-25,1446.0,1469.0,1432.0,1433.0,259100
2021-02-26,1439.0,1463.0,1400.0,1400.0,281800
2021-03-01,1406.0,1435.0,1394.0,1433.0,188400
2021-03-02,1420.0,1434.0,1407.0,1415.0,217700
2021-03-03,1415.0,1444.0,1408.0,1439.0,248800
2021-03-04,1439.0,1457.0,1432.0,1441.0,278800
2021-03-05,1442.0,1499.0,1437.0,1499.0,292700
2021-03-08,1499.0,1511.0,1489.0,1506.0,231100
2021-03-09,1533.0,1574.0,1522.0,1539.0,196800
2021-03-10,1522.0,1583.0,1512.0,1579.0,239900
2021-03-11,1579.0,1620.0,1573.0,1592.0,213100
2021-03-12,1580.0,1605.0,1565.0,1585.0,258200
2021-03-15,1600.0,1656.0,1599.0,1635.0,213900
2021-03-16,1630.0,1654.0,1614.0,1649.0,164900
2021-03-17,1640.0,1644.0,1625.0,1632.0,113600
2021-03-18,1630.0,1657.0,1623.0,1647.0,109000
2021-03-19,1643.0,1647.0,1619.0,1626.0,173500
2021-03-22,1625.0,1643.0,1618.0,1636.0,124700
2021-03-23,1636.0,1653.0,1622.0,1624.0,102100
2021-03-24,1621.0,1628.0,1604.0,1607.0,112400
2021-03-25,1605.0,1639.0,1596.0,1620.0,115800
2021-03-26,1633.0,1637.0,1617.0,1624.0,152700
2021-03-29,1641.0,1642.0,1605.0,1632.0,250600
2021-03-30,1613.0,1619.0,1569.0,1595.0,147200
2021-03-31,1593.0,1603.0,1556.0,1556.0,89000
2021-04-01,1578.0,1593.0,1562.0,1562.0,78400
2021-04-02,1580.0,1580.0,1548.0,1559.0,58400
2021-04-05,1563.0,1587.0,1561.0,1576.0,61300
2021-04-06,1568.0,1576.0,1538.0,1543.0,96000
2021-04-07,1551.0,1587.0,1546.0,1585.0,60100
2021-04-08,1562.0,1562.0,1538.0,1538.0,89200
2021-04-09,1535.0,1555.0,1530.0,1530.0,67200
2021-04-12,1550.0,1550.0,1525.0,1538.0,36400
2021-04-13,1533.0,1540.0,1522.0,1522.0,35100
2021-04-14,1519.0,1519.0,1493.0,1494.0,54800
2021-04-15,1490.0,1511.0,1490.0,1495.0,39000
2021-04-16,1503.0,1503.0,1485.0,1492.0,31600
2021-04-19,1485.0,1492.0,1467.0,1468.0,68600
2021-04-20,1465.0,1465.0,1440.0,1440.0,87300
2021-04-21,1433.0,1433.0,1399.0,1419.0,82600
2021-04-22,1444.0,1445.0,1416.0,1438.0,51400
2021-04-23,1424.0,1438.0,1421.0,1421.0,41700
2021-04-26,1421.0,1430.0,1406.0,1417.0,71600
2021-04-27,1413.0,1416.0,1400.0,1400.0,52400
2021-04-28,1402.0,1402.0,1378.0,1383.0,65000
2021-04-30,1382.0,1384.0,1367.0,1371.0,73000
2021-05-06,1370.0,1380.0,1355.0,1368.0,105800
2021-05-07,1370.0,1373.0,1355.0,1359.0,152200
2021-05-10,1351.0,1365.0,1348.0,1364.0,128900
2021-05-11,1350.0,1365.0,1330.0,1332.0,130100
2021-05-12,1332.0,1351.0,1302.0,1321.0,162900
2021-05-13,1311.0,1324.0,1298.0,1301.0,67900
2021-05-14,1315.0,1394.0,1315.0,1339.0,165100
2021-05-17,1456.0,1489.0,1456.0,1480.0,246900
2021-05-18,1499.0,1526.0,1487.0,1520.0,175600
2021-05-19,1516.0,1530.0,1508.0,1520.0,106500
2021-05-20,1524.0,1540.0,1510.0,1510.0,78200
2021-05-21,1540.0,1540.0,1491.0,1503.0,84700
2021-05-24,1583.0,1594.0,1545.0,1553.0,143700
2021-05-25,1565.0,1579.0,1535.0,1537.0,84200
2021-05-26,1528.0,1533.0,1517.0,1517.0,50700
2021-05-27,1500.0,1507.0,1477.0,1477.0,146000
2021-05-28,1521.0,1542.0,1495.0,1532.0,152200
2021-05-31,1516.0,1525.0,1478.0,1483.0,65900
2021-06-01,1484.0,1485.0,1458.0,1475.0,51700
2021-06-02,1464.0,1480.0,1453.0,1469.0,52300
2021-06-03,1450.0,1469.0,1450.0,1453.0,51000
2021-06-04,1454.0,1478.0,1447.0,1477.0,71700
2021-06-07,1470.0,1487.0,1454.0,1479.0,70900
2021-06-08,1476.0,1524.0,1471.0,1522.0,76000
2021-06-09,1522.0,1539.0,1497.0,1500.0,59800
2021-06-10,1497.0,1517.0,1466.0,1512.0,73300
2021-06-11,1527.0,1533.0,1496.0,1529.0,81700
2021-06-14,1530.0,1560.0,1528.0,1534.0,52100
2021-06-15,1539.0,1539.0,1510.0,1530.0,46600
2021-06-16,1538.0,1538.0,1521.0,1534.0,30300
2021-06-17,1531.0,1542.0,1519.0,1530.0,30900
2021-06-18,1531.0,1535.0,1488.0,1489.0,49100
2021-06-21,1465.0,1480.0,1451.0,1451.0,62100
2021-06-22,1474.0,1501.0,1462.0,1500.0,72200
2021-06-23,1510.0,1531.0,1497.0,1526.0,76200
2021-06-24,1500.0,1518.0,1494.0,1511.0,65700
2021-06-25,1512.0,1514.0,1484.0,1485.0,41500
2021-06-28,1494.0,1540.0,1485.0,1534.0,80100
2021-06-29,1512.0,1547.0,1505.0,1545.0,67500
2021-06-30,1545.0,1567.0,1540.0,1550.0,75600
2021-07-01,1560.0,1572.0,1524.0,1535.0,91200
2021-07-02,1535.0,1548.0,1505.0,1509.0,58200
2021-07-05,1500.0,1530.0,1494.0,1524.0,63800
2021-07-06,1524.0,1524.0,1496.0,1508.0,76300
2021-07-07,1488.0,1507.0,1473.0,1486.0,67500
2021-07-08,1494.0,1502.0,1478.0,1478.0,86700
2021-07-09,1461.0,1466.0,1431.0,1459.0,117600
2021-07-12,1505.0,1523.0,1465.0,1512.0,107900
2021-07-13,1526.0,1561.0,1526.0,1560.0,107100
2021-07-14,1550.0,1570.0,1540.0,1541.0,68600
2021-07-15,1567.0,1592.0,1548.0,1556.0,57400
2021-07-16,1540.0,1544.0,1521.0,1528.0,42800
2021-07-19,1503.0,1514.0,1486.0,1496.0,97600
2021-07-20,1480.0,1506.0,1479.0,1493.0,152700
2021-07-21,1530.0,1557.0,1516.0,1547.0,80300
2021-07-26,1556.0,1565.0,1506.0,1525.0,111700
2021-07-27,1519.0,1536.0,1504.0,1536.0,56000
2021-07-28,1522.0,1549.0,1516.0,1546.0,64800
2021-07-29,1537.0,1547.0,1523.0,1531.0,39800
2021-07-30,1522.0,1527.0,1501.0,1512.0,55700
2021-08-02,1536.0,1537.0,1522.0,1536.0,68700
2021-08-03,1531.0,1540.0,1524.0,1529.0,21700
2021-08-04,1524.0,1524.0,1509.0,1519.0,34800
2021-08-05,1513.0,1531.0,1511.0,1527.0,33800
2021-08-06,1540.0,1560.0,1540.0,1545.0,58200
2021-08-10,1575.0,1622.0,1567.0,1583.0,164200
2021-08-11,1610.0,1622.0,1566.0,1574.0,98600
2021-08-12,1574.0,1586.0,1552.0,1559.0,101100
2021-08-13,1559.0,1582.0,1559.0,1576.0,89800
2021-08-16,1560.0,1563.0,1515.0,1527.0,74000
2021-08-17,1529.0,1544.0,1520.0,1539.0,85300
2021-08-18,1543.0,1565.0,1540.0,1554.0,129600
2021-08-19,1549.0,1572.0,1540.0,1547.0,157100
2021-08-20,1550.0,1577.0,1550.0,1555.0,100300
2021-08-23,1573.0,1587.0,1568.0,1573.0,66700
2021-08-24,1557.0,1572.0,1551.0,1572.0,61500
2021-08-25,1580.0,1593.0,1570.0,1584.0,38100
2021-08-26,1596.0,1606.0,1577.0,1588.0,73900
2021-08-27,1588.0,1588.0,1559.0,1566.0,45500
2021-08-30,1573.0,1589.0,1554.0,1555.0,108300
2021-08-31,1554.0,1584.0,1551.0,1563.0,102700
2021-09-01,1555.0,1571.0,1553.0,1569.0,44400
2021-09-02,1568.0,1575.0,1556.0,1572.0,62200
2021-09-03,1575.0,1614.0,1571.0,1588.0,123000
2021-09-06,1592.0,1598.0,1574.0,1580.0,82300
2021-09-07,1599.0,1610.0,1582.0,1603.0,104700
2021-09-08,1610.0,1631.0,1598.0,1629.0,91400
2021-09-09,1633.0,1654.0,1627.0,1652.0,76800
2021-09-10,1655.0,1664.0,1643.0,1656.0,89000
2021-09-13,1639.0,1670.0,1635.0,1670.0,53200
2021-09-14,1677.0,1699.0,1658.0,1699.0,62000
2021-09-15,1650.0,1669.0,1623.0,1629.0,73900
2021-09-16,1624.0,1632.0,1605.0,1624.0,66700
2021-09-17,1621.0,1653.0,1621.0,1651.0,76100
2021-09-21,1611.0,1633.0,1604.0,1617.0,43300
2021-09-22,1617.0,1617.0,1574.0,1574.0,35500
2021-09-24,1618.0,1624.0,1603.0,1608.0,68200
2021-09-27,1633.0,1633.0,1588.0,1593.0,44300
2021-09-28,1600.0,1600.0,1554.0,1573.0,65200
2021-09-29,1538.0,1544.0,1508.0,1521.0,77700
2021-09-30,1528.0,1535.0,1518.0,1522.0,51200
2021-10-01,1520.0,1520.0,1480.0,1498.0,77000
2021-10-04,1516.0,1523.0,1491.0,1503.0,46600
2021-10-05,1486.0,1492.0,1454.0,1469.0,75800
2021-10-06,1493.0,1500.0,1460.0,1461.0,51700
2021-10-07,1458.0,1467.0,1440.0,1440.0,63200
2021-10-08,1445.0,1454.0,1437.0,1444.0,75400
2021-10-11,1440.0,1448.0,1433.0,1441.0,52400
2021-10-12,1440.0,1440.0,1410.0,1425.0,128600
2021-10-13,1432.0,1446.0,1417.0,1425.0,100200
2021-10-14,1425.0,1430.0,1412.0,1422.0,36400
2021-10-15,1421.0,1438.0,1411.0,1436.0,38000
2021-10-18,1437.0,1438.0,1414.0,1424.0,49400
2021-10-19,1674.0,1678.0,1575.0,1619.0,849400
2021-10-20,1640.0,1704.0,1628.0,1659.0,440600
2021-10-21,1669.0,1727.0,1651.0,1675.0,310500
2021-10-22,1661.0,1704.0,1651.0,1664.0,196200
2021-10-25,1650.0,1677.0,1650.0,1668.0,74400
2021-10-26,1686.0,1698.0,1658.0,1698.0,68900
2021-10-27,1711.0,1719.0,1656.0,1687.0,109800
2021-10-28,1698.0,1698.0,1653.0,1683.0,295400
2021-10-29,1683.0,1702.0,1655.0,1686.0,148600
2021-11-01,1700.0,1737.0,1678.0,1737.0,121800
2021-11-02,1737.0,1739.0,1720.0,1723.0,75600
2021-11-04,1746.0,1768.0,1741.0,1750.0,148100
2021-11-05,1750.0,1777.0,1740.0,1775.0,109100
2021-11-08,1701.0,1798.0,1629.0,1632.0,230600
2021-11-09,1651.0,1663.0,1608.0,1608.0,206700
2021-11-10,1623.0,1669.0,1602.0,1622.0,112900
2021-11-11,1605.0,1605.0,1538.0,1539.0,127500
2021-11-12,1563.0,1581.0,1548.0,1562.0,77000
2021-11-15,1561.0,1561.0,1515.0,1520.0,76000
2021-11-16,1526.0,1534.0,1504.0,1504.0,53300
2021-11-17,1502.0,1503.0,1465.0,1465.0,100900
2021-11-18,1489.0,1499.0,1466.0,1481.0,102200
2021-11-19,1475.0,1476.0,1436.0,1436.0,75400
2021-11-22,1436.0,1463.0,1431.0,1456.0,72400
2021-11-24,1461.0,1491.0,1445.0,1458.0,96400
2021-11-25,1460.0,1473.0,1455.0,1462.0,68400
2021-11-26,1451.0,1451.0,1409.0,1419.0,74400
2021-11-29,1392.0,1393.0,1363.0,1369.0,92400
2021-11-30,1388.0,1410.0,1361.0,1381.0,158200
2021-12-01,1361.0,1377.0,1340.0,1363.0,99100
2021-12-02,1351.0,1365.0,1324.0,1328.0,111300
2021-12-03,1337.0,1352.0,1332.0,1350.0,74500
2021-12-06,1374.0,1374.0,1345.0,1350.0,61800
2021-12-07,1377.0,1417.0,1364.0,1415.0,107700
2021-12-08,1434.0,1434.0,1393.0,1404.0,117800
2021-12-09,1418.0,1418.0,1394.0,1412.0,59700
2021-12-10,1435.0,1453.0,1417.0,1422.0,125700
2021-12-13,1422.0,1422.0,1374.0,1396.0,113100
2021-12-14,1403.0,1408.0,1383.0,1387.0,55300
2021-12-15,1380.0,1407.0,1376.0,1388.0,34000
2021-12-16,1404.0,1429.0,1399.0,1410.0,74400
2021-12-17,1418.0,1429.0,1388.0,1422.0,118100
2021-12-20,1400.0,1401.0,1345.0,1348.0,79600
2021-12-21,1378.0,1378.0,1339.0,1342.0,48000
2021-12-22,1350.0,1353.0,1328.0,1346.0,47900
2021-12-23,1361.0,1372.0,1349.0,1362.0,45600
2021-12-24,1368.0,1379.0,1364.0,1366.0,46300
2021-12-27,1365.0,1394.0,1354.0,1373.0,85400
2021-12-28,1389.0,1405.0,1376.0,1399.0,67700
2021-12-29,1402.0,1409.0,1389.0,1408.0,53100
2021-12-30,1407.0,1408.0,1394.0,1400.0,34200
2022-01-04,1420.0,1426.0,1403.0,1420.0,40000
2022-01-05,1429.0,1430.0,1412.0,1417.0,31700
2022-01-06,1411.0,1423.0,1401.0,1405.0,40300
2022-01-07,1411.0,1426.0,1383.0,1389.0,45400
2022-01-11,1395.0,1401.0,1360.0,1377.0,43400
2022-01-12,1394.0,1421.0,1393.0,1407.0,30900
2022-01-13,1406.0,1413.0,1386.0,1388.0,30600
2022-01-14,1390.0,1390.0,1352.0,1363.0,58600
2022-01-17,1370.0,1381.0,1350.0,1356.0,24200
2022-01-18,1356.0,1358.0,1332.0,1332.0,74100
2022-01-19,1321.0,1324.0,1281.0,1281.0,111500
2022-01-20,1284.0,1309.0,1284.0,1285.0,62600
2022-01-21,1280.0,1315.0,1277.0,1311.0,34800
2022-01-24,1296.0,1316.0,1287.0,1316.0,43500
2022-01-25,1303.0,1315.0,1293.0,1314.0,52600
2022-01-26,1314.0,1329.0,1297.0,1301.0,39400
2022-01-27,1302.0,1311.0,1272.0,1280.0,60000
2022-01-28,1302.0,1317.0,1285.0,1317.0,42500
2022-01-31,1309.0,1334.0,1309.0,1334.0,59500
2022-02-01,1342.0,1360.0,1330.0,1342.0,95700
2022-02-02,1349.0,1375.0,1331.0,1374.0,77300
2022-02-03,1372.0,1396.0,1364.0,1386.0,60400
2022-02-04,1397.0,1413.0,1374.0,1403.0,89900
2022-02-07,1373.0,1376.0,1311.0,1334.0,171600
2022-02-08,1334.0,1353.0,1323.0,1326.0,85200
2022-02-09,1345.0,1351.0,1320.0,1320.0,59300
2022-02-10,1341.0,1350.0,1318.0,1326.0,82300
2022-02-14,1312.0,1326.0,1305.0,1311.0,69900
2022-02-15,1311.0,1320.0,1277.0,1308.0,137100
2022-02-16,1333.0,1366.0,1330.0,1352.0,109100
2022-02-17,1352.0,1352.0,1325.0,1332.0,83200
2022-02-18,1319.0,1344.0,1315.0,1329.0,97600
2022-02-21,1320.0,1322.0,1290.0,1292.0,70800
2022-02-22,1284.0,1305.0,1279.0,1286.0,75900
2022-02-24,1280.0,1280.0,1243.0,1258.0,94500
2022-02-25,1266.0,1269.0,1245.0,1257.0,99500
2022-02-28,1270.0,1283.0,1244.0,1282.0,124800
2022-03-01,1286.0,1286.0,1258.0,1260.0,114400
2022-03-02,1240.0,1243.0,1202.0,1203.0,129400
2022-03-03,1226.0,1226.0,1188.0,1189.0,108200
2022-03-04,1198.0,1208.0,1187.0,1187.0,137300
2022-03-07,1182.0,1187.0,1139.0,1144.0,187500
2022-03-08,1120.0,1137.0,1100.0,1109.0,188400
2022-03-09,1105.0,1120.0,1089.0,1103.0,193300
2022-03-10,1140.0,1175.0,1131.0,1168.0,193100
2022-03-11,1145.0,1156.0,1133.0,1149.0,145000
2022-03-14,1155.0,1188.0,1139.0,1162.0,179900
2022-03-15,1165.0,1200.0,1165.0,1192.0,112000
2022-03-16,1196.0,1196.0,1173.0,1178.0,100300
2022-03-17,1200.0,1200.0,1174.0,1186.0,121100
2022-03-18,1186.0,1199.0,1176.0,1192.0,207500
2022-03-22,1210.0,1215.0,1185.0,1190.0,136100
2022-03-23,1203.0,1209.0,1192.0,1203.0,118500
2022-03-24,1190.0,1198.0,1173.0,1193.0,151600
2022-03-25,1202.0,1202.0,1185.0,1196.0,119300
2022-03-28,1198.0,1199.0,1187.0,1194.0,158400
2022-03-29,1210.0,1219.0,1188.0,1219.0,276400
2022-03-30,1197.0,1198.0,1169.0,1186.0,164100
2022-03-31,1177.0,1181.0,1167.0,1167.0,95200
2022-04-01,1167.0,1178.0,1146.0,1175.0,71200
2022-04-04,1173.0,1185.0,1170.0,1182.0,40100
2022-04-05,1196.0,1197.0,1162.0,1178.0,103400
2022-04-06,1180.0,1180.0,1158.0,1161.0,57500
2022-04-07,1155.0,1155.0,1129.0,1130.0,93700
2022-04-08,1155.0,1155.0,1122.0,1131.0,76500
2022-04-11,1135.0,1141.0,1117.0,1119.0,51900
2022-04-12,1107.0,1113.0,1093.0,1096.0,93300
2022-04-13,1096.0,1121.0,1093.0,1118.0,81800
2022-04-14,1111.0,1122.0,1111.0,1114.0,43700
2022-04-15,1111.0,1122.0,1106.0,1113.0,48500
2022-04-18,1100.0,1101.0,1078.0,1096.0,66500
2022-04-19,1091.0,1094.0,1079.0,1088.0,86200
2022-04-20,1089.0,1101.0,1082.0,1092.0,98800
2022-04-21,1096.0,1106.0,1092.0,1103.0,54800
2022-04-22,1081.0,1089.0,1075.0,1089.0,88900
2022-04-25,1070.0,1072.0,1062.0,1065.0,66500
2022-04-26,1067.0,1074.0,1062.0,1065.0,63300
2022-04-27,1061.0,1075.0,1051.0,1071.0,125600
2022-04-28,1070.0,1095.0,1068.0,1089.0,73500
2022-05-02,1089.0,1109.0,1086.0,1089.0,78900
2022-05-06,1088.0,1088.0,1072.0,1083.0,105600
2022-05-09,1079.0,1086.0,1065.0,1069.0,92600
2022-05-10,1068.0,1088.0,1052.0,1080.0,87000
2022-05-11,1075.0,1092.0,1068.0,1078.0,66800
2022-05-12,1070.0,1070.0,1040.0,1041.0,111000
2022-05-13,1011.0,1052.0,1009.0,1045.0,169100
2022-05-16,1174.0,1222.0,1155.0,1214.0,618300
2022-05-17,1220.0,1220.0,1182.0,1211.0,221600
2022-05-18,1215.0,1218.0,1189.0,1201.0,175200
2022-05-19,1167.0,1197.0,1167.0,1187.0,136200
2022-05-20,1187.0,1214.0,1180.0,1202.0,172200
2022-05-23,1215.0,1235.0,1212.0,1227.0,108700
2022-05-24,1227.0,1231.0,1198.0,1211.0,128100
2022-05-25,1206.0,1207.0,1176.0,1186.0,120400
2022-05-26,1190.0,1206.0,1185.0,1191.0,123300
2022-05-27,1214.0,1214.0,1182.0,1195.0,133900
2022-05-30,1207.0,1239.0,1198.0,1226.0,259400
2022-05-31,1237.0,1263.0,1230.0,1254.0,921200
2022-06-01,1256.0,1296.0,1253.0,1290.0,141300
2022-06-02,1281.0,1294.0,1255.0,1286.0,108400
2022-06-03,1295.0,1311.0,1277.0,1285.0,136400
2022-06-06,1283.0,1316.0,1263.0,1312.0,225200
2022-06-07,1334.0,1356.0,1327.0,1343.0,203200
2022-06-08,1348.0,1383.0,1343.0,1380.0,211500
2022-06-09,1380.0,1380.0,1357.0,1372.0,152100
2022-06-10,1355.0,1355.0,1327.0,1333.0,111300
2022-06-13,1323.0,1338.0,1308.0,1333.0,82500
2022-06-14,1295.0,1301.0,1279.0,1293.0,178300
2022-06-15,1303.0,1303.0,1264.0,1269.0,104200
2022-06-16,1288.0,1300.0,1273.0,1274.0,129100
2022-06-17,1255.0,1265.0,1229.0,1250.0,184800
2022-06-20,1258.0,1290.0,1254.0,1285.0,158500
2022-06-21,1301.0,1319.0,1288.0,1308.0,100900
2022-06-22,1320.0,1326.0,1309.0,1320.0,78800
2022-06-23,1325.0,1353.0,1322.0,1351.0,65300
2022-06-24,1362.0,1373.0,1352.0,1361.0,94100
2022-06-27,1370.0,1374.0,1355.0,1368.0,76800
2022-06-28,1359.0,1376.0,1349.0,1375.0,127300
2022-06-29,1370.0,1400.0,1356.0,1398.0,165200
2022-06-30,1407.0,1424.0,1399.0,1411.0,111800
2022-07-01,1403.0,1403.0,1361.0,1367.0,83000
2022-07-04,1390.0,1392.0,1373.0,1387.0,44500
2022-07-05,1417.0,1424.0,1389.0,1400.0,74000
2022-07-06,1410.0,1410.0,1367.0,1379.0,71300
2022-07-07,1377.0,1380.0,1354.0,1377.0,71600
2022-07-08,1384.0,1389.0,1356.0,1360.0,105800
2022-07-11,1369.0,1398.0,1369.0,1398.0,64400
2022-07-12,1384.0,1392.0,1368.0,1386.0,60200
2022-07-13,1399.0,1414.0,1382.0,1409.0,122100
2022-07-14,1409.0,1416.0,1393.0,1410.0,53500
2022-07-15,1414.0,1428.0,1403.0,1408.0,67100
2022-07-19,1410.0,1414.0,1389.0,1401.0,45500
2022-07-20,1423.0,1435.0,1417.0,1429.0,50800
2022-07-21,1425.0,1429.0,1402.0,1426.0,26200
2022-07-22,1430.0,1454.0,1428.0,1451.0,62100
2022-07-25,1452.0,1471.0,1447.0,1468.0,45700
2022-07-26,1464.0,1484.0,1454.0,1469.0,62400
2022-07-27,1469.0,1481.0,1460.0,1476.0,56100
2022-07-28,1489.0,1510.0,1483.0,1509.0,101000
2022-07-29,1514.0,1517.0,1481.0,1491.0,88200
2022-08-01,1500.0,1511.0,1492.0,1494.0,68300
2022-08-02,1480.0,1480.0,1447.0,1448.0,112200
2022-08-03,1450.0,1461.0,1422.0,1423.0,62300
2022-08-04,1439.0,1441.0,1423.0,1429.0,66700
2022-08-05,1429.0,1458.0,1429.0,1455.0,83000
2022-08-08,1281.0,1289.0,1243.0,1243.0,724800
2022-08-09,1241.0,1244.0,1206.0,1211.0,510000
2022-08-10,1201.0,1214.0,1191.0,1200.0,312300
2022-08-12,1200.0,1234.0,1197.0,1225.0,281600
2022-08-15,1230.0,1230.0,1205.0,1210.0,302000
2022-08-16,1215.0,1240.0,1211.0,1238.0,187800
2022-08-17,1243.0,1254.0,1240.0,1253.0,215600
2022-08-18,1243.0,1251.0,1237.0,1247.0,98200
2022-08-19,1255.0,1261.0,1240.0,1244.0,118400
2022-08-22,1240.0,1245.0,1223.0,1241.0,135300
2022-08-23,1239.0,1256.0,1232.0,1253.0,87900
2022-08-24,1250.0,1255.0,1242.0,1244.0,68300
2022-08-25,1244.0,1263.0,1243.0,1253.0,86600
2022-08-26,1264.0,1282.0,1263.0,1271.0,170200
2022-08-29,1256.0,1263.0,1240.0,1250.0,162600
2022-08-30,1260.0,1272.0,1256.0,1268.0,69300
2022-08-31,1261.0,1277.0,1259.0,1266.0,79900
2022-09-01,1253.0,1268.0,1247.0,1259.0,169300
2022-09-02,1263.0,1267.0,1250.0,1267.0,86700
2022-09-05,1264.0,1264.0,1233.0,1248.0,160000
2022-09-06,1235.0,1237.0,1203.0,1205.0,259400
2022-09-07,1202.0,1207.0,1188.0,1207.0,225300
2022-09-08,1213.0,1243.0,1210.0,1236.0,154100
2022-09-09,1220.0,1244.0,1220.0,1240.0,87200
2022-09-12,1245.0,1245.0,1230.0,1234.0,76900
2022-09-13,1230.0,1253.0,1227.0,1249.0,201300
2022-09-14,1234.0,1239.0,1228.0,1228.0,80500
2022-09-15,1239.0,1239.0,1213.0,1218.0,85200
2022-09-16,1218.0,1233.0,1218.0,1233.0,66400
2022-09-20,1237.0,1244.0,1228.0,1244.0,85900
2022-09-21,1228.0,1236.0,1219.0,1232.0,72600
2022-09-22,1218.0,1226.0,1210.0,1222.0,54100
2022-09-26,1200.0,1205.0,1184.0,1198.0,149000
2022-09-27,1193.0,1221.0,1192.0,1217.0,103300
2022-09-28,1208.0,1208.0,1184.0,1200.0,125700
2022-09-29,1204.0,1212.0,1196.0,1207.0,126100
2022-09-30,1197.0,1220.0,1197.0,1210.0,83500
2022-10-03,1200.0,1207.0,1182.0,1198.0,61800
2022-10-04,1204.0,1250.0,1204.0,1242.0,155600
2022-10-05,1250.0,1258.0,1239.0,1251.0,99000
2022-10-06,1241.0,1254.0,1232.0,1232.0,68500
2022-10-07,1232.0,1240.0,1224.0,1234.0,63900
2022-10-11,1218.0,1219.0,1196.0,1200.0,74400
2022-10-12,1193.0,1228.0,1193.0,1220.0,99000
2022-10-13,1207.0,1218.0,1205.0,1212.0,59700
2022-10-14,1234.0,1245.0,1221.0,1239.0,81200
2022-10-17,1222.0,1232.0,1217.0,1217.0,54600
2022-10-18,1236.0,1242.0,1226.0,1233.0,76900
2022-10-19,1230.0,1249.0,1230.0,1239.0,32300
2022-10-20,1239.0,1243.0,1231.0,1232.0,38700
2022-10-21,1220.0,1223.0,1212.0,1213.0,55800
2022-10-24,1228.0,1228.0,1197.0,1200.0,57200
2022-10-25,1200.0,1205.0,1194.0,1194.0,62700
2022-10-26,1199.0,1205.0,1195.0,1195.0,55800
2022-10-27,1196.0,1208.0,1196.0,1202.0,73100
2022-10-28,1195.0,1236.0,1194.0,1224.0,241400
2022-10-31,1238.0,1238.0,1214.0,1227.0,69500
2022-11-01,1230.0,1237.0,1210.0,1218.0,56500
2022-11-02,1215.0,1242.0,1212.0,1234.0,118200
2022-11-04,1219.0,1223.0,1192.0,1193.0,116400
2022-11-07,1193.0,1193.0,1135.0,1148.0,317100
2022-11-08,1136.0,1156.0,1121.0,1143.0,177200
2022-11-09,1145.0,1151.0,1133.0,1134.0,63900
2022-11-10,1131.0,1147.0,1126.0,1146.0,74200
2022-11-11,1157.0,1157.0,1137.0,1145.0,59700
2022-11-14,1143.0,1157.0,1138.0,1144.0,50200
2022-11-15,1143.0,1154.0,1141.0,1147.0,56200
2022-11-16,1145.0,1146.0,1137.0,1138.0,50200
2022-11-17,1138.0,1153.0,1138.0,1152.0,30800
2022-11-18,1155.0,1165.0,1150.0,1158.0,57100
2022-11-21,1165.0,1166.0,1159.0,1163.0,39500
2022-11-22,1170.0,1181.0,1167.0,1175.0,74000
2022-11-24,1185.0,1185.0,1171.0,1171.0,55400
2022-11-25,1173.0,1183.0,1170.0,1177.0,74200
2022-11-28,1185.0,1185.0,1163.0,1163.0,61800
2022-11-29,1163.0,1169.0,1152.0,1152.0,80500
2022-11-30,1182.0,1185.0,1140.0,1140.0,203300
2022-12-01,1148.0,1148.0,1136.0,1146.0,161400
2022-12-02,1139.0,1145.0,1128.0,1134.0,156400
2022-12-05,1135.0,1135.0,1118.0,1130.0,112000
2022-12-06,1127.0,1147.0,1122.0,1137.0,130200
2022-12-07,1132.0,1141.0,1130.0,1140.0,36300
2022-12-08,1143.0,1149.0,1137.0,1147.0,80900
2022-12-09,1149.0,1165.0,1147.0,1163.0,85200
2022-12-12,1165.0,1169.0,1161.0,1162.0,51200
2022-12-13,1170.0,1181.0,1167.0,1170.0,69000
2022-12-14,1177.0,1177.0,1169.0,1173.0,36500
2022-12-15,1175.0,1181.0,1173.0,1181.0,28700
2022-12-16,1175.0,1177.0,1162.0,1164.0,48300
2022-12-19,1164.0,1172.0,1159.0,1165.0,36600
2022-12-20,1175.0,1183.0,1148.0,1160.0,110700
2022-12-21,1150.0,1162.0,1142.0,1149.0,89100
2022-12-22,1149.0,1160.0,1135.0,1160.0,45700
2022-12-23,1154.0,1157.0,1148.0,1154.0,27500
2022-12-26,1157.0,1163.0,1148.0,1148.0,26400
2022-12-27,1160.0,1172.0,1155.0,1167.0,33200
2022-12-28,1170.0,1170.0,1155.0,1166.0,68200
2022-12-29,1166.0,1173.0,1156.0,1173.0,40800
2022-12-30,1170.0,1181.0,1170.0,1170.0,51300
2023-01-04,1165.0,1165.0,1135.0,1135.0,74200
2023-01-05,1132.0,1132.0,1117.0,1126.0,67100
2023-01-06,1125.0,1127.0,1118.0,1127.0,48800
2023-01-10,1139.0,1148.0,1136.0,1141.0,76700
2023-01-11,1146.0,1149.0,1140.0,1142.0,37300
2023-01-12,1140.0,1141.0,1129.0,1130.0,69000
2023-01-13,1127.0,1137.0,1126.0,1131.0,40300
2023-01-16,1129.0,1132.0,1122.0,1129.0,54200
2023-01-17,1127.0,1132.0,1124.0,1129.0,37300
2023-01-18,1128.0,1135.0,1126.0,1130.0,41500
2023-01-19,1127.0,1137.0,1122.0,1132.0,103000
2023-01-20,1137.0,1145.0,1134.0,1141.0,62200
2023-01-23,1154.0,1165.0,1152.0,1163.0,87500
2023-01-24,1175.0,1182.0,1166.0,1178.0,114000
2023-01-25,1180.0,1184.0,1176.0,1179.0,58600
2023-01-26,1180.0,1180.0,1168.0,1169.0,41300
2023-01-27,1171.0,1171.0,1163.0,1163.0,65200
2023-01-30,1167.0,1168.0,1153.0,1157.0,112000
2023-01-31,1161.0,1172.0,1160.0,1171.0,64700
2023-02-01,1180.0,1193.0,1174.0,1190.0,81300
2023-02-02,1190.0,1191.0,1165.0,1168.0,58900
2023-02-03,1165.0,1190.0,1159.0,1168.0,157700
2023-02-06,1167.0,1177.0,1152.0,1175.0,157800
2023-02-07,1175.0,1182.0,1166.0,1175.0,97000
2023-02-08,1170.0,1180.0,1168.0,1176.0,54900
2023-02-09,1172.0,1184.0,1172.0,1178.0,43600
2023-02-10,1170.0,1174.0,1164.0,1172.0,60000
2023-02-13,1178.0,1189.0,1175.0,1183.0,70000
2023-02-14,1193.0,1195.0,1184.0,1187.0,51000
2023-02-15,1193.0,1193.0,1173.0,1177.0,65600
2023-02-16,1189.0,1194.0,1176.0,1180.0,53000
2023-02-17,1174.0,1179.0,1171.0,1177.0,50700
2023-02-20,1181.0,1194.0,1180.0,1190.0,53500
2023-02-21,1190.0,1197.0,1189.0,1193.0,60800
2023-02-22,1180.0,1184.0,1171.0,1171.0,66800
2023-02-24,1171.0,1181.0,1169.0,1180.0,69100
2023-02-27,1180.0,1203.0,1179.0,1201.0,99900
2023-02-28,1194.0,1196.0,1188.0,1191.0,62600
2023-03-01,1183.0,1188.0,1180.0,1183.0,52000
2023-03-02,1181.0,1188.0,1176.0,1178.0,68500
2023-03-03,1184.0,1186.0,1178.0,1186.0,105700
2023-03-06,1182.0,1188.0,1182.0,1185.0,82700
2023-03-07,1186.0,1195.0,1183.0,1184.0,76400
2023-03-08,1183.0,1185.0,1181.0,1184.0,70800
2023-03-09,1185.0,1201.0,1184.0,1198.0,106800
2023-03-10,1183.0,1187.0,1177.0,1178.0,171900
2023-03-13,1168.0,1171.0,1151.0,1162.0,130100
2023-03-14,1143.0,1150.0,1128.0,1136.0,196200
2023-03-15,1140.0,1144.0,1128.0,1132.0,112100
2023-03-16,1119.0,1129.0,1108.0,1129.0,143100
2023-03-17,1123.0,1135.0,1123.0,1133.0,151400
2023-03-20,1133.0,1137.0,1122.0,1122.0,130300
2023-03-22,1140.0,1144.0,1136.0,1143.0,96900
2023-03-23,1136.0,1155.0,1133.0,1151.0,101600
2023-03-24,1142.0,1148.0,1135.0,1147.0,148600
2023-03-27,1155.0,1164.0,1153.0,1153.0,142100
2023-03-28,1156.0,1162.0,1153.0,1158.0,125400
2023-03-29,1162.0,1178.0,1156.0,1176.0,303600
2023-03-30,1155.0,1157.0,1142.0,1149.0,139100
2023-03-31,1157.0,1166.0,1151.0,1161.0,108600
2023-04-03,1167.0,1178.0,1165.0,1173.0,64500
2023-04-04,1173.0,1186.0,1170.0,1181.0,92800
2023-04-05,1167.0,1175.0,1155.0,1155.0,78300
2023-04-06,1150.0,1156.0,1144.0,1155.0,62500
2023-04-07,1157.0,1167.0,1154.0,1156.0,59700
2023-04-10,1160.0,1170.0,1158.0,1162.0,36400
2023-04-11,1171.0,1178.0,1167.0,1174.0,52600
2023-04-12,1178.0,1195.0,1176.0,1185.0,70600
2023-04-13,1186.0,1198.0,1185.0,1196.0,50000
2023-04-14,1200.0,1206.0,1195.0,1203.0,75500
2023-04-17,1210.0,1212.0,1197.0,1202.0,39300
2023-04-18,1205.0,1214.0,1199.0,1211.0,46300
2023-04-19,1211.0,1216.0,1205.0,1210.0,34500
2023-04-20,1209.0,1227.0,1206.0,1223.0,57400
2023-04-21,1228.0,1247.0,1225.0,1238.0,94500
2023-04-24,1238.0,1242.0,1224.0,1229.0,54400
2023-04-25,1234.0,1244.0,1229.0,1235.0,86400
2023-04-26,1231.0,1232.0,1218.0,1227.0,42200
2023-04-27,1227.0,1241.0,1224.0,1241.0,56300
2023-04-28,1248.0,1263.0,1235.0,1243.0,123800
2023-05-01,1245.0,1253.0,1234.0,1253.0,74400
2023-05-02,1255.0,1258.0,1245.0,1250.0,54300
2023-05-08,1247.0,1267.0,1243.0,1247.0,83600
2023-05-09,1242.0,1256.0,1242.0,1252.0,47900
2023-05-10,1242.0,1251.0,1229.0,1234.0,52600
2023-05-11,1230.0,1257.0,1229.0,1245.0,76100
2023-05-12,1215.0,1224.0,1185.0,1198.0,168100
2023-05-15,1201.0,1206.0,1186.0,1193.0,74900
2023-05-16,1193.0,1195.0,1171.0,1173.0,68000
2023-05-17,1473.0,1473.0,1425.0,1450.0,2482600
2023-05-18,1515.0,1631.0,1513.0,1615.0,3953200
2023-05-19,1604.0,1652.0,1575.0,1635.0,1301900
2023-05-22,1640.0,1640.0,1576.0,1601.0,829500
2023-05-23,1594.0,1610.0,1547.0,1569.0,988400
2023-05-24,1563.0,1573.0,1544.0,1547.0,364700
2023-05-25,1531.0,1552.0,1523.0,1534.0,294900
2023-05-26,1534.0,1568.0,1518.0,1562.0,251700
2023-05-29,1588.0,1605.0,1571.0,1598.0,387700
2023-05-30,1591.0,1623.0,1574.0,1580.0,374800
2023-05-31,1576.0,1593.0,1571.0,1575.0,290100
2023-06-01,1590.0,1606.0,1586.0,1606.0,338500
2023-06-02,1610.0,1670.0,1610.0,1670.0,434200
2023-06-05,1667.0,1688.0,1657.0,1679.0,405700
2023-06-06,1674.0,1742.0,1662.0,1740.0,330100
2023-06-07,1731.0,1765.0,1703.0,1710.0,471900
2023-06-08,1709.0,1762.0,1709.0,1757.0,403000
2023-06-09,1769.0,1821.0,1764.0,1814.0,470500
2023-06-12,1805.0,1833.0,1791.0,1805.0,354300
2023-06-13,1801.0,1808.0,1771.0,1793.0,374300
2023-06-14,1782.0,1839.0,1778.0,1833.0,334400
2023-06-15,1818.0,1858.0,1818.0,1818.0,317700
2023-06-16,1802.0,1805.0,1708.0,1761.0,522500
2023-06-19,1772.0,1786.0,1741.0,1746.0,280400
2023-06-20,1740.0,1781.0,1726.0,1778.0,221200
2023-06-21,1766.0,1805.0,1750.0,1764.0,255600
2023-06-22,1746.0,1780.0,1743.0,1774.0,174200
2023-06-23,1781.0,1787.0,1732.0,1750.0,350800
2023-06-26,1741.0,1745.0,1714.0,1725.0,261200
2023-06-27,1691.0,1709.0,1674.0,1685.0,396900
2023-06-28,1715.0,1769.0,1713.0,1763.0,241200
2023-06-29,1763.0,1806.0,1762.0,1770.0,243400
2023-06-30,1763.0,1773.0,1730.0,1732.0,172800
2023-07-03,1730.0,1765.0,1726.0,1745.0,169500
2023-07-04,1731.0,1751.0,1725.0,1728.0,118700
2023-07-05,1721.0,1726.0,1704.0,1720.0,139500
2023-07-06,1704.0,1730.0,1693.0,1707.0,198600
2023-07-07,1688.0,1745.0,1683.0,1729.0,269200
2023-07-10,1728.0,1760.0,1714.0,1749.0,217900
2023-07-11,1755.0,1766.0,1710.0,1715.0,212700
2023-07-12,1711.0,1720.0,1695.0,1699.0,146200
2023-07-13,1709.0,1740.0,1691.0,1732.0,126500
2023-07-14,1732.0,1741.0,1710.0,1715.0,113600
2023-07-18,1706.0,1719.0,1677.0,1686.0,200800
2023-07-19,1716.0,1727.0,1684.0,1695.0,113900
2023-07-20,1702.0,1713.0,1690.0,1698.0,87600
2023-07-21,1698.0,1706.0,1686.0,1688.0,70200
2023-07-24,1694.0,1705.0,1685.0,1690.0,126600
2023-07-25,1700.0,1707.0,1671.0,1676.0,195800
2023-07-26,1676.0,1685.0,1671.0,1671.0,89700
2023-07-27,1671.0,1684.0,1655.0,1679.0,110300
2023-07-28,1665.0,1683.0,1654.0,1678.0,136600
2023-07-31,1700.0,1717.0,1691.0,1695.0,108900
2023-08-01,1715.0,1777.0,1713.0,1777.0,328500
2023-08-02,1781.0,1785.0,1758.0,1758.0,131100
2023-08-03,1749.0,1752.0,1726.0,1729.0,129700
2023-08-04,1721.0,1750.0,1721.0,1733.0,181400
2023-08-07,1704.0,1764.0,1631.0,1763.0,554100
2023-08-08,1772.0,1844.0,1772.0,1839.0,285800
2023-08-09,1855.0,1881.0,1821.0,1861.0,165800
2023-08-10,1881.0,1909.0,1862.0,1907.0,121400
2023-08-14,1909.0,1926.0,1872.0,1872.0,90100
2023-08-15,1877.0,1877.0,1839.0,1839.0,123300
2023-08-16,1816.0,1849.0,1798.0,1841.0,100100
2023-08-17,1835.0,1836.0,1806.0,1822.0,160800
2023-08-18,1805.0,1825.0,1779.0,1805.0,136900
2023-08-21,1805.0,1838.0,1805.0,1830.0,87500
2023-08-22,1834.0,1885.0,1823.0,1885.0,118900
2023-08-23,1877.0,1904.0,1874.0,1902.0,109600
2023-08-24,1908.0,1917.0,1875.0,1875.0,68300
2023-08-25,1858.0,1879.0,1847.0,1861.0,82000
2023-08-28,1865.0,1876.0,1838.0,1844.0,80900
2023-08-29,1874.0,1910.0,1865.0,1910.0,136700
2023-08-30,1910.0,1910.0,1883.0,1896.0,107700
2023-08-31,1896.0,1926.0,1888.0,1923.0,144200
2023-09-01,1907.0,1909.0,1871.0,1895.0,124600
2023-09-04,1895.0,1919.0,1879.0,1909.0,113100
2023-09-05,1903.0,1919.0,1903.0,1919.0,56600
2023-09-06,1925.0,1978.0,1925.0,1978.0,172200
2023-09-07,1965.0,1967.0,1920.0,1939.0,132100
2023-09-08,1979.0,1979.0,1931.0,1931.0,130600
2023-09-11,1940.0,1955.0,1907.0,1913.0,90200
2023-09-12,1920.0,1953.0,1919.0,1952.0,89900
2023-09-13,1943.0,1957.0,1932.0,1953.0,76400
2023-09-14,1959.0,1973.0,1944.0,1963.0,58900
2023-09-15,1979.0,1989.0,1950.0,1957.0,103400
2023-09-19,1946.0,1953.0,1921.0,1928.0,152500
2023-09-20,1888.0,1899.0,1823.0,1826.0,374600
2023-09-21,1821.0,1825.0,1786.0,1787.0,234100
2023-09-22,1769.0,1827.0,1750.0,1794.0,182300
2023-09-25,1796.0,1870.0,1796.0,1866.0,186100
2023-09-26,1866.0,1913.0,1866.0,1886.0,145400
2023-09-27,1882.0,1893.0,1844.0,1889.0,123900
2023-09-28,1870.0,1899.0,1854.0,1869.0,157400
2023-09-29,1856.0,1885.0,1843.0,1857.0,78300
2023-10-02,1869.0,1869.0,1755.0,1755.0,209200
2023-10-03,1778.0,1823.0,1762.0,1789.0,174200
2023-10-04,1763.0,1794.0,1750.0,1765.0,107400
2023-10-05,1765.0,1803.0,1753.0,1798.0,160100
2023-10-06,1782.0,1825.0,1778.0,1794.0,103700
2023-10-10,1834.0,1836.0,1796.0,1802.0,71900
2023-10-11,1801.0,1815.0,1783.0,1787.0,45800
2023-10-12,1788.0,1808.0,1788.0,1803.0,63100
2023-10-13,1781.0,1785.0,1721.0,1721.0,131000
2023-10-16,1713.0,1730.0,1687.0,1705.0,104500
2023-10-17,1729.0,1741.0,1687.0,1704.0,94700
2023-10-18,1727.0,1727.0,1684.0,1713.0,65200
2023-10-19,1687.0,1717.0,1677.0,1703.0,72300
2023-10-20,1690.0,1702.0,1666.0,1685.0,60400
2023-10-23,1672.0,1699.0,1672.0,1680.0,76000
2023-10-24,1680.0,1703.0,1642.0,1697.0,81900
2023-10-25,1706.0,1720.0,1700.0,1702.0,36300
2023-10-26,1691.0,1703.0,1675.0,1687.0,57900
2023-10-27,1715.0,1735.0,1710.0,1725.0,83100
2023-10-30,1707.0,1725.0,1689.0,1697.0,63000
2023-10-31,1693.0,1735.0,1693.0,1735.0,69400
2023-11-01,1755.0,1764.0,1710.0,1724.0,115100
2023-11-02,1745.0,1745.0,1688.0,1706.0,147900
2023-11-06,1586.0,1586.0,1536.0,1549.0,590800
2023-11-07,1540.0,1574.0,1527.0,1527.0,248000
2023-11-08,1527.0,1540.0,1498.0,1509.0,257100
2023-11-09,1491.0,1551.0,1491.0,1547.0,143000
2023-11-10,1560.0,1630.0,1549.0,1620.0,307200
2023-11-13,1620.0,1661.0,1608.0,1644.0,147900
2023-11-14,1647.0,1666.0,1641.0,1641.0,139200
2023-11-15,1653.0,1677.0,1614.0,1658.0,161200
2023-11-16,1658.0,1672.0,1613.0,1614.0,151900
2023-11-17,1613.0,1616.0,1601.0,1616.0,76800
2023-11-20,1624.0,1639.0,1615.0,1623.0,69300
2023-11-21,1625.0,1640.0,1617.0,1630.0,48400
2023-11-22,1639.0,1655.0,1631.0,1653.0,48500
2023-11-24,1664.0,1666.0,1643.0,1661.0,49500
2023-11-27,1673.0,1696.0,1668.0,1688.0,109600
2023-11-28,1683.0,1734.0,1681.0,1726.0,134300
2023-11-29,1729.0,1747.0,1719.0,1726.0,98700
2023-11-30,1715.0,1721.0,1687.0,1706.0,76900
2023-12-01,1706.0,1710.0,1675.0,1675.0,56400
2023-12-04,1661.0,1695.0,1660.0,1687.0,48900
2023-12-05,1678.0,1689.0,1668.0,1670.0,54700
2023-12-06,1672.0,1737.0,1672.0,1733.0,73900
2023-12-07,1730.0,1746.0,1717.0,1741.0,74100
2023-12-08,1739.0,1743.0,1677.0,1688.0,104900
2023-12-11,1688.0,1710.0,1685.0,1700.0,88900
2023-12-12,1710.0,1714.0,1667.0,1682.0,79300
2023-12-13,1685.0,1701.0,1677.0,1684.0,47700
2023-12-14,1685.0,1701.0,1657.0,1673.0,52400
2023-12-15,1698.0,1699.0,1656.0,1669.0,107800
2023-12-18,1666.0,1678.0,1638.0,1667.0,108800
2023-12-19,1671.0,1683.0,1661.0,1683.0,68000
2023-12-20,1680.0,1696.0,1672.0,1672.0,69100
2023-12-21,1650.0,1655.0,1624.0,1624.0,110000
2023-12-22,1624.0,1651.0,1622.0,1642.0,89100
2023-12-25,1657.0,1663.0,1632.0,1645.0,66700
2023-12-26,1642.0,1651.0,1622.0,1629.0,92800
2023-12-27,1639.0,1649.0,1625.0,1649.0,136100
2023-12-28,1645.0,1645.0,1627.0,1640.0,68300
2023-12-29,1648.0,1666.0,1644.0,1657.0,82900
2024-01-04,1657.0,1706.0,1641.0,1702.0,78800
2024-01-05,1706.0,1727.0,1702.0,1726.0,112000
2024-01-09,1733.0,1765.0,1733.0,1765.0,66700
2024-01-10,1772.0,1772.0,1749.0,1752.0,76900
2024-01-11,1762.0,1777.0,1751.0,1761.0,66700
2024-01-12,1764.0,1773.0,1733.0,1738.0,48300
2024-01-15,1738.0,1760.0,1738.0,1752.0,11400
2024-01-16,1789.0,1823.0,1770.0,1772.0,64600
2024-01-17,1773.0,1784.0,1734.0,1735.0,86100
2024-01-18,1730.0,1758.0,1724.0,1751.0,35000
2024-01-19,1758.0,1760.0,1738.0,1745.0,50500
2024-01-22,1764.0,1781.0,1762.0,1781.0,44600
2024-01-23,1782.0,1803.0,1772.0,1777.0,57900
2024-01-24,1781.0,1789.0,1760.0,1765.0,49300
2024-01-25,1758.0,1758.0,1758.0,1758.0,10900
2024-01-26,1758.0,1794.0,1751.0,1782.0,77600
2024-01-29,1793.0,1817.0,1787.0,1812.0,80900
2024-01-30,1818.0,1833.0,1760.0,1762.0,91500
2024-01-31,1755.0,1780.0,1751.0,1780.0,82200
2024-02-01,1764.0,1796.0,1759.0,1788.0,83600
2024-02-02,1800.0,1808.0,1765.0,1781.0,155800
2024-02-05,1630.0,1670.0,1602.0,1637.0,636600
2024-02-06,1639.0,1661.0,1635.0,1640.0,278400
2024-02-07,1633.0,1644.0,1607.0,1627.0,211400
2024-02-08,1625.0,1625.0,1594.0,1608.0,170200
2024-02-09,1608.0,1621.0,1590.0,1610.0,144300
2024-02-13,1613.0,1613.0,1581.0,1603.0,167400
2024-02-14,1590.0,1592.0,1573.0,1577.0,120200
2024-02-15,1583.0,1595.0,1556.0,1569.0,154900
2024-02-16,1592.0,1657.0,1581.0,1623.0,237900
2024-02-19,1628.0,1645.0,1614.0,1643.0,60000
2024-02-20,1642.0,1655.0,1633.0,1646.0,121400
2024-02-21,1642.0,1649.0,1624.0,1630.0,67300
2024-02-22,1636.0,1656.0,1618.0,1621.0,71100
2024-02-26,1628.0,1658.0,1628.0,1644.0,102200
2024-02-27,1646.0,1653.0,1623.0,1627.0,61700
2024-02-28,1627.0,1652.0,1627.0,1637.0,54800
2024-02-29,1641.0,1658.0,1637.0,1646.0,67600
2024-03-01,1657.0,1663.0,1631.0,1632.0,95200
2024-03-04,1634.0,1636.0,1613.0,1619.0,94400
2024-03-05,1614.0,1653.0,1611.0,1651.0,84100
2024-03-06,1664.0,1699.0,1656.0,1683.0,177100
2024-03-07,1681.0,1699.0,1674.0,1683.0,150500
2024-03-08,1676.0,1705.0,1668.0,1691.0,152800
2024-03-11,1674.0,1695.0,1653.0,1678.0,112200
2024-03-12,1677.0,1704.0,1651.0,1703.0,83500
2024-03-13,1727.0,1733.0,1689.0,1705.0,130600
2024-03-14,1720.0,1729.0,1691.0,1696.0,94400
2024-03-15,1689.0,1724.0,1680.0,1715.0,124200
2024-03-18,1754.0,1820.0,1741.0,1782.0,301900
2024-03-19,1804.0,1837.0,1794.0,1809.0,190400
2024-03-21,1829.0,1830.0,1785.0,1803.0,261000
2024-03-22,1820.0,1839.0,1801.0,1820.0,117600
2024-03-25,1815.0,1815.0,1782.0,1783.0,213100
2024-03-26,1798.0,1806.0,1773.0,1781.0,129400
2024-03-27,1778.0,1794.0,1771.0,1780.0,260100
2024-03-28,1780.0,1795.0,1726.0,1731.0,200600
2024-03-29,1752.0,1783.0,1750.0,1775.0,80600
2024-04-01,1787.0,1794.0,1742.0,1742.0,66900
2024-04-02,1726.0,1728.0,1694.0,1705.0,81600
2024-04-03,1691.0,1705.0,1675.0,1675.0,93800
2024-04-04,1692.0,1707.0,1681.0,1697.0,99400
2024-04-05,1668.0,1698.0,1661.0,1698.0,132700
2024-04-08,1708.0,1722.0,1700.0,1722.0,79400
2024-04-09,1723.0,1754.0,1713.0,1742.0,55300
2024-04-10,1758.0,1758.0,1717.0,1717.0,35300
2024-04-11,1700.0,1731.0,1687.0,1719.0,41600
2024-04-12,1727.0,1758.0,1718.0,1753.0,76200
2024-04-15,1744.0,1784.0,1740.0,1780.0,61500
2024-04-16,1780.0,1790.0,1752.0,1767.0,188700
2024-04-17,1777.0,1777.0,1710.0,1728.0,65500
2024-04-18,1723.0,1743.0,1722.0,1735.0,53800
2024-04-19,1721.0,1724.0,1672.0,1703.0,94800
2024-04-22,1715.0,1780.0,1715.0,1775.0,71500
2024-04-23,1780.0,1792.0,1764.0,1776.0,98900
2024-04-24,1782.0,1782.0,1761.0,1775.0,41300
2024-04-25,1760.0,1805.0,1752.0,1779.0,93800
2024-04-26,1793.0,1795.0,1752.0,1769.0,60800
2024-04-30,1774.0,1781.0,1755.0,1778.0,47700
2024-05-01,1772.0,1797.0,1760.0,1796.0,54000
2024-05-02,1800.0,1805.0,1779.0,1794.0,32000
2024-05-07,1809.0,1843.0,1797.0,1838.0,83000
2024-05-08,1836.0,1861.0,1822.0,1828.0,74700
2024-05-09,1830.0,1842.0,1804.0,1831.0,62000
2024-05-10,1847.0,1863.0,1824.0,1850.0,121400
2024-05-13,1580.0,1600.0,1503.0,1548.0,1099000
2024-05-14,1550.0,1557.0,1501.0,1511.0,597000
2024-05-15,1518.0,1539.0,1507.0,1512.0,336100
2024-05-16,1520.0,1532.0,1474.0,1501.0,326200
2024-05-17,1491.0,1537.0,1476.0,1529.0,224800
2024-05-20,1529.0,1543.0,1523.0,1532.0,159200
2024-05-21,1535.0,1540.0,1476.0,1476.0,185500
2024-05-22,1475.0,1495.0,1463.0,1479.0,175900
2024-05-23,1477.0,1477.0,1443.0,1465.0,192700
2024-05-24,1443.0,1498.0,1443.0,1490.0,131800
2024-05-27,1493.0,1514.0,1486.0,1497.0,136800
2024-05-28,1494.0,1506.0,1467.0,1469.0,92500
2024-05-29,1469.0,1473.0,1440.0,1443.0,116800
2024-05-30,1440.0,1450.0,1419.0,1448.0,111900
2024-05-31,1470.0,1492.0,1465.0,1492.0,183600
2024-06-03,1497.0,1507.0,1487.0,1503.0,110900
2024-06-04,1494.0,1520.0,1491.0,1502.0,129500
2024-06-05,1502.0,1524.0,1494.0,1496.0,86100
2024-06-06,1496.0,1503.0,1470.0,1470.0,77300
2024-06-07,1460.0,1460.0,1442.0,1451.0,101100
2024-06-10,1451.0,1470.0,1439.0,1451.0,110100
2024-06-11,1451.0,1456.0,1423.0,1423.0,143500
2024-06-12,1423.0,1426.0,1414.0,1415.0,113400
2024-06-13,1416.0,1416.0,1398.0,1402.0,142600
2024-06-14,1397.0,1432.0,1396.0,1428.0,146100
2024-06-17,1430.0,1433.0,1398.0,1431.0,158000
2024-06-18,1444.0,1462.0,1426.0,1436.0,189100
2024-06-19,1444.0,1456.0,1437.0,1452.0,90000
2024-06-20,1453.0,1453.0,1432.0,1445.0,76400
2024-06-21,1442.0,1446.0,1422.0,1422.0,217000
2024-06-24,1439.0,1468.0,1429.0,1468.0,146900
2024-06-25,1469.0,1484.0,1462.0,1484.0,161700
2024-06-26,1491.0,1506.0,1479.0,1499.0,206100
2024-06-27,1495.0,1507.0,1486.0,1507.0,113700
2024-06-28,1507.0,1507.0,1480.0,1493.0,148400
2024-07-01,1506.0,1510.0,1495.0,1503.0,103700
2024-07-02,1513.0,1520.0,1500.0,1510.0,152600
2024-07-03,1510.0,1526.0,1504.0,1523.0,82000
2024-07-04,1525.0,1526.0,1512.0,1513.0,56600
2024-07-05,1513.0,1515.0,1497.0,1497.0,60700
2024-07-08,1497.0,1517.0,1497.0,1512.0,61400
2024-07-09,1512.0,1527.0,1502.0,1517.0,96000
2024-07-10,1517.0,1520.0,1499.0,1510.0,53400
2024-07-11,1525.0,1530.0,1506.0,1513.0,60500
2024-07-12,1500.0,1533.0,1500.0,1524.0,167300
2024-07-16,1527.0,1527.0,1501.0,1505.0,55500
2024-07-17,1524.0,1529.0,1515.0,1521.0,56700
2024-07-18,1520.0,1538.0,1512.0,1530.0,136100
2024-07-19,1530.0,1533.0,1511.0,1524.0,34900
2024-07-22,1518.0,1519.0,1501.0,1505.0,43000
2024-07-23,1510.0,1535.0,1504.0,1515.0,107600
2024-07-24,1514.0,1516.0,1493.0,1500.0,68300
2024-07-25,1492.0,1507.0,1488.0,1500.0,88600
2024-07-26,1493.0,1508.0,1491.0,1495.0,58600
2024-07-29,1513.0,1522.0,1505.0,1507.0,134000
2024-07-30,1508.0,1511.0,1492.0,1494.0,136300
2024-07-31,1501.0,1529.0,1495.0,1529.0,237800
2024-08-01,1529.0,1529.0,1476.0,1485.0,192000
2024-08-02,1455.0,1458.0,1391.0,1394.0,184600
2024-08-05,1274.0,1349.0,1187.0,1196.0,267700
2024-08-06,1280.0,1352.0,1274.0,1340.0,151400
2024-08-07,1290.0,1356.0,1284.0,1330.0,153600
2024-08-08,1316.0,1353.0,1311.0,1334.0,91500
2024-08-09,1364.0,1364.0,1312.0,1339.0,87900
2024-08-13,1339.0,1369.0,1334.0,1369.0,85000
2024-08-14,1369.0,1385.0,1353.0,1382.0,73300
2024-08-15,1399.0,1422.0,1387.0,1395.0,53600
2024-08-16,1425.0,1438.0,1409.0,1429.0,70500
2024-08-19,1418.0,1443.0,1413.0,1432.0,107400
2024-08-20,1423.0,1442.0,1420.0,1429.0,70000
2024-08-21,1424.0,1461.0,1424.0,1452.0,64700
2024-08-22,1480.0,1484.0,1449.0,1465.0,103600
2024-08-23,1465.0,1472.0,1441.0,1458.0,36900
2024-08-26,1465.0,1475.0,1460.0,1467.0,41700
2024-08-27,1474.0,1498.0,1469.0,1478.0,57300
2024-08-28,1472.0,1482.0,1454.0,1477.0,130100
2024-08-29,1477.0,1482.0,1459.0,1470.0,35000
2024-08-30,1465.0,1471.0,1455.0,1458.0,180000
2024-09-02,1460.0,1480.0,1451.0,1472.0,112600
2024-09-03,1473.0,1509.0,1469.0,1493.0,171100
2024-09-04,1463.0,1482.0,1444.0,1450.0,195400
2024-09-05,1447.0,1472.0,1436.0,1446.0,169100
2024-09-06,1461.0,1461.0,1423.0,1432.0,102000
2024-09-09,1411.0,1433.0,1401.0,1430.0,52000
2024-09-10,1425.0,1442.0,1418.0,1430.0,27600
2024-09-11,1425.0,1425.0,1362.0,1369.0,265400
2024-09-12,1410.0,1418.0,1393.0,1417.0,327600
2024-09-13,1409.0,1413.0,1393.0,1393.0,76400
2024-09-17,1400.0,1410.0,1365.0,1381.0,99800
2024-09-18,1396.0,1402.0,1376.0,1397.0,66600
2024-09-19,1404.0,1416.0,1397.0,1404.0,103900
2024-09-20,1417.0,1430.0,1405.0,1413.0,188000
2024-09-24,1413.0,1433.0,1405.0,1429.0,93000
2024-09-25,1429.0,1440.0,1422.0,1424.0,214500
2024-09-26,1435.0,1467.0,1431.0,1465.0,249200
2024-09-27,1452.0,1471.0,1446.0,1458.0,159000
2024-09-30,1430.0,1438.0,1406.0,1418.0,81900
2024-10-01,1406.0,1458.0,1405.0,1436.0,162600
2024-10-02,1428.0,1454.0,1418.0,1422.0,278700
2024-10-03,1445.0,1450.0,1420.0,1448.0,128000
2024-10-04,1458.0,1467.0,1453.0,1467.0,59100
2024-10-07,1477.0,1482.0,1464.0,1474.0,56400
2024-10-08,1460.0,1465.0,1454.0,1463.0,93400
2024-10-09,1460.0,1470.0,1459.0,1460.0,63700
2024-10-10,1454.0,1465.0,1445.0,1457.0,95500
2024-10-11,1456.0,1477.0,1452.0,1473.0,104800
2024-10-15,1473.0,1490.0,1462.0,1484.0,80900
2024-10-16,1479.0,1496.0,1470.0,1478.0,56300
2024-10-17,1486.0,1494.0,1478.0,1481.0,46300
2024-10-18,1488.0,1494.0,1466.0,1487.0,125800
2024-10-21,1490.0,1490.0,1475.0,1475.0,72200
2024-10-22,1475.0,1479.0,1433.0,1433.0,98500
2024-10-23,1433.0,1438.0,1398.0,1398.0,79200
2024-10-24,1383.0,1399.0,1372.0,1391.0,78500
2024-10-25,1391.0,1401.0,1361.0,1368.0,57000
2024-10-28,1373.0,1398.0,1366.0,1389.0,57500
2024-10-29,1393.0,1404.0,1382.0,1403.0,83000
2024-10-30,1410.0,1420.0,1397.0,1413.0,343600
2024-10-31,1406.0,1435.0,1398.0,1426.0,97300
2024-11-01,1422.0,1439.0,1407.0,1407.0,331700
2024-11-05,1378.0,1382.0,1322.0,1347.0,297000
2024-11-06,1365.0,1380.0,1348.0,1348.0,115400
2024-11-07,1350.0,1375.0,1350.0,1362.0,102400
2024-11-08,1365.0,1385.0,1362.0,1366.0,147300
2024-11-11,1357.0,1384.0,1357.0,1379.0,81700
2024-11-12,1385.0,1416.0,1383.0,1411.0,173100
2024-11-13,1399.0,1422.0,1399.0,1422.0,69100
2024-11-14,1420.0,1437.0,1405.0,1405.0,58900
2024-11-15,1413.0,1419.0,1401.0,1412.0,51500
2024-11-18,1410.0,1416.0,1406.0,1409.0,51400
2024-11-19,1410.0,1472.0,1410.0,1466.0,139800
2024-11-20,1458.0,1465.0,1436.0,1439.0,59100
2024-11-21,1451.0,1473.0,1449.0,1456.0,44100
2024-11-22,1446.0,1472.0,1446.0,1471.0,45800
2024-11-25,1471.0,1475.0,1453.0,1453.0,70000
2024-11-26,1463.0,1471.0,1458.0,1468.0,49500
2024-11-27,1473.0,1473.0,1447.0,1457.0,36900
2024-11-28,1457.0,1479.0,1456.0,1465.0,59500
2024-11-29,1451.0,1480.0,1451.0,1467.0,31800
2024-12-02,1473.0,1477.0,1463.0,1474.0,37600
2024-12-03,1487.0,1504.0,1479.0,1479.0,80800
2024-12-04,1463.0,1477.0,1461.0,1463.0,59900
2024-12-05,1470.0,1475.0,1464.0,1466.0,38700
2024-12-06,1479.0,1480.0,1470.0,1474.0,22900
2024-12-09,1472.0,1483.0,1470.0,1470.0,39100
2024-12-10,1478.0,1481.0,1469.0,1469.0,101800
2024-12-11,1472.0,1478.0,1471.0,1472.0,26700
2024-12-12,1484.0,1494.0,1479.0,1487.0,97600
2024-12-13,1478.0,1502.0,1478.0,1497.0,55200
2024-12-16,1497.0,1503.0,1484.0,1490.0,86800
2024-12-17,1490.0,1503.0,1487.0,1487.0,39700
2024-12-18,1489.0,1502.0,1487.0,1492.0,39300
2024-12-19,1474.0,1480.0,1446.0,1446.0,81900
2024-12-20,1463.0,1463.0,1402.0,1402.0,235500
2024-12-23,1425.0,1449.0,1419.0,1440.0,58000
2024-12-24,1437.0,1462.0,1430.0,1459.0,49800
2024-12-25,1445.0,1451.0,1433.0,1448.0,36000
2024-12-26,1448.0,1465.0,1448.0,1465.0,59600
2024-12-27,1459.0,1468.0,1454.0,1462.0,40200
2024-12-30,1462.0,1482.0,1462.0,1477.0,44900
2025-01-06,1479.0,1481.0,1448.0,1450.0,60800
2025-01-07,1457.0,1461.0,1432.0,1451.0,53000
2025-01-08,1441.0,1447.0,1436.0,1436.0,43900
2025-01-09,1436.0,1438.0,1425.0,1432.0,66100
2025-01-10,1425.0,1446.0,1421.0,1433.0,52700
2025-01-14,1426.0,1426.0,1401.0,1412.0,60900
2025-01-15,1417.0,1434.0,1413.0,1426.0,50800
2025-01-16,1426.0,1434.0,1417.0,1425.0,62500
2025-01-17,1417.0,1417.0,1399.0,1406.0,38800
2025-01-20,1409.0,1429.0,1406.0,1421.0,21400
2025-01-21,1422.0,1429.0,1414.0,1429.0,33800
2025-01-22,1425.0,1433.0,1423.0,1424.0,32700
2025-01-23,1421.0,1428.0,1415.0,1418.0,48400
2025-01-24,1424.0,1448.0,1424.0,1428.0,51500
2025-01-27,1444.0,1464.0,1444.0,1464.0,50600
2025-01-28,1460.0,1479.0,1460.0,1470.0,52300
2025-01-29,1470.0,1478.0,1463.0,1473.0,49800
2025-01-30,1473.0,1498.0,1471.0,1498.0,51200
2025-01-31,1499.0,1499.0,1466.0,1470.0,47000
2025-02-03,1460.0,1477.0,1450.0,1460.0,89100
2025-02-04,1464.0,1476.0,1448.0,1448.0,79000
2025-02-05,1442.0,1453.0,1435.0,1437.0,54100
2025-02-06,1444.0,1544.0,1444.0,1543.0,264600
2025-02-07,1530.0,1531.0,1496.0,1523.0,101500
2025-02-10,1603.0,1628.0,1542.0,1606.0,470500
2025-02-12,1609.0,1630.0,1593.0,1609.0,195600
2025-02-13,1615.0,1644.0,1613.0,1623.0,156600
2025-02-14,1616.0,1623.0,1570.0,1582.0,103300
2025-02-17,1599.0,1624.0,1594.0,1598.0,114200
2025-02-18,1580.0,1598.0,1580.0,1588.0,56000
2025-02-19,1594.0,1594.0,1561.0,1574.0,53500
2025-02-20,1576.0,1586.0,1562.0,1571.0,50200
2025-02-21,1569.0,1573.0,1548.0,1558.0,45600
2025-02-25,1543.0,1566.0,1538.0,1564.0,85900
2025-02-26,1564.0,1577.0,1540.0,1561.0,86800
2025-02-27,1553.0,1593.0,1538.0,1593.0,116200
2025-02-28,1589.0,1589.0,1560.0,1570.0,125000
2025-03-03,1598.0,1613.0,1577.0,1613.0,121600
2025-03-04,1593.0,1603.0,1567.0,1588.0,123300
2025-03-05,1608.0,1618.0,1587.0,1603.0,81200
2025-03-06,1610.0,1620.0,1594.0,1609.0,129800
2025-03-07,1595.0,1604.0,1568.0,1602.0,114000
2025-03-10,1604.0,1609.0,1584.0,1588.0,106300
2025-03-11,1559.0,1574.0,1541.0,1562.0,111700
2025-03-12,1564.0,1598.0,1564.0,1590.0,74700
2025-03-13,1591.0,1608.0,1585.0,1592.0,113000
2025-03-14,1580.0,1605.0,1580.0,1598.0,119500
2025-03-17,1609.0,1613.0,1588.0,1600.0,106000
2025-03-18,1611.0,1632.0,1600.0,1618.0,113000
2025-03-19,1619.0,1649.0,1617.0,1622.0,137900
2025-03-21,1618.0,1649.0,1618.0,1628.0,151500
2025-03-24,1638.0,1638.0,1616.0,1620.0,183500
2025-03-25,1634.0,1666.0,1626.0,1630.0,158000
2025-03-26,1633.0,1679.0,1632.0,1671.0,254600
2025-03-27,1660.0,1721.0,1651.0,1721.0,528600
2025-03-28,1763.0,1779.0,1730.0,1766.0,320600
2025-03-31,1733.0,1829.0,1718.0,1809.0,516100
2025-04-01,1849.0,1892.0,1821.0,1846.0,437800
2025-04-02,1820.0,1879.0,1791.0,1871.0,369700
2025-04-03,1831.0,1884.0,1806.0,1884.0,304000
2025-04-04,1850.0,1903.0,1836.0,1895.0,415600
2025-04-07,1735.0,1843.0,1727.0,1804.0,447000
2025-04-08,1844.0,1933.0,1825.0,1926.0,443600
2025-04-09,1920.0,1924.0,1880.0,1909.0,260300
2025-04-10,1974.0,2005.0,1935.0,2003.0,270300
2025-04-11,2000.0,2053.0,1965.0,2053.0,545900
2025-04-14,2054.0,2186.0,2047.0,2135.0,463000
2025-04-15,2100.0,2136.0,2087.0,2136.0,388000
2025-04-16,2148.0,2273.0,2148.0,2272.0,709000
2025-04-17,2226.0,2275.0,2170.0,2263.0,551600
2025-04-18,2280.0,2348.0,2261.0,2329.0,713400
2025-04-21,2326.0,2363.0,2315.0,2335.0,527000
2025-04-22,2344.0,2378.0,2317.0,2354.0,663900
2025-04-23,2360.0,2395.0,2333.0,2352.0,407500
2025-04-24,2182.0,2208.0,1969.0,2147.0,899500
2025-04-25,2113.0,2236.0,2104.0,2196.0,396500
2025-04-28,2222.0,2260.0,2175.0,2231.0,226400
2025-04-30,2227.0,2305.0,2215.0,2298.0,378300
2025-05-01,2300.0,2300.0,2240.0,2257.0,320600
2025-05-02,2207.0,2254.0,2171.0,2196.0,294200
2025-05-07,2199.0,2207.0,2151.0,2202.0,345000
2025-05-08,2218.0,2239.0,2175.0,2218.0,264900
2025-05-09,2203.0,2268.0,2201.0,2221.0,230200
2025-05-12,2171.0,2272.0,1905.0,1909.0,825300
2025-05-13,1909.0,1929.0,1863.0,1883.0,379900
2025-05-14,1870.0,1885.0,1842.0,1878.0,298900
2025-05-15,1877.0,1881.0,1836.0,1861.0,219800
2025-05-16,1863.0,1899.0,1835.0,1883.0,201000
2025-05-19,1881.0,1901.0,1846.0,1893.0,204700
2025-05-20,1915.0,1929.0,1858.0,1858.0,228600
2025-05-21,1855.0,1867.0,1823.0,1827.0,163100
2025-05-22,1818.0,1860.0,1816.0,1832.0,129800
2025-05-23,1821.0,1832.0,1807.0,1808.0,156500
2025-05-26,1819.0,1854.0,1808.0,1809.0,184000
2025-05-27,1820.0,1893.0,1817.0,1841.0,307500
2025-05-28,1854.0,1864.0,1816.0,1842.0,158900
2025-05-29,1842.0,1939.0,1834.0,1933.0,397300
2025-05-30,1894.0,1953.0,1881.0,1910.0,367000
2025-06-02,1900.0,1918.0,1870.0,1904.0,175500
2025-06-03,1904.0,1928.0,1888.0,1928.0,244400
2025-06-04,1930.0,1940.0,1859.0,1864.0,217600
2025-06-05,1864.0,1898.0,1853.0,1878.0,196700
2025-06-06,1866.0,1878.0,1857.0,1865.0,87800
2025-06-09,1869.0,1884.0,1852.0,1857.0,89600
2025-06-10,1859.0,1867.0,1826.0,1832.0,272000
2025-06-11,1834.0,1873.0,1822.0,1851.0,135200
2025-06-12,1875.0,1894.0,1863.0,1894.0,224600
2025-06-13,1909.0,1912.0,1870.0,1899.0,179100
2025-06-16,1899.0,1899.0,1873.0,1873.0,104600
2025-06-17,1870.0,1878.0,1848.0,1873.0,134400
2025-06-18,1873.0,1896.0,1862.0,1868.0,298500
2025-06-19,1869.0,1869.0,1829.0,1839.0,180200
2025-06-20,1844.0,1852.0,1823.0,1828.0,181000
2025-06-23,1811.0,1829.0,1801.0,1818.0,161300
2025-06-24,1819.0,1844.0,1811.0,1826.0,154400
2025-06-25,1818.0,1903.0,1805.0,1885.0,340500
2025-06-26,1873.0,1897.0,1853.0,1861.0,163200
2025-06-27,1861.0,1869.0,1827.0,1862.0,163100
2025-06-30,1861.0,1873.0,1829.0,1854.0,187000
2025-07-01,1843.0,1849.0,1806.0,1835.0,231300
2025-07-02,1833.0,1867.0,1817.0,1837.0,260700
2025-07-03,1848.0,1853.0,1824.0,1825.0,114800
2025-07-04,1830.0,1858.0,1829.0,1848.0,83500
2025-07-07,1848.0,1866.0,1836.0,1855.0,125800
2025-07-08,1858.0,1887.0,1845.0,1882.0,110800
2025-07-09,1882.0,1904.0,1882.0,1890.0,146700
2025-07-10,1893.0,1909.0,1884.0,1892.0,136300
2025-07-11,1893.0,1965.0,1888.0,1901.0,208700
2025-07-14,1896.0,1939.0,1880.0,1926.0,138600
2025-07-15,1940.0,1951.0,1920.0,1928.0,93700
2025-07-16,1917.0,1950.0,1911.0,1933.0,78400
2025-07-17,1932.0,1960.0,1932.0,1945.0,107800
2025-07-18,1932.0,1942.0,1907.0,1914.0,89300
2025-07-22,1925.0,1925.0,1903.0,1910.0,95200
2025-07-23,1913.0,1950.0,1906.0,1939.0,160300
2025-07-24,1940.0,1983.0,1930.0,1980.0,152100
2025-07-25,1977.0,1982.0,1956.0,1973.0,99300
2025-07-28,1973.0,1985.0,1959.0,1962.0,105800
2025-07-29,1962.0,1984.0,1957.0,1980.0,119100
2025-07-30,1990.0,2014.0,1978.0,2007.0,168700
2025-07-31,2018.0,2037.0,2005.0,2025.0,171200
2025-08-01,2037.0,2077.0,2037.0,2072.0,128700
2025-08-04,2037.0,2075.0,2028.0,2062.0,216800
2025-08-05,2071.0,2116.0,2063.0,2105.0,172300
2025-08-06,2114.0,2160.0,2114.0,2160.0,129600
2025-08-07,2174.0,2200.0,2170.0,2185.0,119300
2025-08-08,2185.0,2190.0,2108.0,2144.0,239900
2025-08-12,2150.0,2150.0,2024.0,2111.0,334700
2025-08-13,2131.0,2177.0,2116.0,2160.0,317600
2025-08-14,2129.0,2136.0,2100.0,2130.0,126800
2025-08-15,2136.0,2142.0,2105.0,2119.0,107200
2025-08-18,2100.0,2116.0,2093.0,2097.0,141100
2025-08-19,2097.0,2127.0,2076.0,2110.0,78700
2025-08-20,2118.0,2149.0,2111.0,2133.0,94600
2025-08-21,2133.0,2170.0,2125.0,2166.0,97200
2025-08-22,2170.0,2199.0,2165.0,2165.0,116000
2025-08-25,2133.0,2164.0,2117.0,2141.0,156700
2025-08-26,2153.0,2153.0,2115.0,2122.0,79700
2025-08-27,2118.0,2133.0,2112.0,2114.0,81600
2025-08-28,2101.0,2103.0,2045.0,2061.0,178500
2025-08-29,2050.0,2071.0,2025.0,2046.0,109600
2025-09-01,2046.0,2110.0,2040.0,2086.0,155600
2025-09-02,2097.0,2118.0,2080.0,2096.0,123600
2025-09-03,2104.0,2115.0,2085.0,2085.0,134100
2025-09-04,2105.0,2105.0,2070.0,2086.0,111500
2025-09-05,2072.0,2085.0,2041.0,2074.0,155400
2025-09-08,2080.0,2105.0,2070.0,2099.0,82200
2025-09-09,2100.0,2115.0,2075.0,2082.0,85900
2025-09-10,2066.0,2093.0,2057.0,2081.0,65500
2025-09-11,2079.0,2080.0,2053.0,2064.0,86400
2025-09-12,2078.0,2086.0,2036.0,2065.0,150100
2025-09-16,2052.0,2073.0,2033.0,2057.0,91200
2025-09-17,2054.0,2054.0,2030.0,2033.0,70400
2025-09-18,2033.0,2039.0,2015.0,2030.0,84000
2025-09-19,2045.0,2053.0,2026.0,2033.0,128100
2025-09-22,2033.0,2053.0,2028.0,2028.0,77900
2025-09-24,2036.0,2049.0,2002.0,2009.0,97100
2025-09-25,2010.0,2020.0,1993.0,2015.0,137400
2025-09-26,2010.0,2058.0,2010.0,2048.0,164300
2025-09-29,2028.0,2046.0,1994.0,2026.0,151000
2025-09-30,2033.0,2033.0,2000.0,2009.0,92100
2025-10-01,2009.0,2012.0,1959.0,1967.0,139700
2025-10-02,1957.0,1959.0,1895.0,1925.0,157700
2025-10-03,1925.0,1960.0,1924.0,1954.0,103400
2025-10-06,2008.0,2012.0,1982.0,1999.0,113500
2025-10-07,1992.0,2023.0,1982.0,2013.0,139700
2025-10-08,2011.0,2041.0,1977.0,1983.0,136800
2025-10-09,1978.0,1988.0,1960.0,1986.0,113500
2025-10-10,1961.0,2001.0,1955.0,1970.0,177600
2025-10-14,1953.0,1983.0,1944.0,1968.0,162300
2025-10-15,1980.0,1997.0,1956.0,1960.0,96200
2025-10-16,1970.0,1984.0,1967.0,1983.0,82700
2025-10-17,1980.0,1987.0,1963.0,1979.0,114900
2025-10-20,1999.0,2015.0,1987.0,1987.0,111300
2025-10-21,1983.0,2017.0,1967.0,2012.0,192700
2025-10-22,2024.0,2040.0,2020.0,2028.0,94000
2025-10-23,2039.0,2047.0,2022.0,2026.0,111600
2025-10-24,2022.0,2043.0,1994.0,2001.0,105000
2025-10-27,2015.0,2032.0,1999.0,2023.0,86900
2025-10-28,2009.0,2011.0,1942.0,1945.0,161100
2025-10-29,1938.0,1943.0,1919.0,1927.0,139400
2025-10-30,1927.0,1956.0,1921.0,1949.0,91300
2025-10-31,1950.0,1965.0,1940.0,1945.0,131200
2025-11-04,1940.0,1981.0,1938.0,1976.0,142700
2025-11-05,1989.0,2004.0,1959.0,1969.0,162000
2025-11-06,1975.0,1997.0,1965.0,1965.0,153300
2025-11-07,1975.0,1994.0,1960.0,1988.0,99500
2025-11-10,1910.0,2083.0,1902.0,2035.0,314100
2025-11-11,2035.0,2061.0,2005.0,2041.0,219700
2025-11-12,2064.0,2092.0,2060.0,2071.0,142000
2025-11-13,2078.0,2129.0,2078.0,2122.0,120200
2025-11-14,2136.0,2140.0,2097.0,2116.0,98400
2025-11-17,2100.0,2189.0,2078.0,2184.0,163700
2025-11-18,2184.0,2209.0,2151.0,2163.0,173800
2025-11-19,2156.0,2220.0,2141.0,2215.0,173400
2025-11-20,2230.0,2252.0,2206.0,2235.0,103500
2025-11-21,2261.0,2328.0,2261.0,2323.0,198900
2025-11-25,2300.0,2316.0,2268.0,2274.0,113600
2025-11-26,2280.0,2309.0,2264.0,2300.0,119000
2025-11-27,2299.0,2355.0,2287.0,2344.0,150300
2025-11-28,2344.0,2365.0,2323.0,2349.0,150300
2025-12-01,2352.0,2404.0,2334.0,2395.0,123100
2025-12-02,2380.0,2395.0,2348.0,2381.0,101400
2025-12-03,2375.0,2375.0,2328.0,2330.0,112000
2025-12-04,2318.0,2332.0,2300.0,2315.0,92000
2025-12-05,2299.0,2328.0,2278.0,2283.0,88700
2025-12-08,2295.0,2323.0,2295.0,2315.0,84600
2025-12-09,2325.0,2357.0,2317.0,2338.0,83700
2025-12-10,2358.0,2362.0,2329.0,2332.0,60300
2025-12-11,2341.0,2360.0,2297.0,2311.0,65300
2025-12-12,2350.0,2351.0,2267.0,2291.0,132500
2025-12-15,2305.0,2326.0,2290.0,2319.0,100600
2025-12-16,2325.0,2337.0,2290.0,2291.0,104300
2025-12-17,2292.0,2292.0,2182.0,2195.0,162200
2025-12-18,2187.0,2198.0,2145.0,2198.0,167800
2025-12-19,2229.0,2278.0,2223.0,2233.0,219200
2025-12-22,2230.0,2234.0,2185.0,2202.0,93400
2025-12-23,2204.0,2238.0,2204.0,2223.0,86000
2025-12-24,2230.0,2232.0,2194.0,2204.0,104700
2025-12-25,2208.0,2208.0,2155.0,2172.0,145300
2025-12-26,2172.0,2191.0,2164.0,2180.0,164800
2025-12-29,2173.0,2185.0,2140.0,2165.0,198100
2025-12-30,2170.0,2184.0,2139.0,2139.0,202100
2026-01-05,2140.0,2152.0,2083.0,2084.0,225300
2026-01-06,2095.0,2100.0,2052.0,2074.0,256800
2026-01-07,2070.0,2084.0,2046.0,2084.0,232600
2026-01-08,2113.0,2148.0,2110.0,2129.0,181400
2026-01-09,2135.0,2148.0,2084.0,2098.0,177600
2026-01-13,2100.0,2110.0,2041.0,2054.0,224700
2026-01-14,2054.0,2107.0,2054.0,2083.0,183500
2026-01-15,2100.0,2110.0,2083.0,2088.0,97600
2026-01-16,2075.0,2097.0,2073.0,2090.0,116400
2026-01-19,2093.0,2123.0,2090.0,2114.0,100400
2026-01-20,2110.0,2123.0,2086.0,2118.0,87100
2026-01-21,2109.0,2127.0,2081.0,2081.0,120000
2026-01-22,2081.0,2098.0,2075.0,2088.0,103900
2026-01-23,2113.0,2129.0,2096.0,2122.0,126600
2026-01-26,2112.0,2160.0,2107.0,2118.0,136800
2026-01-27,2110.0,2145.0,2092.0,2136.0,147700
2026-01-28,2120.0,2133.0,2103.0,2103.0,119500
2026-01-29,2103.0,2124.0,2063.0,2102.0,120300
2026-01-30,2115.0,2134.0,2095.0,2121.0,100900
2026-02-02,2156.0,2173.0,2127.0,2133.0,111900
2026-02-03,2143.0,2169.0,2141.0,2151.0,80900
2026-02-04,2167.0,2174.0,2160.0,2164.0,93600
2026-02-05,2181.0,2188.0,2156.0,2156.0,174800
2026-02-06,2042.0,2054.0,1956.0,1982.0,560700
2026-02-09,1971.0,1976.0,1887.0,1913.0,518500
2026-02-10,1913.0,1957.0,1907.0,1934.0,246000
2026-02-12,1939.0,1960.0,1930.0,1935.0,178300
2026-02-13,1950.0,1977.0,1906.0,1970.0,266300
2026-02-16,1999.0,2000.0,1908.0,1925.0,297400
2026-02-17,1926.0,1940.0,1897.0,1915.0,161600
2026-02-18,1936.0,1946.0,1896.0,1898.0,198100
2026-02-19,1910.0,1942.0,1881.0,1935.0,216700
2026-02-20,1924.0,1926.0,1896.0,1896.0,140700
2026-02-24,1896.0,1913.0,1878.0,1906.0,103400
2026-02-25,1928.0,1946.0,1914.0,1939.0,146000
2026-02-26,1940.0,1948.0,1924.0,1930.0,145300
2026-02-27,1950.0,1968.0,1943.0,1968.0,126400
2026-03-02,1877.0,1910.0,1855.0,1871.0,335100
2026-03-03,1855.0,1859.0,1824.0,1826.0,264000
2026-03-04,1809.0,1835.0,1793.0,1823.0,215400
2026-03-05,1847.0,1856.0,1832.0,1841.0,178700
2026-03-06,1852.0,1856.0,1828.0,1856.0,182100
2026-03-09,1783.0,1830.0,1760.0,1824.0,370200
2026-03-10,1844.0,1847.0,1816.0,1838.0,245200
2026-03-11,1841.0,1843.0,1821.0,1821.0,179300
2026-03-12,1818.0,1818.0,1788.0,1789.0,251300
2026-03-13,1807.0,1813.0,1788.0,1790.0,160100
2026-03-16,1771.0,1801.0,1762.0,1782.0,246300
2026-03-17,1784.0,1810.0,1784.0,1806.0,271000
2026-03-18,1813.0,1818.0,1803.0,1818.0,196400
2026-03-19,1788.0,1803.0,1769.0,1769.0,193000
2026-03-23,1755.0,1774.0,1727.0,1731.0,316300
2026-03-24,1771.0,1793.0,1754.0,1783.0,206600
2026-03-25,1800.0,1814.0,1788.0,1812.0,212600
2026-03-26,1805.0,1820.0,1800.0,1820.0,234900
2026-03-27,1850.0,1862.0,1832.0,1847.0,420400
2026-03-30,1795.0,1841.0,1785.0,1841.0,273600
2026-03-31,1860.0,1884.0,1854.0,1864.0,178900
2026-04-01,1874.0,1917.0,1862.0,1917.0,153100
2026-04-02,1915.0,1946.0,1897.0,1910.0,129900
2026-04-03,1926.0,1940.0,1913.0,1927.0,99300
2026-04-06,1933.0,1964.0,1927.0,1953.0,135300
2026-04-07,1953.0,1960.0,1944.0,1955.0,107800
2026-04-08,1987.0,1993.0,1965.0,1985.0,148300
2026-04-09,1972.0,2004.0,1954.0,1960.0,158900
2026-04-10,1977.0,1987.0,1958.0,1958.0,170200
2026-04-13,1948.0,1964.0,1908.0,1911.0,96600
2026-04-14,1926.0,1927.0,1879.0,1881.0,97300
2026-04-15,1897.0,1910.0,1881.0,1904.0,89900
2026-04-16,1902.0,1932.0,1888.0,1894.0,103300
2026-04-17,1890.0,1906.0,1878.0,1883.0,69100
2026-04-20,1890.0,1890.0,1859.0,1865.0,105100
2026-04-21,1865.0,1870.0,1829.0,1837.0,83500
2026-04-22,1837.0,1842.0,1805.0,1805.0,69800
2026-04-23,1803.0,1803.0,1745.0,1756.0,106600
2026-04-24,1775.0,1792.0,1744.0,1774.0,171600
2026-04-27,1788.0,1788.0,1754.0,1764.0,105800
2026-04-28,1765.0,1786.0,1762.0,1786.0,102600
2026-04-30,1772.0,1779.0,1753.0,1761.0,99500
2026-05-01,1760.0,1778.0,1752.0,1776.0,95500
2026-05-07,1755.0,1776.0,1754.0,1755.0,178000
2026-05-08,1755.0,1766.0,1735.0,1760.0,184600
2026-05-11,1759.0,1785.0,1742.0,1751.0,174000
2026-05-12,1740.0,1752.0,1712.0,1722.0,171600
2026-05-13,1737.0,1737.0,1715.0,1723.0,131800
2026-05-14,1723.0,1736.0,1681.0,1715.0,183900
2026-05-15,1830.0,1963.0,1801.0,1930.0,574400
2026-05-18,1930.0,1980.0,1880.0,1880.0,333200
2026-05-19,1920.0,1920.0,1834.0,1834.0,271800
2026-05-20,1818.0,1824.0,1773.0,1812.0,183000
2026-05-21,1818.0,1868.0,1818.0,1859.0,164700
2026-05-22,1843.0,1846.0,1799.0,1816.0,164800
2026-05-25,1822.0,1822.0,1786.0,1794.0,150200
2026-05-26,1776.0,1798.0,1771.0,1786.0,139000
2026-05-27,1780.0,1809.0,1777.0,1792.0,133000
2026-05-28,1800.0,1837.0,1793.0,1830.0,168700
2026-05-29,1820.0,1889.0,1820.0,1843.0,201000
2026-06-01,1826.0,1839.0,1766.0,1805.0,170500
2026-06-02,1792.0,1835.0,1783.0,1809.0,142800
2026-06-03,1806.0,1840.0,1797.0,1840.0,141300
2026-06-04,1835.0,1875.0,1834.0,1840.0,128600
2026-06-05,1852.0,1907.0,1852.0,1860.0,101300
2026-06-08,1866.0,1919.0,1866.0,1893.0,109200
2026-06-09,1908.0,1947.0,1895.0,1920.0,158500
2026-06-10,1940.0,1979.0,1932.0,1934.0,147900
2026-06-11,1946.0,1955.0,1904.0,1917.0,157500
2026-06-12,1906.0,1923.0,1880.0,1902.0,145300
2026-06-15,1885.0,1917.0,1879.0,1914.0,83000
2026-06-16,1882.0,1884.0,1845.0,1862.0,118700
2026-06-17,1901.0,1901.0,1871.0,1874.0,98600
2026-06-18,1870.0,1896.0,1855.0,1876.0,118600
2026-06-19,1870.0,1874.0,1836.0,1856.0,191400
2026-06-22,1842.0,1861.0,1823.0,1851.0,102300
2026-06-23,1837.0,1862.0,1827.0,1832.0,114600
2026-06-24,1842.0,1865.0,1827.0,1834.0,111900
2026-06-25,1874.0,1874.0,1815.0,1820.0,130700
2026-06-26,1828.0,1831.0,1811.0,1822.0,70400
2026-06-29,1822.0,1883.0,1822.0,1873.0,145900
2026-06-30,1873.0,1891.0,1858.0,1862.0,191900
2026-07-01,1838.0,1875.0,1838.0,1870.0,162600
2026-07-02,1908.0,1936.0,1900.0,1907.0,217900
2026-07-03,1937.0,1955.0,1930.0,1937.0,158400
2026-07-06,1937.0,2017.0,1937.0,2008.0,190100
2026-07-07,2013.0,2016.0,1981.0,1985.0,129900
2026-07-08,1985.0,2033.0,1968.0,2018.0,179500
2026-07-09,2024.0,2057.0,1991.0,2038.0,160800
2026-07-10,2074.0,2074.0,2024.0,2041.0,168200
2026-07-13,2060.0,2070.0,2044.0,2060.0,125400
2026-07-14,2073.0,2100.0,2062.0,2063.0,135400
2026-07-15,2063.0,2082.0,2059.0,2072.0,113400
2026-07-16,2077.0,2109.0,2072.0,2079.0,116500
2026-07-17,2100.0,2117.0,2078.0,2082.0,152200
2026-07-21,2088.0,2119.0,2088.0,2099.0,146900
2026-07-22,2100.0,2102.0,2068.0,2090.0,134400
2026-07-23,2100.0,2108.0,2072.0,2079.0,109600
2026-07-24,2090.0,2093.0,2058.0,2088.0,116800
2026-07-27,2100.0,2128.0,2092.0,2128.0,141100
2026-07-28,2146.0,2160.0,2101.0,2132.0,172500
2026-07-29,2145.0,2227.0,2114.0,2212.0,216500
2026-07-30,2206.0,2213.0,2156.0,2162.0,133800
2026-07-31,2112.0,2139.0,2090.0,2094.0,163500
2026-08-03,2093.0,2097.0,2038.0,2080.0,145800
2026-08-04,2059.0,2063.0,2010.0,2010.0,123900
2026-08-05,2003.0,2030.0,1997.0,2017.0,114300
2026-08-06,2029.0,2055.0,2016.0,2049.0,101000
2026-08-07,2063.0,2126.0,2056.0,2094.0,134900
2026-08-10,2316.0,2563.0,2300.0,2419.0,726300
2026-08-12,2408.0,2474.0,2360.0,2427.0,303200
2026-08-13,2450.0,2500.0,2384.0,2470.0,165600
2026-08-14,2485.0,2655.0,2456.0,2638.0,348100
2026-08-17,2619.0,2619.0,2565.0,2569.0,159500
2026-08-18,2552.0,2635.0,2527.0,2613.0,204200
2026-08-19,2640.0,2644.0,2551.0,2551.0,121400
2026-08-20,2555.0,2582.0,2465.0,2528.0,202100
2026-08-21,2558.0,2580.0,2490.0,2510.0,223800
2026-08-24,2510.0,2550.0,2475.0,2532.0,125300
2026-08-25,2542.0,2652.0,2540.0,2620.0,170100
2026-08-26,2603.0,2646.0,2544.0,2544.0,142500
2026-08-27,2526.0,2560.0,2489.0,2505.0,92400
2026-08-28,2485.0,2547.0,2481.0,2527.0,96800
2026-08-31,2527.0,2527.0,2425.0,2429.0,91000
2026-09-01,2427.0,2455.0,2384.0,2391.0,95400
2026-09-02,2372.0,2372.0,2275.0,2285.0,164900
2026-09-03,2294.0,2300.0,2233.0,2275.0,132400
2026-09-04,2275.0,2301.0,2260.0,2281.0,87400
2026-09-07,2250.0,2286.0,2232.0,2266.0,62800
2026-09-08,2246.0,2277.0,2234.0,2270.0,80400
2026-09-09,2249.0,2252.0,2194.0,2194.0,101400
2026-09-10,2199.0,2234.0,2175.0,2218.0,110400
2026-09-11,2196.0,2236.0,2185.0,2199.0,129200
2026-09-14,2206.0,2293.0,2205.0,2285.0,144500
2026-09-15,2300.0,2320.0,2252.0,2308.0,100200
2026-09-16,2313.0,2370.0,2313.0,2358.0,126900
2026-09-17,2395.0,2432.0,2359.0,2383.0,128300
2026-09-18,2362.0,2390.0,2344.0,2349.0,119300
2026-09-24,2326.0,2360.0,2314.0,2345.0,100800
2026-09-25,2361.0,2448.0,2357.0,2448.0,195300
2026-09-28,2445.0,2453.0,2411.0,2411.0,173400
2026-09-29,2375.0,2381.0,2350.0,2362.0,100000
2026-09-30,2356.0,2389.0,2287.0,2389.0,112000
2026-10-01,2365.0,2386.0,2331.0,2355.0,109700
2026-10-02,2362.0,2372.0,2324.0,2355.0,106700
2026-10-05,2350.0,2361.0,2308.0,2338.0,154300
2026-10-06,2359.0,2409.0,2359.0,2386.0,145800
2026-10-07,2377.0,2399.0,2363.0,2363.0,93300
2026-10-08,2354.0,2377.0,2319.0,2344.0,136400
2026-10-09,2350.0,2377.0,2347.0,2348.0,122500
