Date,Open,High,Low,Close,Volume
2012-10-01,58.0,58.0,56.0,57.0,55000
2012-10-02,57.0,58.0,57.0,58.0,70000
2012-10-03,58.0,58.0,57.0,58.0,18000
2012-10-04,58.0,59.0,57.0,58.0,40000
2012-10-05,59.0,64.0,59.0,62.0,419000
2012-10-09,67.0,67.0,62.0,63.0,389000
2012-10-10,63.0,63.0,60.0,60.0,150000
2012-10-11,60.0,61.0,60.0,61.0,41000
2012-10-12,60.0,61.0,58.0,59.0,134000
2012-10-15,59.0,60.0,57.0,57.0,102000
2012-10-16,57.0,59.0,57.0,59.0,54000
2012-10-17,59.0,60.0,59.0,60.0,46000
2012-10-18,59.0,61.0,59.0,61.0,31000
2012-10-19,60.0,61.0,59.0,60.0,70000
2012-10-22,60.0,60.0,59.0,60.0,45000
2012-10-23,61.0,63.0,60.0,60.0,85000
2012-10-24,59.0,61.0,59.0,61.0,34000
2012-10-25,61.0,61.0,59.0,60.0,46000
2012-10-26,61.0,61.0,59.0,60.0,47000
2012-10-29,55.0,56.0,54.0,54.0,440000
2012-10-30,55.0,55.0,53.0,53.0,105000
2012-10-31,53.0,54.0,53.0,53.0,59000
2012-11-01,52.0,53.0,51.0,52.0,236000
2012-11-02,52.0,53.0,51.0,51.0,110000
2012-11-05,51.0,57.0,51.0,56.0,386000
2012-11-06,59.0,60.0,56.0,57.0,452000
2012-11-07,58.0,58.0,56.0,57.0,175000
2012-11-08,56.0,57.0,55.0,55.0,68000
2012-11-09,56.0,56.0,54.0,55.0,98000
2012-11-12,55.0,55.0,55.0,55.0,18000
2012-11-13,54.0,55.0,54.0,54.0,62000
2012-11-14,54.0,54.0,53.0,54.0,54000
2012-11-15,53.0,54.0,53.0,54.0,78000
2012-11-16,53.0,54.0,53.0,54.0,65000
2012-11-19,54.0,56.0,54.0,55.0,63000
2012-11-20,56.0,56.0,55.0,56.0,43000
2012-11-21,57.0,57.0,56.0,56.0,41000
2012-11-22,57.0,58.0,57.0,57.0,74000
2012-11-26,59.0,60.0,59.0,59.0,135000
2012-11-27,60.0,60.0,59.0,59.0,49000
2012-11-28,59.0,59.0,58.0,59.0,35000
2012-11-29,58.0,60.0,58.0,60.0,88000
2012-11-30,59.0,60.0,59.0,59.0,15000
2012-12-03,60.0,61.0,59.0,59.0,101000
2012-12-04,59.0,60.0,59.0,59.0,16000
2012-12-05,59.0,60.0,59.0,59.0,54000
2012-12-06,60.0,60.0,59.0,59.0,45000
2012-12-07,60.0,61.0,59.0,61.0,31000
2012-12-10,61.0,61.0,59.0,61.0,112000
2012-12-11,62.0,62.0,61.0,61.0,106000
2012-12-12,61.0,62.0,61.0,62.0,31000
2012-12-13,62.0,65.0,62.0,65.0,132000
2012-12-14,65.0,65.0,63.0,64.0,76000
2012-12-17,65.0,65.0,64.0,65.0,95000
2012-12-18,65.0,68.0,65.0,68.0,336000
2012-12-19,69.0,90.0,69.0,80.0,2505000
2012-12-20,82.0,82.0,73.0,75.0,931000
2012-12-21,75.0,75.0,70.0,71.0,400000
2012-12-25,71.0,71.0,67.0,69.0,408000
2012-12-26,70.0,76.0,70.0,76.0,497000
2012-12-27,70.0,76.0,70.0,76.0,497000
2012-12-28,90.0,93.0,87.0,92.0,829000
2013-01-04,96.0,109.0,93.0,93.0,1087000
2013-01-07,90.0,93.0,84.0,91.0,1264000
2013-01-08,91.0,91.0,88.0,89.0,407000
2013-01-09,88.0,90.0,86.0,87.0,277000
2013-01-10,88.0,90.0,87.0,88.0,262000
2013-01-11,90.0,90.0,86.0,86.0,297000
2013-01-15,87.0,88.0,86.0,86.0,226000
2013-01-16,85.0,85.0,79.0,81.0,528000
2013-01-17,81.0,85.0,80.0,84.0,275000
2013-01-18,86.0,89.0,84.0,88.0,303000
2013-01-21,87.0,89.0,87.0,87.0,109000
2013-01-22,87.0,89.0,87.0,87.0,139000
2013-01-23,88.0,92.0,87.0,92.0,374000
2013-01-24,91.0,106.0,91.0,106.0,2482000
2013-01-25,104.0,110.0,96.0,102.0,1486000
2013-01-28,103.0,104.0,99.0,99.0,369000
2013-01-29,100.0,103.0,90.0,94.0,1059000
2013-01-30,90.0,93.0,86.0,86.0,989000
2013-01-31,87.0,88.0,86.0,87.0,359000
2013-02-01,88.0,91.0,86.0,88.0,328000
2013-02-04,88.0,88.0,86.0,87.0,336000
2013-02-05,86.0,87.0,85.0,87.0,276000
2013-02-06,87.0,90.0,87.0,88.0,313000
2013-02-07,89.0,91.0,89.0,91.0,357000
2013-02-08,91.0,91.0,88.0,88.0,279000
2013-02-12,88.0,88.0,84.0,85.0,285000
2013-02-13,84.0,84.0,79.0,81.0,292000
2013-02-14,79.0,81.0,77.0,81.0,151000
2013-02-15,81.0,81.0,77.0,78.0,80000
2013-02-18,78.0,80.0,77.0,80.0,77000
2013-02-19,80.0,83.0,79.0,82.0,142000
2013-02-20,84.0,84.0,81.0,82.0,135000
2013-02-21,81.0,81.0,79.0,79.0,369000
2013-02-22,79.0,80.0,78.0,79.0,44000
2013-02-25,80.0,81.0,79.0,80.0,164000
2013-02-26,79.0,79.0,78.0,78.0,11000
2013-02-27,79.0,79.0,77.0,78.0,78000
2013-02-28,80.0,80.0,78.0,78.0,80000
2013-03-01,79.0,81.0,78.0,80.0,65000
2013-03-04,83.0,83.0,80.0,83.0,221000
2013-03-05,83.0,83.0,82.0,82.0,199000
2013-03-06,83.0,85.0,83.0,84.0,64000
2013-03-07,84.0,84.0,81.0,83.0,207000
2013-03-08,85.0,85.0,81.0,83.0,197000
2013-03-11,83.0,83.0,82.0,83.0,117000
2013-03-12,82.0,82.0,81.0,81.0,193000
2013-03-13,82.0,82.0,79.0,80.0,137000
2013-03-14,80.0,82.0,80.0,80.0,158000
2013-03-15,82.0,85.0,81.0,84.0,226000
2013-03-18,84.0,85.0,83.0,84.0,126000
2013-03-19,85.0,85.0,83.0,84.0,170000
2013-03-21,84.0,85.0,83.0,83.0,121000
2013-03-22,82.0,83.0,82.0,82.0,62000
2013-03-25,83.0,84.0,80.0,82.0,253000
2013-03-26,81.0,82.0,81.0,81.0,57000
2013-03-27,82.0,83.0,81.0,83.0,204000
2013-03-28,83.0,83.0,80.0,80.0,220000
2013-03-29,80.0,80.0,78.0,78.0,206000
2013-04-01,80.0,80.0,71.0,71.0,306000
2013-04-02,71.0,76.0,71.0,75.0,135000
2013-04-03,75.0,78.0,72.0,74.0,141000
2013-04-04,74.0,75.0,73.0,75.0,91000
2013-04-05,76.0,78.0,76.0,78.0,97000
2013-04-08,78.0,80.0,75.0,78.0,252000
2013-04-09,77.0,80.0,77.0,80.0,110000
2013-04-10,80.0,81.0,79.0,81.0,133000
2013-04-11,81.0,84.0,81.0,84.0,164000
2013-04-12,84.0,84.0,82.0,83.0,110000
2013-04-15,83.0,83.0,79.0,80.0,181000
2013-04-16,79.0,80.0,77.0,80.0,164000
2013-04-17,80.0,81.0,79.0,80.0,52000
2013-04-18,80.0,80.0,79.0,80.0,44000
2013-04-19,79.0,80.0,79.0,80.0,50000
2013-04-22,80.0,81.0,80.0,81.0,94000
2013-04-23,81.0,83.0,81.0,82.0,31000
2013-04-24,83.0,86.0,83.0,86.0,369000
2013-04-25,86.0,86.0,84.0,85.0,108000
2013-04-26,86.0,86.0,83.0,84.0,134000
2013-04-30,84.0,84.0,83.0,84.0,63000
2013-05-01,84.0,88.0,84.0,88.0,210000
2013-05-02,87.0,87.0,85.0,87.0,246000
2013-05-07,86.0,90.0,86.0,90.0,550000
2013-05-08,90.0,90.0,87.0,89.0,402000
2013-05-09,101.0,119.0,101.0,119.0,8806000
2013-05-10,117.0,118.0,99.0,103.0,3292000
2013-05-13,111.0,137.0,108.0,113.0,5448000
2013-05-14,107.0,120.0,106.0,118.0,1431000
2013-05-15,117.0,118.0,105.0,110.0,922000
2013-05-16,107.0,108.0,86.0,100.0,941000
2013-05-17,98.0,104.0,97.0,102.0,292000
2013-05-20,105.0,114.0,99.0,104.0,999000
2013-05-21,104.0,104.0,101.0,103.0,331000
2013-05-22,104.0,107.0,102.0,106.0,570000
2013-05-23,106.0,106.0,94.0,96.0,1068000
2013-05-24,97.0,101.0,90.0,95.0,701000
2013-05-27,94.0,96.0,92.0,95.0,229000
2013-05-28,95.0,96.0,93.0,96.0,115000
2013-05-29,98.0,122.0,97.0,115.0,5554000
2013-05-30,112.0,126.0,111.0,123.0,3432000
2013-05-31,127.0,133.0,121.0,122.0,1932000
2013-06-03,120.0,120.0,115.0,115.0,411000
2013-06-04,115.0,116.0,109.0,114.0,282000
2013-06-05,114.0,115.0,110.0,110.0,214000
2013-06-06,109.0,111.0,98.0,100.0,382000
2013-06-07,91.0,97.0,86.0,87.0,716000
2013-06-10,93.0,100.0,93.0,100.0,428000
2013-06-11,96.0,103.0,96.0,100.0,483000
2013-06-12,94.0,100.0,93.0,97.0,492000
2013-06-13,98.0,98.0,94.0,95.0,151000
2013-06-14,98.0,98.0,92.0,94.0,278000
2013-06-17,93.0,95.0,92.0,95.0,144000
2013-06-18,98.0,101.0,95.0,98.0,243000
2013-06-19,99.0,99.0,97.0,98.0,181000
2013-06-20,98.0,99.0,96.0,97.0,107000
2013-06-21,95.0,96.0,94.0,95.0,131000
2013-06-24,96.0,96.0,95.0,95.0,76000
2013-06-25,95.0,95.0,90.0,91.0,154000
2013-06-26,93.0,93.0,84.0,84.0,308000
2013-06-27,86.0,86.0,81.0,86.0,124000
2013-06-28,88.0,89.0,87.0,88.0,102000
2013-07-01,87.0,92.0,86.0,91.0,111000
2013-07-02,92.0,95.0,92.0,95.0,74000
2013-07-03,96.0,96.0,94.0,95.0,76000
2013-07-04,94.0,96.0,93.0,96.0,71000
2013-07-05,96.0,97.0,95.0,96.0,67000
2013-07-08,97.0,100.0,97.0,98.0,234000
2013-07-09,99.0,100.0,98.0,100.0,65000
2013-07-10,101.0,102.0,100.0,102.0,112000
2013-07-11,102.0,110.0,101.0,109.0,689000
2013-07-12,114.0,116.0,111.0,113.0,761000
2013-07-16,111.0,111.0,104.0,105.0,400000
2013-07-17,105.0,106.0,102.0,103.0,116000
2013-07-18,102.0,103.0,100.0,102.0,180000
2013-07-19,102.0,102.0,99.0,100.0,279000
2013-07-22,101.0,101.0,100.0,101.0,30000
2013-07-23,100.0,101.0,98.0,101.0,62000
2013-07-24,100.0,101.0,99.0,101.0,31000
2013-07-25,100.0,101.0,99.0,100.0,45000
2013-07-26,100.0,100.0,98.0,100.0,113000
2013-07-29,99.0,99.0,93.0,93.0,189000
2013-07-30,93.0,96.0,93.0,96.0,66000
2013-07-31,97.0,100.0,94.0,100.0,62000
2013-08-01,94.0,94.0,87.0,92.0,388000
2013-08-02,94.0,94.0,92.0,93.0,73000
2013-08-05,93.0,94.0,93.0,94.0,30000
2013-08-06,95.0,97.0,93.0,96.0,84000
2013-08-07,98.0,98.0,93.0,93.0,65000
2013-08-08,93.0,94.0,89.0,91.0,205000
2013-08-09,91.0,92.0,90.0,90.0,55000
2013-08-12,90.0,92.0,87.0,87.0,90000
2013-08-13,85.0,88.0,85.0,88.0,89000
2013-08-14,89.0,90.0,89.0,90.0,18000
2013-08-15,91.0,91.0,89.0,89.0,18000
2013-08-16,88.0,89.0,87.0,89.0,30000
2013-08-19,88.0,91.0,88.0,91.0,23000
2013-08-20,92.0,92.0,88.0,89.0,79000
2013-08-21,89.0,90.0,88.0,88.0,29000
2013-08-22,87.0,88.0,87.0,87.0,34000
2013-08-23,88.0,88.0,87.0,88.0,26000
2013-08-26,88.0,88.0,86.0,87.0,43000
2013-08-27,87.0,88.0,87.0,87.0,14000
2013-08-28,86.0,86.0,84.0,84.0,72000
2013-08-29,84.0,84.0,83.0,84.0,59000
2013-08-30,84.0,84.0,83.0,84.0,47000
2013-09-02,84.0,84.0,82.0,83.0,14000
2013-09-03,83.0,86.0,83.0,86.0,89000
2013-09-04,85.0,87.0,84.0,85.0,61000
2013-09-05,86.0,87.0,85.0,86.0,60000
2013-09-06,86.0,86.0,84.0,86.0,56000
2013-09-09,86.0,88.0,86.0,88.0,65000
2013-09-10,88.0,88.0,85.0,88.0,49000
2013-09-11,89.0,93.0,88.0,93.0,217000
2013-09-12,93.0,95.0,91.0,94.0,95000
2013-09-13,95.0,97.0,94.0,97.0,143000
2013-09-17,98.0,104.0,97.0,101.0,462000
2013-09-18,103.0,104.0,100.0,103.0,240000
2013-09-19,101.0,102.0,99.0,100.0,163000
2013-09-20,100.0,100.0,96.0,97.0,162000
2013-09-24,94.0,96.0,94.0,96.0,62000
2013-09-25,96.0,96.0,93.0,95.0,103000
2013-09-26,95.0,99.0,95.0,99.0,108000
2013-09-27,101.0,104.0,101.0,103.0,360000
2013-09-30,103.0,103.0,99.0,100.0,100000
2013-10-01,100.0,100.0,99.0,100.0,52000
2013-10-02,99.0,100.0,96.0,98.0,61000
2013-10-03,96.0,100.0,96.0,98.0,29000
2013-10-04,97.0,99.0,97.0,97.0,37000
2013-10-07,97.0,97.0,93.0,94.0,88000
2013-10-08,91.0,96.0,90.0,94.0,75000
2013-10-09,93.0,99.0,92.0,98.0,65000
2013-10-10,100.0,100.0,98.0,99.0,18000
2013-10-11,100.0,101.0,99.0,100.0,34000
2013-10-15,100.0,101.0,99.0,100.0,59000
2013-10-16,100.0,100.0,98.0,98.0,83000
2013-10-17,99.0,100.0,98.0,98.0,34000
2013-10-18,99.0,100.0,98.0,99.0,49000
2013-10-21,101.0,101.0,100.0,101.0,168000
2013-10-22,102.0,102.0,101.0,101.0,58000
2013-10-23,100.0,106.0,100.0,105.0,557000
2013-10-24,104.0,115.0,104.0,109.0,1964000
2013-10-25,107.0,107.0,104.0,105.0,430000
2013-10-28,105.0,106.0,101.0,103.0,174000
2013-10-29,103.0,103.0,103.0,103.0,0
2013-10-30,103.0,103.0,101.0,101.0,71000
2013-10-31,97.0,99.0,96.0,99.0,297000
2013-11-01,99.0,102.0,98.0,99.0,164000
2013-11-05,99.0,100.0,98.0,100.0,66000
2013-11-06,100.0,107.0,100.0,106.0,260000
2013-11-07,114.0,136.0,108.0,113.0,14806000
2013-11-08,108.0,111.0,106.0,107.0,983000
2013-11-11,109.0,109.0,102.0,104.0,568000
2013-11-12,103.0,103.0,100.0,101.0,536000
2013-11-13,102.0,106.0,101.0,106.0,378000
2013-11-14,104.0,106.0,103.0,105.0,294000
2013-11-15,105.0,108.0,103.0,107.0,418000
2013-11-18,109.0,112.0,109.0,110.0,487000
2013-11-19,109.0,110.0,107.0,109.0,205000
2013-11-20,109.0,110.0,105.0,106.0,341000
2013-11-21,106.0,117.0,106.0,108.0,3721000
2013-11-22,118.0,122.0,113.0,116.0,4941000
2013-11-25,126.0,127.0,120.0,127.0,3927000
2013-11-26,127.0,137.0,124.0,130.0,3194000
2013-11-27,128.0,129.0,122.0,123.0,1129000
2013-11-28,124.0,128.0,119.0,126.0,1289000
2013-11-29,124.0,138.0,124.0,134.0,3365000
2013-12-02,140.0,151.0,137.0,147.0,4954000
2013-12-03,147.0,147.0,138.0,140.0,1685000
2013-12-04,137.0,143.0,137.0,142.0,580000
2013-12-05,140.0,141.0,137.0,140.0,802000
2013-12-06,137.0,139.0,132.0,136.0,929000
2013-12-09,136.0,138.0,134.0,138.0,491000
2013-12-10,139.0,139.0,135.0,137.0,444000
2013-12-11,136.0,136.0,133.0,133.0,373000
2013-12-12,133.0,134.0,125.0,125.0,539000
2013-12-13,128.0,128.0,124.0,126.0,378000
2013-12-16,126.0,129.0,123.0,123.0,295000
2013-12-17,124.0,131.0,123.0,131.0,363000
2013-12-18,132.0,139.0,129.0,138.0,701000
2013-12-19,147.0,149.0,136.0,136.0,1972000
2013-12-20,143.0,143.0,136.0,139.0,710000
2013-12-24,139.0,141.0,136.0,137.0,576000
2013-12-25,136.0,138.0,133.0,135.0,580000
2013-12-26,137.0,148.0,135.0,147.0,1136000
2013-12-27,146.0,146.0,142.0,142.0,350000
2013-12-30,139.0,146.0,138.0,143.0,510000
2014-01-06,141.0,165.0,141.0,158.0,2003000
2014-01-07,163.0,170.0,157.0,166.0,2816000
2014-01-08,162.0,164.0,158.0,160.0,970000
2014-01-09,159.0,162.0,158.0,160.0,477000
2014-01-10,158.0,163.0,158.0,162.0,445000
2014-01-14,160.0,160.0,156.0,157.0,266000
2014-01-15,155.0,158.0,153.0,155.0,409000
2014-01-16,156.0,160.0,156.0,158.0,262000
2014-01-17,160.0,160.0,154.0,156.0,289000
2014-01-20,156.0,159.0,155.0,156.0,120000
2014-01-21,156.0,156.0,154.0,154.0,156000
2014-01-22,154.0,155.0,151.0,153.0,205000
2014-01-23,152.0,157.0,152.0,155.0,116000
2014-01-24,154.0,154.0,152.0,153.0,136000
2014-01-27,142.0,145.0,139.0,139.0,503000
2014-01-28,141.0,143.0,130.0,132.0,535000
2014-01-29,135.0,138.0,133.0,136.0,251000
2014-01-30,133.0,134.0,124.0,134.0,408000
2014-01-31,134.0,137.0,127.0,131.0,230000
2014-02-03,123.0,124.0,111.0,112.0,1044000
2014-02-04,97.0,106.0,96.0,101.0,1405000
2014-02-05,107.0,109.0,102.0,108.0,800000
2014-02-06,108.0,114.0,108.0,113.0,377000
2014-02-07,116.0,120.0,113.0,114.0,402000
2014-02-10,115.0,123.0,115.0,120.0,539000
2014-02-12,119.0,120.0,116.0,117.0,311000
2014-02-13,115.0,115.0,110.0,111.0,259000
2014-02-14,111.0,112.0,105.0,110.0,288000
2014-02-17,111.0,112.0,109.0,110.0,74000
2014-02-18,113.0,115.0,111.0,114.0,124000
2014-02-19,115.0,116.0,114.0,115.0,85000
2014-02-20,114.0,114.0,112.0,112.0,74000
2014-02-21,113.0,114.0,113.0,113.0,54000
2014-02-24,114.0,117.0,112.0,113.0,122000
2014-02-25,117.0,120.0,115.0,116.0,335000
2014-02-26,116.0,117.0,114.0,115.0,102000
2014-02-27,114.0,115.0,111.0,111.0,174000
2014-02-28,111.0,111.0,107.0,108.0,239000
2014-03-03,106.0,106.0,103.0,104.0,146000
2014-03-04,103.0,110.0,103.0,109.0,148000
2014-03-05,111.0,111.0,108.0,109.0,101000
2014-03-06,108.0,110.0,108.0,110.0,48000
2014-03-07,111.0,111.0,110.0,111.0,41000
2014-03-10,110.0,110.0,107.0,107.0,95000
2014-03-11,109.0,109.0,107.0,107.0,84000
2014-03-12,105.0,107.0,105.0,106.0,204000
2014-03-13,106.0,108.0,106.0,106.0,78000
2014-03-14,103.0,105.0,102.0,103.0,179000
2014-03-17,102.0,103.0,99.0,100.0,99000
2014-03-18,101.0,103.0,101.0,102.0,41000
2014-03-19,102.0,103.0,101.0,103.0,52000
2014-03-20,102.0,102.0,100.0,101.0,112000
2014-03-24,101.0,101.0,100.0,101.0,65000
2014-03-25,101.0,102.0,100.0,101.0,53000
2014-03-26,101.0,101.0,97.0,97.0,135000
2014-03-27,98.0,102.0,98.0,101.0,39000
2014-03-28,101.0,103.0,100.0,103.0,27000
2014-03-31,104.0,104.0,103.0,104.0,63000
2014-04-01,105.0,108.0,105.0,106.0,66000
2014-04-02,107.0,109.0,106.0,108.0,72000
2014-04-03,109.0,109.0,105.0,106.0,118000
2014-04-04,106.0,106.0,105.0,105.0,52000
2014-04-07,102.0,102.0,101.0,102.0,81000
2014-04-08,101.0,102.0,100.0,100.0,76000
2014-04-09,99.0,100.0,99.0,99.0,29000
2014-04-10,101.0,101.0,99.0,99.0,33000
2014-04-11,98.0,99.0,96.0,98.0,75000
2014-04-14,98.0,100.0,98.0,100.0,42000
2014-04-15,100.0,101.0,99.0,99.0,87000
2014-04-16,100.0,102.0,99.0,99.0,95000
2014-04-17,101.0,102.0,101.0,101.0,38000
2014-04-18,103.0,103.0,101.0,101.0,105000
2014-04-21,101.0,102.0,100.0,100.0,18000
2014-04-22,101.0,101.0,100.0,100.0,23000
2014-04-23,102.0,102.0,101.0,102.0,19000
2014-04-24,101.0,102.0,99.0,100.0,82000
2014-04-25,100.0,101.0,99.0,100.0,76000
2014-04-28,99.0,99.0,99.0,99.0,55000
2014-04-30,99.0,99.0,96.0,97.0,154000
2014-05-01,98.0,98.0,96.0,98.0,112000
2014-05-02,98.0,100.0,98.0,99.0,77000
2014-05-07,98.0,98.0,97.0,97.0,108000
2014-05-08,97.0,98.0,95.0,95.0,155000
2014-05-09,93.0,95.0,91.0,92.0,334000
2014-05-12,92.0,94.0,89.0,94.0,196000
2014-05-13,93.0,94.0,90.0,91.0,129000
2014-05-14,95.0,97.0,92.0,93.0,173000
2014-05-15,93.0,93.0,91.0,93.0,38000
2014-05-16,91.0,92.0,89.0,92.0,141000
2014-05-19,89.0,89.0,85.0,85.0,230000
2014-05-20,85.0,87.0,85.0,86.0,93000
2014-05-21,85.0,85.0,81.0,83.0,174000
2014-05-22,85.0,86.0,83.0,85.0,60000
2014-05-23,87.0,87.0,86.0,87.0,54000
2014-05-26,88.0,89.0,87.0,89.0,71000
2014-05-27,90.0,91.0,89.0,90.0,70000
2014-05-28,90.0,90.0,88.0,90.0,38000
2014-05-29,89.0,91.0,89.0,89.0,47000
2014-05-30,90.0,90.0,88.0,88.0,92000
2014-06-02,87.0,90.0,87.0,89.0,100000
2014-06-03,90.0,91.0,89.0,89.0,44000
2014-06-04,91.0,92.0,90.0,90.0,127000
2014-06-05,90.0,92.0,90.0,92.0,107000
2014-06-06,93.0,104.0,93.0,104.0,1346000
2014-06-09,109.0,123.0,109.0,116.0,3608000
2014-06-10,113.0,113.0,106.0,109.0,706000
2014-06-11,108.0,110.0,106.0,107.0,233000
2014-06-12,107.0,108.0,104.0,107.0,167000
2014-06-13,107.0,110.0,105.0,110.0,194000
2014-06-16,110.0,114.0,108.0,108.0,317000
2014-06-17,108.0,109.0,105.0,107.0,154000
2014-06-18,107.0,107.0,104.0,105.0,156000
2014-06-19,105.0,108.0,105.0,106.0,106000
2014-06-20,108.0,108.0,104.0,104.0,119000
2014-06-23,104.0,106.0,103.0,104.0,103000
2014-06-24,104.0,106.0,104.0,105.0,61000
2014-06-25,105.0,107.0,104.0,107.0,78000
2014-06-26,107.0,108.0,105.0,107.0,106000
2014-06-27,108.0,117.0,108.0,115.0,759000
2014-06-30,116.0,118.0,112.0,114.0,441000
2014-07-01,118.0,118.0,113.0,115.0,217000
2014-07-02,114.0,115.0,113.0,113.0,78000
2014-07-03,113.0,114.0,109.0,110.0,316000
2014-07-04,112.0,113.0,110.0,111.0,172000
2014-07-07,111.0,113.0,110.0,111.0,190000
2014-07-08,111.0,127.0,109.0,114.0,2854000
2014-07-09,113.0,113.0,110.0,111.0,402000
2014-07-10,112.0,112.0,108.0,108.0,208000
2014-07-11,108.0,110.0,107.0,109.0,111000
2014-07-14,108.0,111.0,108.0,111.0,101000
2014-07-15,111.0,116.0,110.0,115.0,364000
2014-07-16,115.0,115.0,111.0,112.0,131000
2014-07-17,113.0,114.0,110.0,110.0,219000
2014-07-18,108.0,111.0,107.0,110.0,104000
2014-07-22,110.0,112.0,109.0,112.0,43000
2014-07-23,112.0,112.0,111.0,111.0,76000
2014-07-24,111.0,118.0,111.0,115.0,514000
2014-07-25,115.0,119.0,114.0,117.0,442000
2014-07-28,117.0,119.0,115.0,116.0,246000
2014-07-29,116.0,119.0,114.0,117.0,280000
2014-07-30,118.0,118.0,114.0,114.0,216000
2014-07-31,117.0,125.0,116.0,125.0,1339000
2014-08-01,116.0,119.0,115.0,116.0,906000
2014-08-04,115.0,116.0,113.0,113.0,215000
2014-08-05,114.0,114.0,107.0,108.0,283000
2014-08-06,113.0,118.0,110.0,115.0,785000
2014-08-07,115.0,116.0,113.0,113.0,148000
2014-08-08,114.0,114.0,108.0,109.0,211000
2014-08-11,111.0,113.0,110.0,113.0,67000
2014-08-12,113.0,113.0,110.0,110.0,75000
2014-08-13,110.0,114.0,110.0,113.0,66000
2014-08-14,111.0,114.0,111.0,112.0,62000
2014-08-15,113.0,116.0,110.0,115.0,113000
2014-08-18,116.0,119.0,115.0,117.0,287000
2014-08-19,116.0,118.0,115.0,116.0,118000
2014-08-20,115.0,115.0,114.0,115.0,127000
2014-08-21,114.0,116.0,114.0,115.0,50000
2014-08-22,115.0,115.0,113.0,115.0,61000
2014-08-25,116.0,118.0,114.0,116.0,115000
2014-08-26,115.0,118.0,115.0,117.0,103000
2014-08-27,117.0,118.0,116.0,118.0,64000
2014-08-28,117.0,118.0,116.0,117.0,65000
2014-08-29,117.0,117.0,115.0,116.0,54000
2014-09-01,117.0,119.0,117.0,119.0,75000
2014-09-02,119.0,119.0,116.0,116.0,76000
2014-09-03,118.0,118.0,115.0,115.0,71000
2014-09-04,115.0,115.0,109.0,113.0,325000
2014-09-05,113.0,115.0,111.0,113.0,79000
2014-09-08,113.0,115.0,113.0,115.0,70000
2014-09-09,115.0,115.0,114.0,115.0,54000
2014-09-10,115.0,116.0,114.0,116.0,112000
2014-09-11,116.0,123.0,115.0,123.0,823000
2014-09-12,123.0,126.0,121.0,124.0,682000
2014-09-16,129.0,139.0,123.0,123.0,1105000
2014-09-17,130.0,139.0,128.0,136.0,2125000
2014-09-18,135.0,140.0,131.0,131.0,1025000
2014-09-19,134.0,137.0,131.0,137.0,587000
2014-09-22,140.0,154.0,136.0,153.0,2928000
2014-09-24,163.0,174.0,146.0,148.0,6183000
2014-09-25,143.0,143.0,137.0,138.0,1688000
2014-09-26,138.0,143.0,136.0,140.0,821000
2014-09-29,141.0,141.0,135.0,137.0,568000
2014-09-30,139.0,139.0,131.0,133.0,589000
2014-10-01,134.0,134.0,128.0,129.0,348000
2014-10-02,124.0,127.0,122.0,123.0,453000
2014-10-03,123.0,130.0,122.0,129.0,216000
2014-10-06,131.0,137.0,130.0,137.0,412000
2014-10-07,136.0,141.0,134.0,137.0,595000
2014-10-08,132.0,136.0,130.0,135.0,215000
2014-10-09,134.0,136.0,133.0,135.0,200000
2014-10-10,129.0,132.0,127.0,129.0,298000
2014-10-14,125.0,129.0,123.0,125.0,156000
2014-10-15,126.0,129.0,124.0,129.0,208000
2014-10-16,125.0,131.0,123.0,127.0,209000
2014-10-17,128.0,131.0,128.0,130.0,109000
2014-10-20,135.0,137.0,131.0,133.0,201000
2014-10-21,135.0,136.0,132.0,133.0,98000
2014-10-22,135.0,135.0,130.0,133.0,179000
2014-10-23,132.0,134.0,131.0,134.0,124000
2014-10-24,135.0,139.0,135.0,138.0,235000
2014-10-27,145.0,150.0,138.0,146.0,1929000
2014-10-28,145.0,145.0,141.0,143.0,214000
2014-10-29,155.0,164.0,151.0,156.0,2300000
2014-10-30,156.0,161.0,153.0,160.0,650000
2014-10-31,162.0,165.0,158.0,158.0,910000
2014-11-04,153.0,156.0,148.0,148.0,734000
2014-11-05,148.0,155.0,148.0,152.0,399000
2014-11-06,155.0,156.0,149.0,150.0,429000
2014-11-07,150.0,150.0,142.0,143.0,503000
2014-11-10,145.0,147.0,144.0,147.0,90000
2014-11-11,147.0,147.0,144.0,144.0,70000
2014-11-12,146.0,147.0,144.0,145.0,109000
2014-11-13,145.0,145.0,142.0,144.0,175000
2014-11-14,145.0,158.0,145.0,158.0,765000
2014-11-17,161.0,168.0,155.0,164.0,1549000
2014-11-18,166.0,171.0,163.0,168.0,1278000
2014-11-19,173.0,183.0,169.0,177.0,2373000
2014-11-20,184.0,193.0,174.0,186.0,2008000
2014-11-21,186.0,215.0,184.0,208.0,4125000
2014-11-25,215.0,288.0,205.0,239.0,12765000
2014-11-26,251.0,288.0,222.0,226.0,8232000
2014-11-27,219.0,273.0,218.0,271.0,6075000
2014-11-28,287.0,305.0,261.0,272.0,5895000
2014-12-01,290.0,291.0,252.0,259.0,2081000
2014-12-02,251.0,258.0,221.0,233.0,1455000
2014-12-03,233.0,242.0,211.0,224.0,1502000
2014-12-04,217.0,217.0,202.0,208.0,1443000
2014-12-05,209.0,251.0,209.0,227.0,3650000
2014-12-08,223.0,235.0,219.0,221.0,950000
2014-12-09,219.0,220.0,209.0,210.0,482000
2014-12-10,205.0,213.0,197.0,205.0,755000
2014-12-11,202.0,226.0,200.0,224.0,775000
2014-12-12,218.0,225.0,216.0,223.0,553000
2014-12-15,218.0,221.0,209.0,209.0,339000
2014-12-16,207.0,219.0,196.0,199.0,755000
2014-12-17,200.0,208.0,198.0,206.0,279000
2014-12-18,214.0,242.0,210.0,230.0,1819000
2014-12-19,240.0,241.0,221.0,223.0,1087000
2014-12-22,221.0,223.0,207.0,210.0,432000
2014-12-24,225.0,235.0,220.0,232.0,1285000
2014-12-25,240.0,241.0,228.0,231.0,840000
2014-12-26,235.0,235.0,230.0,230.0,292000
2014-12-29,234.0,234.0,221.0,225.0,421000
2014-12-30,225.0,228.0,224.0,225.0,121000
2015-01-05,225.0,237.0,225.0,235.0,358000
2015-01-06,228.0,235.0,225.0,232.0,288000
2015-01-07,233.0,245.0,228.0,236.0,631000
2015-01-08,238.0,240.0,232.0,234.0,288000
2015-01-09,238.0,243.0,233.0,243.0,516000
2015-01-13,241.0,271.0,239.0,271.0,3926000
2015-01-14,277.0,292.0,225.0,230.0,3929000
2015-01-15,237.0,255.0,237.0,249.0,1315000
2015-01-16,248.0,248.0,236.0,241.0,482000
2015-01-19,243.0,247.0,233.0,236.0,295000
2015-01-20,234.0,237.0,231.0,235.0,290000
2015-01-21,238.0,243.0,236.0,243.0,316000
2015-01-22,248.0,264.0,244.0,262.0,1265000
2015-01-23,266.0,269.0,249.0,254.0,720000
2015-01-26,255.0,264.0,253.0,258.0,387000
2015-01-27,256.0,261.0,255.0,258.0,239000
2015-01-28,261.0,272.0,259.0,270.0,1038000
2015-01-29,274.0,275.0,264.0,267.0,634000
2015-01-30,272.0,273.0,253.0,256.0,476000
2015-02-02,250.0,251.0,232.0,238.0,669000
2015-02-03,238.0,244.0,230.0,233.0,425000
2015-02-04,238.0,238.0,232.0,234.0,197000
2015-02-05,235.0,236.0,228.0,231.0,153000
2015-02-06,230.0,231.0,223.0,226.0,320000
2015-02-09,228.0,238.0,227.0,238.0,187000
2015-02-10,240.0,240.0,233.0,236.0,149000
2015-02-12,240.0,245.0,239.0,243.0,317000
2015-02-13,243.0,243.0,236.0,237.0,162000
2015-02-16,240.0,241.0,237.0,240.0,127000
2015-02-17,238.0,240.0,237.0,238.0,118000
2015-02-18,240.0,240.0,236.0,236.0,139000
2015-02-19,239.0,242.0,236.0,240.0,135000
2015-02-20,243.0,244.0,240.0,241.0,97000
2015-02-23,243.0,245.0,240.0,244.0,196000
2015-02-24,252.0,257.0,250.0,256.0,753000
2015-02-25,253.0,263.0,253.0,258.0,360000
2015-02-26,262.0,262.0,258.0,262.0,339000
2015-02-27,267.0,268.0,263.0,265.0,449000
2015-03-02,261.0,264.0,251.0,255.0,322000
2015-03-03,262.0,262.0,255.0,256.0,150000
2015-03-04,251.0,263.0,250.0,258.0,261000
2015-03-05,255.0,264.0,253.0,259.0,310000
2015-03-06,262.0,263.0,259.0,261.0,150000
2015-03-09,256.0,260.0,246.0,248.0,233000
2015-03-10,248.0,249.0,246.0,247.0,117000
2015-03-11,245.0,246.0,240.0,242.0,189000
2015-03-12,245.0,245.0,240.0,240.0,99000
2015-03-13,240.0,244.0,239.0,243.0,75000
2015-03-16,247.0,247.0,244.0,247.0,69000
2015-03-17,248.0,248.0,240.0,240.0,120000
2015-03-18,240.0,242.0,235.0,238.0,122000
2015-03-19,237.0,238.0,235.0,236.0,58000
2015-03-20,237.0,241.0,237.0,239.0,42000
2015-03-23,242.0,242.0,239.0,241.0,29000
2015-03-24,240.0,242.0,236.0,237.0,64000
2015-03-25,238.0,239.0,237.0,238.0,44000
2015-03-26,236.0,238.0,235.0,238.0,84000
2015-03-27,241.0,241.0,235.0,235.0,51000
2015-03-30,235.0,236.0,234.0,236.0,52000
2015-03-31,240.0,249.0,240.0,249.0,167000
2015-04-01,255.0,255.0,246.0,252.0,169000
2015-04-02,254.0,254.0,250.0,253.0,135000
2015-04-03,253.0,253.0,248.0,249.0,40000
2015-04-06,245.0,297.0,244.0,265.0,1696000
2015-04-07,262.0,265.0,256.0,264.0,242000
2015-04-08,265.0,266.0,259.0,261.0,142000
2015-04-09,262.0,262.0,259.0,259.0,65000
2015-04-10,263.0,263.0,259.0,262.0,75000
2015-04-13,264.0,265.0,262.0,263.0,91000
2015-04-14,261.0,263.0,260.0,262.0,105000
2015-04-15,267.0,267.0,260.0,261.0,119000
2015-04-16,260.0,266.0,259.0,265.0,160000
2015-04-17,268.0,272.0,266.0,271.0,450000
2015-04-20,271.0,272.0,267.0,268.0,184000
2015-04-21,268.0,270.0,263.0,270.0,175000
2015-04-22,267.0,274.0,265.0,273.0,267000
2015-04-23,274.0,278.0,270.0,277.0,262000
2015-04-24,275.0,277.0,273.0,276.0,213000
2015-04-27,276.0,285.0,275.0,278.0,473000
2015-04-28,277.0,278.0,266.0,273.0,197000
2015-04-30,268.0,273.0,267.0,270.0,130000
2015-05-01,266.0,288.0,265.0,275.0,783000
2015-05-07,275.0,283.0,275.0,280.0,387000
2015-05-08,282.0,282.0,278.0,278.0,237000
2015-05-11,281.0,294.0,279.0,294.0,1321000
2015-05-12,289.0,294.0,287.0,292.0,378000
2015-05-13,296.0,303.0,293.0,299.0,1121000
2015-05-14,298.0,299.0,291.0,296.0,344000
2015-05-15,298.0,300.0,286.0,289.0,455000
2015-05-18,288.0,288.0,260.0,276.0,780000
2015-05-19,285.0,294.0,280.0,285.0,536000
2015-05-20,286.0,292.0,284.0,288.0,345000
2015-05-21,290.0,295.0,283.0,284.0,286000
2015-05-22,287.0,289.0,279.0,282.0,193000
2015-05-25,283.0,284.0,273.0,278.0,292000
2015-05-26,280.0,280.0,275.0,275.0,105000
2015-05-27,275.0,282.0,275.0,278.0,169000
2015-05-28,276.0,279.0,275.0,276.0,154000
2015-05-29,278.0,278.0,275.0,275.0,82000
2015-06-01,271.0,289.0,269.0,283.0,492000
2015-06-02,293.0,299.0,290.0,292.0,716000
2015-06-03,292.0,298.0,290.0,298.0,335000
2015-06-04,302.0,304.0,295.0,300.0,628000
2015-06-05,299.0,300.0,296.0,298.0,186000
2015-06-08,295.0,296.0,293.0,294.0,206000
2015-06-09,291.0,293.0,289.0,289.0,225000
2015-06-10,289.0,297.0,289.0,297.0,103000
2015-06-11,296.0,302.0,294.0,295.0,224000
2015-06-12,298.0,303.0,297.0,303.0,251000
2015-06-15,304.0,318.0,301.0,314.0,1239000
2015-06-16,312.0,316.0,308.0,312.0,400000
2015-06-17,312.0,322.0,312.0,318.0,595000
2015-06-18,317.0,320.0,313.0,313.0,348000
2015-06-19,314.0,317.0,310.0,313.0,194000
2015-06-22,314.0,314.0,307.0,308.0,167000
2015-06-23,309.0,311.0,308.0,309.0,123000
2015-06-24,310.0,313.0,307.0,311.0,214000
2015-06-25,310.0,311.0,307.0,307.0,127000
2015-06-26,307.0,309.0,299.0,305.0,251000
2015-06-29,291.0,297.0,290.0,290.0,281000
2015-06-30,291.0,303.0,291.0,297.0,127000
2015-07-01,299.0,304.0,298.0,302.0,67000
2015-07-02,304.0,309.0,300.0,302.0,135000
2015-07-03,301.0,301.0,296.0,297.0,91000
2015-07-06,293.0,296.0,286.0,289.0,159000
2015-07-07,292.0,297.0,291.0,293.0,69000
2015-07-08,293.0,293.0,271.0,277.0,308000
2015-07-09,265.0,274.0,245.0,274.0,570000
2015-07-10,272.0,274.0,266.0,272.0,110000
2015-07-13,276.0,281.0,275.0,280.0,169000
2015-07-14,288.0,290.0,286.0,287.0,139000
2015-07-15,290.0,290.0,287.0,288.0,55000
2015-07-16,291.0,291.0,287.0,288.0,51000
2015-07-17,289.0,300.0,287.0,298.0,287000
2015-07-21,304.0,315.0,303.0,315.0,674000
2015-07-22,315.0,325.0,313.0,318.0,564000
2015-07-23,320.0,328.0,315.0,328.0,565000
2015-07-24,330.0,345.0,328.0,338.0,792000
2015-07-27,340.0,345.0,330.0,333.0,409000
2015-07-28,320.0,330.0,320.0,328.0,335000
2015-07-29,330.0,337.0,328.0,334.0,198000
2015-07-30,337.0,338.0,328.0,332.0,283000
2015-07-31,340.0,350.0,333.0,348.0,775000
2015-08-03,338.0,340.0,323.0,328.0,502000
2015-08-04,327.0,328.0,308.0,325.0,401000
2015-08-05,325.0,337.0,325.0,327.0,135000
2015-08-06,330.0,335.0,324.0,324.0,137000
2015-08-07,323.0,325.0,317.0,319.0,122000
2015-08-10,318.0,322.0,318.0,319.0,80000
2015-08-11,319.0,320.0,316.0,319.0,69000
2015-08-12,315.0,316.0,303.0,305.0,202000
2015-08-13,307.0,311.0,307.0,310.0,54000
2015-08-14,310.0,310.0,308.0,310.0,31000
2015-08-17,309.0,309.0,304.0,307.0,87000
2015-08-18,307.0,310.0,306.0,310.0,43000
2015-08-19,311.0,332.0,311.0,322.0,333000
2015-08-20,325.0,329.0,321.0,329.0,303000
2015-08-21,316.0,325.0,310.0,320.0,246000
2015-08-24,308.0,312.0,277.0,286.0,605000
2015-08-25,265.0,296.0,256.0,274.0,259000
2015-08-26,285.0,303.0,279.0,301.0,146000
2015-08-27,305.0,306.0,294.0,296.0,159000
2015-08-28,295.0,300.0,294.0,296.0,108000
2015-08-31,294.0,299.0,294.0,299.0,44000
2015-09-01,302.0,302.0,282.0,294.0,100000
2015-09-02,278.0,290.0,276.0,286.0,112000
2015-09-03,290.0,290.0,279.0,280.0,50000
2015-09-04,277.0,285.0,266.0,281.0,190000
2015-09-07,281.0,281.0,270.0,279.0,81000
2015-09-08,275.0,275.0,258.0,265.0,86000
2015-09-09,273.0,293.0,270.0,281.0,83000
2015-09-10,273.0,280.0,273.0,279.0,18000
2015-09-11,274.0,290.0,274.0,290.0,52000
2015-09-14,286.0,293.0,279.0,280.0,39000
2015-09-15,280.0,286.0,280.0,280.0,34000
2015-09-16,288.0,288.0,281.0,282.0,14000
2015-09-17,283.0,288.0,281.0,283.0,52000
2015-09-18,284.0,284.0,279.0,284.0,21000
2015-09-24,273.0,281.0,273.0,276.0,29000
2015-09-25,271.0,275.0,259.0,272.0,99000
2015-09-28,270.0,275.0,270.0,275.0,26000
2015-09-29,273.0,278.0,265.0,275.0,134000
2015-09-30,280.0,280.0,276.0,276.0,17000
2015-10-01,275.0,278.0,273.0,278.0,55000
2015-10-02,273.0,273.0,269.0,273.0,65000
2015-10-05,270.0,275.0,270.0,270.0,36000
2015-10-06,274.0,274.0,267.0,269.0,71000
2015-10-07,269.0,273.0,268.0,273.0,45000
2015-10-08,273.0,273.0,270.0,271.0,19000
2015-10-09,271.0,278.0,270.0,276.0,56000
2015-10-13,287.0,295.0,282.0,287.0,149000
2015-10-14,290.0,295.0,286.0,291.0,86000
2015-10-15,285.0,293.0,285.0,292.0,26000
2015-10-16,292.0,300.0,290.0,300.0,138000
2015-10-19,309.0,312.0,306.0,307.0,159000
2015-10-20,306.0,309.0,300.0,300.0,51000
2015-10-21,301.0,306.0,301.0,305.0,87000
2015-10-22,306.0,306.0,296.0,296.0,68000
2015-10-23,300.0,302.0,299.0,302.0,50000
2015-10-26,302.0,305.0,300.0,305.0,72000
2015-10-27,302.0,310.0,302.0,306.0,57000
2015-10-28,309.0,310.0,304.0,304.0,55000
2015-10-29,308.0,309.0,305.0,307.0,79000
2015-10-30,303.0,304.0,275.0,304.0,350000
2015-11-02,297.0,301.0,292.0,293.0,76000
2015-11-04,293.0,296.0,291.0,291.0,60000
2015-11-05,296.0,299.0,286.0,287.0,72000
2015-11-06,287.0,294.0,287.0,290.0,23000
2015-11-09,293.0,294.0,291.0,291.0,35000
2015-11-10,291.0,291.0,289.0,291.0,25000
2015-11-11,293.0,293.0,289.0,290.0,48000
2015-11-12,288.0,290.0,287.0,290.0,95000
2015-11-13,286.0,291.0,286.0,288.0,25000
2015-11-16,285.0,289.0,285.0,288.0,68000
2015-11-17,284.0,288.0,284.0,285.0,77000
2015-11-18,285.0,286.0,284.0,285.0,31000
2015-11-19,288.0,288.0,285.0,285.0,52000
2015-11-20,288.0,289.0,282.0,288.0,69000
2015-11-24,288.0,296.0,288.0,295.0,70000
2015-11-25,298.0,305.0,293.0,304.0,121000
2015-11-26,304.0,305.0,300.0,300.0,62000
2015-11-27,300.0,305.0,300.0,305.0,175000
2015-11-30,307.0,307.0,301.0,302.0,54000
2015-12-01,302.0,309.0,299.0,307.0,126000
2015-12-02,303.0,307.0,302.0,305.0,61000
2015-12-03,302.0,305.0,300.0,301.0,82000
2015-12-04,301.0,317.0,301.0,315.0,368000
2015-12-07,316.0,327.0,309.0,317.0,541000
2015-12-08,314.0,322.0,314.0,321.0,111000
2015-12-09,315.0,323.0,315.0,321.0,107000
2015-12-10,316.0,321.0,315.0,320.0,94000
2015-12-11,322.0,326.0,310.0,319.0,198000
2015-12-14,311.0,317.0,309.0,312.0,113000
2015-12-15,312.0,314.0,308.0,308.0,89000
2015-12-16,313.0,313.0,306.0,307.0,59000
2015-12-17,312.0,313.0,310.0,311.0,27000
2015-12-18,307.0,315.0,307.0,308.0,48000
2015-12-21,302.0,310.0,295.0,299.0,169000
2015-12-22,299.0,303.0,293.0,294.0,100000
2015-12-24,295.0,297.0,286.0,288.0,126000
2015-12-25,288.0,288.0,288.0,288.0,0
2015-12-28,285.0,292.0,285.0,290.0,22000
2015-12-29,291.0,297.0,291.0,297.0,71000
2015-12-30,296.0,302.0,295.0,299.0,63000
2016-01-04,308.0,310.0,303.0,305.0,108000
2016-01-05,305.0,322.0,305.0,316.0,197000
2016-01-06,320.0,322.0,307.0,312.0,149000
2016-01-07,312.0,316.0,306.0,309.0,72000
2016-01-08,305.0,312.0,302.0,308.0,82000
2016-01-12,308.0,308.0,270.0,283.0,279000
2016-01-13,291.0,296.0,288.0,295.0,67000
2016-01-14,285.0,302.0,281.0,295.0,119000
2016-01-15,300.0,306.0,290.0,296.0,61000
2016-01-18,287.0,295.0,287.0,293.0,66000
2016-01-19,293.0,295.0,290.0,292.0,74000
2016-01-20,291.0,292.0,283.0,283.0,87000
2016-01-21,282.0,285.0,277.0,283.0,124000
2016-01-22,283.0,291.0,283.0,291.0,112000
2016-01-25,291.0,297.0,290.0,296.0,87000
2016-01-26,295.0,300.0,290.0,299.0,101000
2016-01-27,300.0,303.0,294.0,296.0,88000
2016-01-28,295.0,300.0,294.0,299.0,96000
2016-01-29,295.0,295.0,286.0,291.0,105000
2016-02-01,284.0,287.0,280.0,282.0,246000
2016-02-02,282.0,285.0,279.0,284.0,80000
2016-02-03,279.0,287.0,278.0,280.0,129000
2016-02-04,280.0,291.0,277.0,284.0,182000
2016-02-05,281.0,286.0,276.0,280.0,101000
2016-02-08,280.0,302.0,271.0,297.0,370000
2016-02-09,296.0,304.0,284.0,294.0,197000
2016-02-10,296.0,305.0,290.0,298.0,195000
2016-02-12,287.0,297.0,279.0,292.0,187000
2016-02-15,294.0,296.0,284.0,295.0,182000
2016-02-16,294.0,310.0,271.0,294.0,913000
2016-02-17,286.0,294.0,286.0,290.0,66000
2016-02-18,294.0,296.0,290.0,292.0,82000
2016-02-19,294.0,294.0,287.0,293.0,94000
2016-02-22,293.0,293.0,287.0,288.0,79000
2016-02-23,288.0,294.0,287.0,293.0,84000
2016-02-24,289.0,292.0,288.0,290.0,49000
2016-02-25,294.0,304.0,293.0,301.0,148000
2016-02-26,302.0,328.0,302.0,328.0,496000
2016-02-29,343.0,347.0,331.0,346.0,582000
2016-03-01,346.0,362.0,342.0,362.0,673000
2016-03-02,361.0,370.0,355.0,370.0,620000
2016-03-03,366.0,367.0,355.0,367.0,340000
2016-03-04,367.0,374.0,365.0,370.0,581000
2016-03-07,372.0,380.0,372.0,377.0,706000
2016-03-08,373.0,380.0,356.0,370.0,517000
2016-03-09,355.0,373.0,344.0,369.0,608000
2016-03-10,370.0,376.0,365.0,376.0,254000
2016-03-11,370.0,373.0,366.0,368.0,184000
2016-03-14,362.0,366.0,350.0,350.0,353000
2016-03-15,350.0,350.0,332.0,344.0,389000
2016-03-16,341.0,353.0,341.0,348.0,222000
2016-03-17,352.0,359.0,351.0,352.0,194000
2016-03-18,350.0,355.0,346.0,355.0,156000
2016-03-22,355.0,355.0,345.0,346.0,174000
2016-03-23,344.0,346.0,340.0,341.0,171000
2016-03-24,339.0,343.0,335.0,340.0,84000
2016-03-25,339.0,344.0,338.0,341.0,75000
2016-03-28,341.0,341.0,333.0,335.0,136000
2016-03-29,336.0,348.0,336.0,345.0,77000
2016-03-30,350.0,354.0,348.0,353.0,118000
2016-03-31,354.0,362.0,350.0,360.0,127000
2016-04-01,360.0,360.0,342.0,352.0,255000
2016-04-04,351.0,352.0,324.0,335.0,173000
2016-04-05,335.0,339.0,320.0,323.0,222000
2016-04-06,307.0,328.0,305.0,317.0,207000
2016-04-07,315.0,317.0,310.0,310.0,52000
2016-04-08,316.0,350.0,310.0,347.0,413000
2016-04-11,343.0,355.0,343.0,351.0,172000
2016-04-12,350.0,350.0,346.0,348.0,120000
2016-04-13,348.0,355.0,348.0,355.0,125000
2016-04-14,356.0,367.0,353.0,363.0,298000
2016-04-15,359.0,368.0,338.0,349.0,571000
2016-04-18,345.0,345.0,335.0,341.0,174000
2016-04-19,345.0,345.0,336.0,338.0,141000
2016-04-20,338.0,341.0,333.0,336.0,161000
2016-04-21,336.0,342.0,331.0,340.0,116000
2016-04-22,337.0,364.0,337.0,363.0,698000
2016-04-25,370.0,383.0,362.0,362.0,592000
2016-04-26,367.0,367.0,346.0,366.0,324000
2016-04-27,359.0,375.0,358.0,374.0,280000
2016-04-28,370.0,379.0,367.0,370.0,333000
2016-05-02,364.0,375.0,364.0,366.0,252000
2016-05-06,372.0,381.0,367.0,378.0,424000
2016-05-09,381.0,392.0,376.0,390.0,680000
2016-05-10,393.0,395.0,386.0,394.0,308000
2016-05-11,395.0,403.0,384.0,392.0,795000
2016-05-12,389.0,395.0,386.0,392.0,238000
2016-05-13,376.0,390.0,371.0,388.0,762000
2016-05-16,380.0,386.0,332.0,345.0,1138000
2016-05-17,339.0,343.0,336.0,336.0,253000
2016-05-18,349.0,356.0,325.0,339.0,575000
2016-05-19,341.0,341.0,331.0,333.0,129000
2016-05-20,330.0,330.0,315.0,328.0,381000
2016-05-23,330.0,353.0,327.0,351.0,560000
2016-05-24,355.0,363.0,344.0,347.0,490000
2016-05-25,349.0,352.0,338.0,340.0,267000
2016-05-26,344.0,344.0,337.0,337.0,107000
2016-05-27,337.0,339.0,327.0,329.0,186000
2016-05-30,345.0,353.0,337.0,353.0,396000
2016-05-31,353.0,353.0,344.0,344.0,151000
2016-06-01,344.0,347.0,335.0,341.0,153000
2016-06-02,339.0,340.0,330.0,339.0,201000
2016-06-03,336.0,347.0,335.0,344.0,112000
2016-06-06,343.0,345.0,340.0,341.0,127000
2016-06-07,341.0,342.0,336.0,339.0,96000
2016-06-08,344.0,345.0,339.0,341.0,167000
2016-06-09,342.0,342.0,336.0,338.0,121000
2016-06-10,339.0,339.0,336.0,336.0,59000
2016-06-13,335.0,335.0,317.0,319.0,296000
2016-06-14,316.0,316.0,283.0,288.0,426000
2016-06-15,282.0,295.0,276.0,291.0,268000
2016-06-16,295.0,295.0,262.0,269.0,387000
2016-06-17,271.0,281.0,262.0,264.0,213000
2016-06-20,264.0,269.0,259.0,265.0,196000
2016-06-21,266.0,271.0,264.0,267.0,131000
2016-06-22,265.0,268.0,262.0,265.0,132000
2016-06-23,262.0,262.0,248.0,254.0,299000
2016-06-24,254.0,258.0,187.0,207.0,971000
2016-06-27,213.0,224.0,209.0,222.0,544000
2016-06-28,219.0,240.0,214.0,236.0,214000
2016-06-29,228.0,242.0,227.0,238.0,257000
2016-06-30,239.0,244.0,235.0,236.0,225000
2016-07-01,239.0,243.0,238.0,241.0,99000
2016-07-04,242.0,256.0,241.0,254.0,156000
2016-07-05,248.0,252.0,240.0,245.0,134000
2016-07-06,237.0,241.0,233.0,241.0,101000
2016-07-07,239.0,239.0,233.0,233.0,61000
2016-07-08,233.0,236.0,226.0,227.0,86000
2016-07-11,227.0,227.0,227.0,227.0,0
2016-07-12,244.0,246.0,242.0,242.0,75000
2016-07-13,247.0,253.0,239.0,239.0,103000
2016-07-14,244.0,244.0,241.0,243.0,43000
2016-07-15,244.0,244.0,235.0,238.0,68000
2016-07-19,234.0,238.0,230.0,231.0,75000
2016-07-20,230.0,233.0,227.0,229.0,78000
2016-07-21,226.0,230.0,225.0,228.0,35000
2016-07-22,226.0,229.0,225.0,229.0,31000
2016-07-25,227.0,230.0,227.0,230.0,25000
2016-07-26,231.0,231.0,224.0,224.0,48000
2016-07-27,222.0,226.0,218.0,222.0,81000
2016-07-28,221.0,222.0,218.0,218.0,24000
2016-07-29,218.0,219.0,210.0,215.0,149000
2016-08-01,212.0,217.0,206.0,217.0,47000
2016-08-02,213.0,217.0,213.0,215.0,12000
2016-08-03,213.0,221.0,213.0,220.0,45000
2016-08-04,213.0,215.0,209.0,212.0,79000
2016-08-05,213.0,218.0,213.0,214.0,73000
2016-08-08,214.0,214.0,210.0,213.0,48000
2016-08-09,211.0,214.0,211.0,213.0,18000
2016-08-10,214.0,216.0,212.0,216.0,12000
2016-08-12,217.0,222.0,216.0,222.0,57000
2016-08-15,222.0,236.0,220.0,230.0,159000
2016-08-16,229.0,232.0,225.0,226.0,87000
2016-08-17,226.0,227.0,224.0,226.0,50000
2016-08-18,226.0,229.0,225.0,227.0,46000
2016-08-19,227.0,227.0,221.0,225.0,74000
2016-08-22,224.0,225.0,213.0,216.0,66000
2016-08-23,215.0,215.0,206.0,206.0,89000
2016-08-24,208.0,208.0,204.0,204.0,39000
2016-08-25,205.0,205.0,199.0,203.0,103000
2016-08-26,204.0,204.0,199.0,200.0,35000
2016-08-29,198.0,198.0,193.0,197.0,77000
2016-08-30,197.0,197.0,193.0,195.0,45000
2016-08-31,206.0,219.0,205.0,210.0,384000
2016-09-01,211.0,215.0,211.0,213.0,90000
2016-09-02,215.0,249.0,215.0,246.0,1133000
2016-09-05,245.0,246.0,230.0,230.0,288000
2016-09-06,230.0,231.0,221.0,224.0,160000
2016-09-07,221.0,224.0,218.0,221.0,92000
2016-09-08,221.0,221.0,217.0,219.0,86000
2016-09-09,219.0,222.0,217.0,219.0,61000
2016-09-12,217.0,220.0,217.0,217.0,67000
2016-09-13,217.0,218.0,212.0,213.0,63000
2016-09-14,212.0,212.0,206.0,207.0,69000
2016-09-15,207.0,207.0,202.0,204.0,67000
2016-09-16,204.0,204.0,201.0,202.0,41000
2016-09-20,200.0,205.0,198.0,202.0,106000
2016-09-21,205.0,206.0,202.0,202.0,47000
2016-09-23,205.0,205.0,201.0,201.0,71000
2016-09-26,202.0,205.0,202.0,203.0,35000
2016-09-27,203.0,204.0,202.0,204.0,39000
2016-09-28,204.0,204.0,203.0,203.0,16000
2016-09-29,204.0,204.0,203.0,203.0,37000
2016-09-30,203.0,204.0,201.0,201.0,36000
2016-10-03,200.0,203.0,200.0,203.0,28000
2016-10-04,201.0,202.0,201.0,202.0,40000
2016-10-05,200.0,204.0,200.0,204.0,39000
2016-10-06,205.0,209.0,204.0,209.0,86000
2016-10-07,209.0,209.0,206.0,207.0,39000
2016-10-11,207.0,216.0,207.0,212.0,142000
2016-10-12,208.0,212.0,204.0,204.0,53000
2016-10-13,204.0,206.0,203.0,206.0,55000
2016-10-14,202.0,208.0,202.0,206.0,45000
2016-10-17,204.0,205.0,201.0,205.0,101000
2016-10-18,205.0,206.0,202.0,203.0,76000
2016-10-19,203.0,205.0,202.0,205.0,127000
2016-10-20,205.0,206.0,204.0,206.0,92000
2016-10-21,207.0,208.0,203.0,205.0,103000
2016-10-24,205.0,206.0,202.0,203.0,32000
2016-10-25,204.0,205.0,200.0,201.0,105000
2016-10-26,201.0,203.0,201.0,201.0,45000
2016-10-27,202.0,202.0,200.0,201.0,48000
2016-10-28,201.0,203.0,200.0,203.0,71000
2016-10-31,202.0,202.0,200.0,201.0,72000
2016-11-01,196.0,196.0,187.0,190.0,258000
2016-11-02,190.0,190.0,186.0,189.0,118000
2016-11-04,188.0,188.0,181.0,183.0,143000
2016-11-07,184.0,184.0,179.0,182.0,78000
2016-11-08,184.0,184.0,179.0,183.0,96000
2016-11-09,184.0,190.0,176.0,176.0,216000
2016-11-10,185.0,185.0,181.0,183.0,134000
2016-11-11,181.0,183.0,180.0,180.0,107000
2016-11-14,181.0,187.0,181.0,187.0,56000
2016-11-15,187.0,189.0,186.0,186.0,33000
2016-11-16,185.0,187.0,185.0,186.0,51000
2016-11-17,185.0,212.0,185.0,207.0,600000
2016-11-18,209.0,211.0,201.0,203.0,196000
2016-11-21,210.0,212.0,204.0,208.0,267000
2016-11-22,208.0,209.0,205.0,207.0,68000
2016-11-24,207.0,207.0,203.0,205.0,111000
2016-11-25,203.0,205.0,203.0,205.0,80000
2016-11-28,204.0,205.0,202.0,203.0,47000
2016-11-29,202.0,203.0,198.0,203.0,91000
2016-11-30,201.0,204.0,199.0,203.0,62000
2016-12-01,203.0,206.0,199.0,203.0,173000
2016-12-02,202.0,203.0,200.0,202.0,48000
2016-12-05,205.0,250.0,200.0,225.0,2114000
2016-12-06,220.0,223.0,217.0,218.0,313000
2016-12-07,218.0,220.0,212.0,217.0,141000
2016-12-08,218.0,223.0,216.0,216.0,109000
2016-12-09,218.0,218.0,213.0,213.0,122000
2016-12-12,216.0,226.0,216.0,219.0,266000
2016-12-13,218.0,227.0,218.0,224.0,107000
2016-12-14,225.0,228.0,223.0,227.0,74000
2016-12-15,232.0,232.0,219.0,219.0,180000
2016-12-16,221.0,223.0,220.0,222.0,42000
2016-12-19,222.0,223.0,217.0,217.0,151000
2016-12-20,216.0,220.0,216.0,218.0,76000
2016-12-21,218.0,218.0,210.0,210.0,203000
2016-12-22,209.0,209.0,204.0,204.0,165000
2016-12-26,204.0,207.0,202.0,202.0,213000
2016-12-27,203.0,207.0,201.0,202.0,149000
2016-12-28,201.0,208.0,201.0,208.0,79000
2016-12-29,207.0,207.0,203.0,203.0,66000
2016-12-30,203.0,210.0,203.0,207.0,77000
2017-01-04,212.0,212.0,206.0,211.0,49000
2017-01-05,212.0,212.0,209.0,212.0,56000
2017-01-06,210.0,212.0,210.0,212.0,36000
2017-01-10,211.0,211.0,206.0,211.0,51000
2017-01-11,210.0,210.0,207.0,209.0,29000
2017-01-12,209.0,209.0,206.0,206.0,27000
2017-01-13,206.0,207.0,205.0,206.0,18000
2017-01-16,206.0,207.0,205.0,205.0,19000
2017-01-17,206.0,207.0,202.0,205.0,63000
2017-01-18,205.0,205.0,202.0,203.0,35000
2017-01-19,204.0,205.0,197.0,200.0,217000
2017-01-20,201.0,202.0,199.0,202.0,26000
2017-01-23,203.0,204.0,201.0,203.0,26000
2017-01-24,204.0,205.0,203.0,204.0,37000
2017-01-25,205.0,208.0,204.0,208.0,41000
2017-01-26,209.0,209.0,205.0,208.0,93000
2017-01-27,210.0,212.0,208.0,208.0,82000
2017-01-30,209.0,210.0,206.0,210.0,30000
2017-01-31,206.0,210.0,206.0,207.0,35000
2017-02-01,207.0,208.0,206.0,208.0,32000
2017-02-02,212.0,212.0,208.0,209.0,79000
2017-02-03,211.0,211.0,207.0,207.0,55000
2017-02-06,205.0,205.0,204.0,204.0,59000
2017-02-07,204.0,204.0,202.0,203.0,17000
2017-02-08,202.0,203.0,202.0,202.0,29000
2017-02-09,201.0,203.0,200.0,201.0,17000
2017-02-10,202.0,202.0,200.0,200.0,59000
2017-02-13,201.0,201.0,200.0,201.0,16000
2017-02-14,201.0,202.0,201.0,201.0,11000
2017-02-15,202.0,203.0,201.0,202.0,44000
2017-02-16,202.0,205.0,201.0,203.0,51000
2017-02-17,206.0,206.0,203.0,203.0,21000
2017-02-20,205.0,205.0,202.0,203.0,30000
2017-02-21,208.0,216.0,205.0,215.0,241000
2017-02-22,223.0,237.0,218.0,218.0,1431000
2017-02-23,220.0,220.0,215.0,215.0,126000
2017-02-24,215.0,215.0,208.0,211.0,154000
2017-02-27,209.0,210.0,207.0,210.0,122000
2017-02-28,208.0,209.0,207.0,208.0,76000
2017-03-01,210.0,217.0,209.0,215.0,248000
2017-03-02,214.0,214.0,211.0,212.0,96000
2017-03-03,211.0,212.0,209.0,210.0,62000
2017-03-06,209.0,211.0,207.0,211.0,47000
2017-03-07,208.0,209.0,207.0,208.0,80000
2017-03-08,207.0,208.0,206.0,207.0,109000
2017-03-09,207.0,208.0,206.0,207.0,73000
2017-03-10,206.0,209.0,205.0,208.0,89000
2017-03-13,205.0,206.0,203.0,203.0,118000
2017-03-14,202.0,205.0,201.0,205.0,98000
2017-03-15,203.0,203.0,197.0,199.0,213000
2017-03-16,197.0,202.0,197.0,200.0,75000
2017-03-17,200.0,202.0,199.0,199.0,29000
2017-03-21,199.0,199.0,198.0,198.0,43000
2017-03-22,197.0,197.0,194.0,194.0,116000
2017-03-23,194.0,197.0,194.0,196.0,21000
2017-03-24,196.0,196.0,193.0,194.0,129000
2017-03-27,193.0,193.0,189.0,189.0,102000
2017-03-28,190.0,192.0,189.0,191.0,57000
2017-03-29,190.0,194.0,190.0,192.0,21000
2017-03-30,192.0,194.0,191.0,192.0,21000
2017-03-31,192.0,192.0,191.0,192.0,37000
2017-04-03,191.0,191.0,187.0,187.0,121000
2017-04-04,188.0,191.0,185.0,186.0,136000
2017-04-05,187.0,187.0,185.0,186.0,28000
2017-04-06,186.0,186.0,179.0,180.0,185000
2017-04-07,180.0,182.0,180.0,182.0,66000
2017-04-10,179.0,181.0,179.0,180.0,50000
2017-04-11,180.0,181.0,176.0,176.0,120000
2017-04-12,175.0,175.0,156.0,161.0,530000
2017-04-13,156.0,161.0,156.0,161.0,149000
2017-04-14,158.0,160.0,155.0,156.0,122000
2017-04-17,153.0,154.0,150.0,152.0,171000
2017-04-18,156.0,157.0,155.0,156.0,115000
2017-04-19,156.0,157.0,154.0,156.0,72000
2017-04-20,156.0,161.0,156.0,161.0,54000
2017-04-21,161.0,169.0,161.0,166.0,86000
2017-04-24,168.0,168.0,156.0,158.0,126000
2017-04-25,158.0,168.0,158.0,162.0,258000
2017-04-26,166.0,167.0,162.0,166.0,83000
2017-04-27,166.0,166.0,163.0,164.0,52000
2017-04-28,165.0,166.0,163.0,164.0,67000
2017-05-01,163.0,164.0,162.0,163.0,23000
2017-05-02,163.0,165.0,162.0,164.0,47000
2017-05-08,165.0,169.0,165.0,169.0,39000
2017-05-09,169.0,171.0,168.0,171.0,31000
2017-05-10,171.0,172.0,169.0,172.0,27000
2017-05-11,172.0,173.0,168.0,169.0,61000
2017-05-12,168.0,170.0,168.0,168.0,30000
2017-05-15,163.0,164.0,163.0,164.0,57000
2017-05-16,165.0,166.0,163.0,163.0,49000
2017-05-17,162.0,163.0,160.0,163.0,51000
2017-05-18,160.0,161.0,158.0,161.0,53000
2017-05-19,159.0,161.0,159.0,160.0,17000
2017-05-22,161.0,163.0,160.0,161.0,68000
2017-05-23,162.0,166.0,162.0,166.0,87000
2017-05-24,167.0,167.0,166.0,166.0,42000
2017-05-25,167.0,168.0,166.0,168.0,28000
2017-05-26,168.0,168.0,163.0,167.0,57000
2017-05-29,166.0,168.0,166.0,167.0,32000
2017-05-30,165.0,167.0,163.0,164.0,45000
2017-05-31,163.0,166.0,163.0,164.0,53000
2017-06-01,164.0,166.0,164.0,165.0,34000
2017-06-02,165.0,167.0,165.0,167.0,60000
2017-06-05,167.0,168.0,165.0,165.0,34000
2017-06-06,165.0,166.0,163.0,163.0,32000
2017-06-07,162.0,163.0,161.0,162.0,32000
2017-06-08,162.0,164.0,162.0,163.0,25000
2017-06-09,163.0,163.0,161.0,161.0,10000
2017-06-12,171.0,174.0,167.0,171.0,246000
2017-06-13,173.0,178.0,170.0,178.0,154000
2017-06-14,182.0,190.0,180.0,189.0,419000
2017-06-15,190.0,190.0,177.0,179.0,180000
2017-06-16,174.0,177.0,174.0,176.0,94000
2017-06-19,173.0,174.0,171.0,173.0,114000
2017-06-20,175.0,175.0,173.0,173.0,48000
2017-06-21,173.0,173.0,172.0,172.0,27000
2017-06-22,172.0,172.0,171.0,172.0,34000
2017-06-23,173.0,173.0,170.0,170.0,36000
2017-06-26,171.0,172.0,170.0,172.0,39000
2017-06-27,174.0,175.0,174.0,174.0,40000
2017-06-28,175.0,175.0,173.0,175.0,19000
2017-06-29,176.0,176.0,175.0,176.0,35000
2017-06-30,174.0,174.0,172.0,173.0,28000
2017-07-03,171.0,172.0,165.0,172.0,179000
2017-07-04,173.0,173.0,168.0,168.0,52000
2017-07-05,170.0,172.0,169.0,171.0,29000
2017-07-06,171.0,172.0,169.0,170.0,20000
2017-07-07,169.0,170.0,169.0,169.0,28000
2017-07-10,170.0,171.0,170.0,170.0,22000
2017-07-11,169.0,170.0,169.0,170.0,46000
2017-07-12,171.0,171.0,169.0,170.0,38000
2017-07-13,170.0,172.0,170.0,170.0,22000
2017-07-14,171.0,172.0,171.0,172.0,19000
2017-07-17,172.0,172.0,172.0,172.0,0
2017-07-18,173.0,173.0,170.0,170.0,35000
2017-07-19,170.0,171.0,169.0,169.0,23000
2017-07-20,169.0,171.0,166.0,167.0,114000
2017-07-21,169.0,169.0,166.0,169.0,60000
2017-07-24,169.0,169.0,166.0,166.0,40000
2017-07-25,167.0,168.0,167.0,168.0,19000
2017-07-26,168.0,170.0,168.0,170.0,30000
2017-07-27,171.0,172.0,166.0,166.0,124000
2017-07-28,166.0,169.0,166.0,169.0,76000
2017-07-31,169.0,169.0,165.0,165.0,75000
2017-08-01,166.0,166.0,163.0,164.0,56000
2017-08-02,163.0,165.0,163.0,165.0,30000
2017-08-03,166.0,168.0,164.0,168.0,36000
2017-08-04,163.0,166.0,163.0,163.0,69000
2017-08-07,163.0,163.0,159.0,161.0,121000
2017-08-08,162.0,162.0,160.0,161.0,12000
2017-08-09,160.0,160.0,157.0,159.0,99000
2017-08-10,158.0,158.0,156.0,157.0,62000
2017-08-11,157.0,157.0,157.0,157.0,0
2017-08-14,154.0,154.0,152.0,154.0,46000
2017-08-15,155.0,156.0,153.0,154.0,49000
2017-08-16,155.0,155.0,154.0,154.0,25000
2017-08-17,154.0,156.0,154.0,156.0,53000
2017-08-18,154.0,156.0,153.0,155.0,89000
2017-08-21,154.0,154.0,152.0,152.0,50000
2017-08-22,152.0,153.0,151.0,152.0,125000
2017-08-23,152.0,153.0,150.0,152.0,82000
2017-08-24,151.0,152.0,151.0,152.0,27000
2017-08-25,152.0,153.0,152.0,153.0,23000
2017-08-28,153.0,153.0,151.0,151.0,31000
2017-08-29,151.0,152.0,151.0,152.0,19000
2017-08-30,153.0,154.0,151.0,153.0,39000
2017-08-31,153.0,156.0,153.0,155.0,88000
2017-09-01,155.0,156.0,155.0,155.0,30000
2017-09-04,155.0,155.0,151.0,151.0,77000
2017-09-05,151.0,152.0,147.0,147.0,128000
2017-09-06,144.0,149.0,144.0,149.0,63000
2017-09-07,151.0,151.0,147.0,147.0,39000
2017-09-08,148.0,149.0,147.0,147.0,23000
2017-09-11,148.0,148.0,147.0,148.0,69000
2017-09-12,147.0,150.0,147.0,150.0,72000
2017-09-13,150.0,150.0,149.0,150.0,15000
2017-09-14,148.0,151.0,148.0,150.0,39000
2017-09-15,149.0,151.0,149.0,151.0,26000
2017-09-18,151.0,151.0,151.0,151.0,0
2017-09-19,152.0,153.0,151.0,151.0,20000
2017-09-20,152.0,152.0,150.0,151.0,28000
2017-09-21,151.0,151.0,150.0,151.0,31000
2017-09-22,150.0,150.0,149.0,150.0,29000
2017-09-25,152.0,153.0,151.0,152.0,35000
2017-09-26,153.0,159.0,152.0,155.0,101000
2017-09-27,156.0,160.0,156.0,159.0,103000
2017-09-28,160.0,161.0,158.0,160.0,102000
2017-09-29,160.0,160.0,159.0,159.0,46000
2017-10-02,157.0,159.0,157.0,159.0,34000
2017-10-03,159.0,159.0,158.0,159.0,33000
2017-10-04,160.0,171.0,159.0,160.0,471000
2017-10-05,163.0,165.0,162.0,164.0,91000
2017-10-06,162.0,164.0,159.0,161.0,106000
2017-10-09,161.0,161.0,161.0,161.0,0
2017-10-10,161.0,162.0,160.0,160.0,53000
2017-10-11,161.0,165.0,161.0,165.0,96000
2017-10-12,165.0,165.0,163.0,165.0,66000
2017-10-13,165.0,166.0,164.0,164.0,37000
2017-10-16,164.0,166.0,163.0,166.0,51000
2017-10-17,166.0,188.0,166.0,173.0,2163000
2017-10-18,176.0,176.0,168.0,168.0,439000
2017-10-19,169.0,169.0,166.0,169.0,191000
2017-10-20,169.0,175.0,168.0,175.0,187000
2017-10-23,176.0,186.0,174.0,176.0,667000
2017-10-24,175.0,181.0,175.0,179.0,176000
2017-10-25,183.0,207.0,179.0,196.0,3395000
2017-10-26,194.0,194.0,184.0,187.0,706000
2017-10-27,188.0,192.0,188.0,191.0,196000
2017-10-30,191.0,201.0,190.0,201.0,667000
2017-10-31,201.0,206.0,196.0,198.0,370000
2017-11-01,199.0,200.0,196.0,200.0,198000
2017-11-02,200.0,200.0,192.0,192.0,270000
2017-11-03,192.0,192.0,192.0,192.0,0
2017-11-06,190.0,190.0,175.0,176.0,283000
2017-11-07,177.0,181.0,172.0,181.0,254000
2017-11-08,179.0,180.0,178.0,179.0,70000
2017-11-09,179.0,180.0,173.0,175.0,105000
2017-11-10,175.0,176.0,173.0,175.0,86000
2017-11-13,178.0,178.0,172.0,173.0,51000
2017-11-14,171.0,172.0,169.0,170.0,76000
2017-11-15,169.0,170.0,166.0,167.0,88000
2017-11-16,168.0,179.0,168.0,171.0,138000
2017-11-17,171.0,173.0,171.0,172.0,58000
2017-11-20,172.0,173.0,170.0,172.0,79000
2017-11-21,173.0,176.0,173.0,175.0,72000
2017-11-22,174.0,181.0,173.0,181.0,217000
2017-11-23,181.0,181.0,181.0,181.0,0
2017-11-24,181.0,186.0,180.0,186.0,236000
2017-11-27,189.0,189.0,182.0,184.0,167000
2017-11-28,185.0,185.0,182.0,182.0,100000
2017-11-29,182.0,185.0,182.0,184.0,34000
2017-11-30,184.0,184.0,179.0,182.0,76000
2017-12-01,182.0,183.0,180.0,181.0,39000
2017-12-04,179.0,179.0,176.0,176.0,58000
2017-12-05,175.0,176.0,173.0,174.0,55000
2017-12-06,171.0,175.0,170.0,171.0,76000
2017-12-07,172.0,173.0,171.0,172.0,45000
2017-12-08,173.0,178.0,173.0,178.0,121000
2017-12-11,178.0,179.0,177.0,177.0,64000
2017-12-12,177.0,177.0,174.0,174.0,57000
2017-12-13,175.0,177.0,173.0,174.0,95000
2017-12-14,173.0,175.0,172.0,175.0,49000
2017-12-15,173.0,174.0,172.0,173.0,24000
2017-12-18,174.0,174.0,172.0,172.0,60000
2017-12-19,172.0,172.0,171.0,171.0,105000
2017-12-20,172.0,172.0,171.0,171.0,73000
2017-12-21,171.0,171.0,166.0,167.0,297000
2017-12-22,167.0,168.0,166.0,166.0,119000
2017-12-25,168.0,169.0,163.0,163.0,246000
2017-12-26,163.0,164.0,161.0,163.0,214000
2017-12-27,164.0,165.0,164.0,165.0,65000
2017-12-28,164.0,165.0,164.0,164.0,40000
2017-12-29,164.0,166.0,164.0,164.0,53000
2018-01-01,164.0,164.0,164.0,164.0,0
2018-01-02,164.0,164.0,164.0,164.0,0
2018-01-03,164.0,164.0,164.0,164.0,0
2018-01-04,166.0,169.0,165.0,169.0,44000
2018-01-05,170.0,170.0,167.0,168.0,91000
2018-01-08,168.0,168.0,168.0,168.0,0
2018-01-09,170.0,175.0,170.0,175.0,126000
2018-01-10,175.0,183.0,175.0,180.0,341000
2018-01-11,180.0,185.0,177.0,181.0,198000
2018-01-12,182.0,184.0,181.0,181.0,139000
2018-01-15,182.0,183.0,180.0,180.0,122000
2018-01-16,180.0,182.0,176.0,176.0,95000
2018-01-17,174.0,177.0,173.0,176.0,116000
2018-01-18,176.0,178.0,175.0,175.0,38000
2018-01-19,173.0,176.0,173.0,175.0,46000
2018-01-22,176.0,177.0,175.0,175.0,53000
2018-01-23,177.0,178.0,177.0,177.0,63000
2018-01-24,177.0,178.0,176.0,177.0,35000
2018-01-25,176.0,183.0,176.0,183.0,321000
2018-01-26,183.0,183.0,181.0,183.0,94000
2018-01-29,183.0,186.0,181.0,186.0,370000
2018-01-30,186.0,186.0,182.0,183.0,146000
2018-01-31,181.0,184.0,181.0,182.0,41000
2018-02-01,183.0,184.0,183.0,184.0,59000
2018-02-02,184.0,184.0,177.0,181.0,214000
2018-02-05,178.0,178.0,174.0,174.0,135000
2018-02-06,160.0,160.0,150.0,158.0,408000
2018-02-07,163.0,163.0,159.0,159.0,112000
2018-02-08,164.0,164.0,159.0,162.0,112000
2018-02-09,152.0,158.0,152.0,156.0,193000
2018-02-12,156.0,156.0,156.0,156.0,0
2018-02-13,159.0,159.0,156.0,156.0,41000
2018-02-14,156.0,156.0,145.0,149.0,197000
2018-02-15,151.0,153.0,150.0,151.0,66000
2018-02-16,152.0,157.0,152.0,155.0,80000
2018-02-19,156.0,160.0,155.0,160.0,42000
2018-02-20,159.0,159.0,156.0,156.0,46000
2018-02-21,157.0,158.0,155.0,156.0,47000
2018-02-22,154.0,155.0,153.0,154.0,77000
2018-02-23,155.0,157.0,155.0,157.0,47000
2018-02-26,159.0,164.0,158.0,164.0,200000
2018-02-27,164.0,166.0,161.0,162.0,157000
2018-02-28,165.0,166.0,162.0,166.0,127000
2018-03-01,165.0,165.0,161.0,163.0,85000
2018-03-02,159.0,160.0,157.0,158.0,65000
2018-03-05,158.0,158.0,151.0,152.0,88000
2018-03-06,154.0,159.0,154.0,158.0,50000
2018-03-07,155.0,158.0,155.0,155.0,33000
2018-03-08,157.0,157.0,155.0,156.0,71000
2018-03-09,157.0,160.0,157.0,157.0,81000
2018-03-12,159.0,159.0,157.0,158.0,42000
2018-03-13,159.0,159.0,157.0,158.0,59000
2018-03-14,156.0,159.0,156.0,158.0,51000
2018-03-15,157.0,158.0,155.0,156.0,88000
2018-03-16,156.0,161.0,156.0,159.0,125000
2018-03-19,158.0,158.0,155.0,156.0,46000
2018-03-20,154.0,155.0,153.0,154.0,26000
2018-03-21,154.0,154.0,154.0,154.0,0
2018-03-22,156.0,156.0,154.0,154.0,54000
2018-03-23,151.0,153.0,151.0,151.0,94000
2018-03-26,150.0,151.0,148.0,150.0,147000
2018-03-27,151.0,154.0,150.0,152.0,102000
2018-03-28,151.0,152.0,148.0,150.0,28000
2018-03-29,151.0,153.0,150.0,152.0,22000
2018-03-30,153.0,155.0,153.0,155.0,21000
2018-04-02,155.0,155.0,154.0,155.0,15000
2018-04-03,154.0,154.0,153.0,154.0,15000
2018-04-04,154.0,157.0,154.0,155.0,74000
2018-04-05,154.0,155.0,153.0,154.0,33000
2018-04-06,154.0,154.0,151.0,151.0,42000
2018-04-09,151.0,151.0,151.0,151.0,0
2018-04-10,153.0,153.0,152.0,153.0,13000
2018-04-11,152.0,154.0,152.0,152.0,12000
2018-04-12,153.0,154.0,152.0,154.0,6000
2018-04-13,152.0,154.0,152.0,153.0,10000
2018-04-16,154.0,156.0,154.0,156.0,51000
2018-04-17,153.0,155.0,152.0,152.0,31000
2018-04-18,152.0,155.0,152.0,155.0,19000
2018-04-19,154.0,155.0,153.0,154.0,18000
2018-04-20,154.0,157.0,154.0,155.0,68000
2018-04-23,155.0,157.0,155.0,156.0,51000
2018-04-24,157.0,158.0,157.0,157.0,84000
2018-04-25,157.0,159.0,157.0,157.0,39000
2018-04-26,157.0,159.0,157.0,159.0,67000
2018-04-27,159.0,160.0,158.0,160.0,32000
2018-04-30,160.0,160.0,160.0,160.0,0
2018-05-01,160.0,160.0,157.0,157.0,33000
2018-05-02,157.0,157.0,156.0,156.0,26000
2018-05-03,156.0,156.0,156.0,156.0,0
2018-05-04,156.0,156.0,156.0,156.0,0
2018-05-07,155.0,156.0,154.0,154.0,27000
2018-05-08,154.0,155.0,154.0,154.0,15000
2018-05-09,154.0,155.0,153.0,155.0,19000
2018-05-10,155.0,155.0,154.0,154.0,6000
2018-05-11,155.0,155.0,152.0,154.0,35000
2018-05-14,153.0,153.0,151.0,152.0,51000
2018-05-15,152.0,153.0,149.0,153.0,95000
2018-05-16,151.0,151.0,149.0,149.0,34000
2018-05-17,150.0,151.0,150.0,150.0,11000
2018-05-18,150.0,150.0,149.0,150.0,26000
2018-05-21,149.0,150.0,149.0,149.0,50000
2018-05-22,150.0,152.0,150.0,151.0,50000
2018-05-23,151.0,152.0,149.0,150.0,95000
2018-05-24,150.0,152.0,150.0,150.0,52000
2018-05-25,150.0,151.0,149.0,149.0,38000
2018-05-28,150.0,151.0,149.0,150.0,46000
2018-05-29,149.0,149.0,148.0,149.0,16000
2018-05-30,148.0,149.0,147.0,147.0,63000
2018-05-31,147.0,148.0,146.0,147.0,69000
2018-06-01,147.0,149.0,147.0,149.0,23000
2018-06-04,150.0,150.0,148.0,148.0,139000
2018-06-05,148.0,149.0,147.0,147.0,37000
2018-06-06,147.0,151.0,147.0,150.0,93000
2018-06-07,150.0,155.0,149.0,154.0,125000
2018-06-08,152.0,155.0,152.0,153.0,73000
2018-06-11,153.0,154.0,152.0,152.0,60000
2018-06-12,152.0,155.0,151.0,155.0,85000
2018-06-13,156.0,157.0,154.0,155.0,102000
2018-06-14,155.0,155.0,152.0,152.0,51000
2018-06-15,152.0,152.0,151.0,151.0,28000
2018-06-18,152.0,152.0,150.0,152.0,35000
2018-06-19,151.0,152.0,149.0,149.0,42000
2018-06-20,148.0,150.0,147.0,148.0,60000
2018-06-21,148.0,150.0,148.0,149.0,35000
2018-06-22,148.0,148.0,147.0,147.0,26000
2018-06-25,148.0,149.0,147.0,147.0,20000
2018-06-26,146.0,147.0,145.0,147.0,65000
2018-06-27,147.0,147.0,144.0,144.0,107000
2018-06-28,147.0,147.0,142.0,143.0,100000
2018-06-29,143.0,146.0,142.0,145.0,27000
2018-07-02,143.0,145.0,140.0,140.0,103000
2018-07-03,140.0,140.0,136.0,136.0,131000
2018-07-04,135.0,137.0,133.0,133.0,122000
2018-07-05,130.0,131.0,124.0,125.0,325000
2018-07-06,125.0,129.0,125.0,129.0,127000
2018-07-09,129.0,131.0,128.0,129.0,49000
2018-07-10,131.0,133.0,129.0,133.0,99000
2018-07-11,132.0,132.0,129.0,132.0,31000
2018-07-12,130.0,131.0,130.0,130.0,29000
2018-07-13,130.0,131.0,129.0,130.0,23000
2018-07-16,130.0,130.0,130.0,130.0,0
2018-07-17,130.0,130.0,129.0,130.0,29000
2018-07-18,132.0,132.0,129.0,130.0,34000
2018-07-19,130.0,131.0,130.0,131.0,25000
2018-07-20,129.0,130.0,129.0,130.0,23000
2018-07-23,129.0,130.0,128.0,128.0,25000
2018-07-24,128.0,131.0,127.0,130.0,104000
2018-07-25,130.0,133.0,130.0,133.0,80000
2018-07-26,133.0,133.0,129.0,131.0,76000
2018-07-27,130.0,131.0,129.0,130.0,54000
2018-07-30,129.0,130.0,128.0,129.0,26000
2018-07-31,128.0,130.0,128.0,130.0,33000
2018-08-01,130.0,130.0,129.0,130.0,26000
2018-08-02,130.0,132.0,130.0,131.0,35000
2018-08-03,131.0,131.0,129.0,131.0,44000
2018-08-06,130.0,131.0,128.0,128.0,42000
2018-08-07,126.0,128.0,126.0,127.0,30000
2018-08-08,127.0,129.0,125.0,127.0,44000
2018-08-09,126.0,127.0,126.0,126.0,31000
2018-08-10,126.0,127.0,123.0,123.0,43000
2018-08-13,124.0,124.0,119.0,119.0,75000
2018-08-14,118.0,122.0,118.0,122.0,14000
2018-08-15,121.0,122.0,120.0,120.0,14000
2018-08-16,119.0,121.0,115.0,121.0,70000
2018-08-17,120.0,121.0,119.0,121.0,8000
2018-08-20,119.0,122.0,119.0,120.0,21000
2018-08-21,118.0,119.0,117.0,117.0,15000
2018-08-22,118.0,119.0,116.0,119.0,59000
2018-08-23,119.0,120.0,117.0,120.0,40000
2018-08-24,118.0,121.0,118.0,121.0,52000
2018-08-27,121.0,121.0,119.0,121.0,104000
2018-08-28,121.0,122.0,121.0,121.0,72000
2018-08-29,120.0,124.0,120.0,124.0,123000
2018-08-30,124.0,125.0,124.0,124.0,20000
2018-08-31,124.0,125.0,123.0,124.0,47000
2018-09-03,123.0,124.0,123.0,123.0,7000
2018-09-04,123.0,123.0,123.0,123.0,0
2018-09-05,123.0,123.0,123.0,123.0,0
2018-09-06,122.0,122.0,119.0,120.0,37000
2018-09-07,119.0,119.0,117.0,118.0,18000
2018-09-10,118.0,120.0,118.0,120.0,19000
2018-09-11,120.0,121.0,117.0,117.0,29000
2018-09-12,118.0,118.0,117.0,118.0,16000
2018-09-13,118.0,120.0,117.0,120.0,45000
2018-09-14,120.0,121.0,119.0,121.0,32000
2018-09-17,121.0,121.0,121.0,121.0,0
2018-09-18,122.0,138.0,121.0,131.0,1089000
2018-09-19,138.0,157.0,135.0,149.0,2749000
2018-09-20,141.0,146.0,139.0,141.0,636000
2018-09-21,144.0,145.0,136.0,138.0,327000
2018-09-24,138.0,138.0,138.0,138.0,0
2018-09-25,138.0,139.0,130.0,134.0,322000
2018-09-26,133.0,136.0,133.0,135.0,97000
2018-09-27,134.0,135.0,133.0,133.0,32000
2018-09-28,138.0,166.0,138.0,148.0,3077000
2018-10-01,144.0,149.0,140.0,141.0,438900
2018-10-02,144.0,145.0,138.0,143.0,264300
2018-10-03,154.0,168.0,147.0,157.0,3345500
2018-10-04,152.0,156.0,150.0,151.0,478000
2018-10-05,146.0,152.0,143.0,152.0,353500
2018-10-08,152.0,152.0,152.0,152.0,0
2018-10-09,151.0,157.0,149.0,155.0,169500
2018-10-10,157.0,158.0,151.0,154.0,310500
2018-10-11,142.0,150.0,142.0,142.0,260500
2018-10-12,141.0,144.0,139.0,143.0,79100
2018-10-15,142.0,145.0,140.0,143.0,117700
2018-10-16,143.0,155.0,141.0,153.0,350300
2018-10-17,155.0,155.0,151.0,151.0,151400
2018-10-18,152.0,156.0,151.0,151.0,127800
2018-10-19,149.0,152.0,148.0,150.0,55400
2018-10-22,150.0,151.0,148.0,150.0,42500
2018-10-23,151.0,154.0,147.0,147.0,105600
2018-10-24,148.0,148.0,139.0,143.0,229600
2018-10-25,136.0,137.0,132.0,132.0,185000
2018-10-26,133.0,141.0,120.0,125.0,388300
2018-10-29,125.0,126.0,118.0,118.0,316600
2018-10-30,115.0,125.0,115.0,125.0,131000
2018-10-31,123.0,129.0,123.0,127.0,114100
2018-11-01,132.0,149.0,131.0,131.0,1081000
2018-11-02,132.0,136.0,131.0,136.0,126000
2018-11-05,136.0,138.0,134.0,138.0,97000
2018-11-06,134.0,137.0,132.0,136.0,175400
2018-11-07,136.0,138.0,133.0,134.0,91000
2018-11-08,135.0,135.0,132.0,132.0,87300
2018-11-09,132.0,133.0,131.0,132.0,64800
2018-11-12,131.0,131.0,125.0,125.0,107700
2018-11-13,122.0,124.0,121.0,123.0,44100
2018-11-14,123.0,124.0,121.0,121.0,47200
2018-11-15,121.0,121.0,119.0,120.0,62500
2018-11-16,120.0,121.0,116.0,116.0,65900
2018-11-19,116.0,118.0,112.0,118.0,156300
2018-11-20,116.0,118.0,116.0,117.0,30200
2018-11-21,114.0,117.0,114.0,117.0,104600
2018-11-22,118.0,119.0,116.0,119.0,31900
2018-11-23,119.0,119.0,119.0,119.0,0
2018-11-26,121.0,139.0,121.0,125.0,828100
2018-11-27,126.0,127.0,123.0,126.0,96900
2018-11-28,126.0,126.0,124.0,125.0,42300
2018-11-29,126.0,128.0,125.0,128.0,48400
2018-11-30,128.0,128.0,125.0,125.0,51500
2018-12-03,127.0,128.0,126.0,126.0,66500
2018-12-04,126.0,127.0,125.0,126.0,51500
2018-12-05,124.0,125.0,121.0,122.0,35100
2018-12-06,121.0,122.0,118.0,118.0,74600
2018-12-07,119.0,119.0,118.0,119.0,13200
2018-12-10,117.0,118.0,113.0,114.0,131500
2018-12-11,114.0,114.0,108.0,108.0,138100
2018-12-12,111.0,114.0,108.0,111.0,253400
2018-12-13,112.0,115.0,112.0,114.0,43800
2018-12-14,113.0,114.0,109.0,111.0,72400
2018-12-17,107.0,108.0,100.0,100.0,559300
2018-12-18,99.0,99.0,95.0,97.0,248300
2018-12-19,96.0,98.0,95.0,96.0,159700
2018-12-20,93.0,94.0,85.0,85.0,393200
2018-12-21,93.0,93.0,83.0,86.0,247600
2018-12-24,86.0,86.0,86.0,86.0,0
2018-12-25,77.0,80.0,73.0,76.0,258900
2018-12-26,81.0,83.0,80.0,81.0,158200
2018-12-27,85.0,90.0,85.0,88.0,76900
2018-12-28,86.0,90.0,86.0,89.0,52700
2018-12-31,89.0,89.0,89.0,89.0,0
2019-01-04,86.0,88.0,82.0,87.0,133500
2019-01-07,90.0,93.0,89.0,92.0,86900
2019-01-08,91.0,96.0,91.0,94.0,62000
2019-01-09,92.0,94.0,92.0,93.0,65700
2019-01-10,93.0,93.0,91.0,93.0,51800
2019-01-11,93.0,94.0,93.0,93.0,25600
2019-01-15,93.0,94.0,92.0,93.0,32500
2019-01-16,93.0,95.0,93.0,93.0,36400
2019-01-17,94.0,105.0,94.0,100.0,428000
2019-01-18,99.0,103.0,99.0,100.0,175000
2019-01-21,101.0,104.0,100.0,103.0,117600
2019-01-22,105.0,148.0,105.0,139.0,9422100
2019-01-23,134.0,136.0,126.0,132.0,2085700
2019-01-24,130.0,160.0,129.0,137.0,6089600
2019-01-25,134.0,137.0,125.0,125.0,1099300
2019-01-28,123.0,126.0,118.0,118.0,649600
2019-01-29,120.0,144.0,120.0,126.0,3723900
2019-01-30,125.0,126.0,114.0,117.0,849900
2019-01-31,122.0,122.0,111.0,113.0,677000
2019-02-01,115.0,119.0,111.0,115.0,509900
2019-02-04,115.0,119.0,114.0,115.0,286800
2019-02-05,120.0,127.0,116.0,117.0,779400
2019-02-06,119.0,120.0,117.0,118.0,231400
2019-02-07,117.0,119.0,113.0,114.0,305000
2019-02-08,115.0,115.0,110.0,111.0,180500
2019-02-12,107.0,108.0,104.0,105.0,295700
2019-02-13,107.0,112.0,106.0,110.0,238700
2019-02-14,111.0,111.0,108.0,110.0,118800
2019-02-15,109.0,109.0,104.0,105.0,148700
2019-02-18,106.0,119.0,105.0,115.0,583300
2019-02-19,113.0,116.0,111.0,113.0,254600
2019-02-20,115.0,123.0,113.0,113.0,815200
2019-02-21,113.0,116.0,112.0,115.0,133500
2019-02-22,120.0,125.0,117.0,120.0,980300
2019-02-25,125.0,128.0,121.0,122.0,627100
2019-02-26,123.0,128.0,120.0,121.0,414300
2019-02-27,122.0,125.0,121.0,122.0,202600
2019-02-28,122.0,123.0,120.0,121.0,132900
2019-03-01,122.0,125.0,119.0,123.0,258600
2019-03-04,122.0,126.0,121.0,125.0,224500
2019-03-05,125.0,125.0,121.0,122.0,222200
2019-03-06,124.0,127.0,122.0,122.0,239900
2019-03-07,123.0,124.0,118.0,120.0,184500
2019-03-08,116.0,118.0,113.0,114.0,185300
2019-03-11,115.0,116.0,111.0,113.0,78400
2019-03-12,113.0,115.0,113.0,115.0,63600
2019-03-13,116.0,117.0,115.0,116.0,32100
2019-03-14,116.0,117.0,115.0,115.0,51000
2019-03-15,114.0,115.0,113.0,113.0,50300
2019-03-18,114.0,114.0,113.0,114.0,36500
2019-03-19,113.0,114.0,112.0,113.0,54000
2019-03-20,113.0,116.0,113.0,115.0,44700
2019-03-22,114.0,115.0,114.0,114.0,32000
2019-03-25,113.0,114.0,112.0,113.0,38700
2019-03-26,112.0,114.0,112.0,114.0,24300
2019-03-27,113.0,117.0,112.0,116.0,48000
2019-03-28,115.0,115.0,111.0,111.0,84400
2019-03-29,112.0,113.0,111.0,112.0,29900
2019-04-01,113.0,113.0,110.0,111.0,108400
2019-04-02,112.0,113.0,109.0,109.0,70900
2019-04-03,109.0,112.0,108.0,110.0,56400
2019-04-04,110.0,111.0,110.0,111.0,15100
2019-04-05,112.0,115.0,111.0,113.0,105300
2019-04-08,113.0,114.0,112.0,114.0,32300
2019-04-09,115.0,115.0,112.0,113.0,20900
2019-04-10,111.0,112.0,109.0,111.0,58100
2019-04-11,110.0,111.0,107.0,109.0,103900
2019-04-12,108.0,109.0,106.0,106.0,47700
2019-04-15,109.0,110.0,108.0,108.0,64800
2019-04-16,108.0,109.0,107.0,109.0,43400
2019-04-17,108.0,110.0,108.0,109.0,20100
2019-04-18,109.0,109.0,106.0,106.0,33500
2019-04-19,106.0,109.0,106.0,108.0,26000
2019-04-22,108.0,108.0,107.0,107.0,32200
2019-04-23,112.0,125.0,111.0,113.0,2206100
2019-04-24,114.0,116.0,106.0,109.0,315600
2019-04-25,108.0,109.0,107.0,108.0,143700
2019-04-26,108.0,109.0,106.0,107.0,101100
2019-05-07,106.0,107.0,105.0,106.0,83800
2019-05-08,106.0,106.0,103.0,103.0,121900
2019-05-09,102.0,102.0,101.0,102.0,79900
2019-05-10,102.0,103.0,100.0,101.0,65800
2019-05-13,99.0,100.0,97.0,99.0,93300
2019-05-14,95.0,99.0,95.0,96.0,200900
2019-05-15,98.0,98.0,95.0,97.0,55500
2019-05-16,98.0,98.0,96.0,96.0,39700
2019-05-17,96.0,102.0,96.0,100.0,136000
2019-05-20,98.0,102.0,98.0,100.0,100000
2019-05-21,100.0,101.0,98.0,100.0,61800
2019-05-22,100.0,101.0,99.0,101.0,44100
2019-05-23,101.0,105.0,99.0,101.0,151900
2019-05-24,100.0,103.0,99.0,102.0,80800
2019-05-27,104.0,107.0,103.0,107.0,119500
2019-05-28,107.0,108.0,105.0,107.0,85600
2019-05-29,106.0,106.0,103.0,104.0,121800
2019-05-30,103.0,104.0,101.0,103.0,70000
2019-05-31,102.0,104.0,99.0,99.0,68600
2019-06-03,99.0,101.0,96.0,98.0,97800
2019-06-04,99.0,114.0,97.0,105.0,1042900
2019-06-05,110.0,112.0,105.0,109.0,295900
2019-06-06,116.0,154.0,114.0,139.0,13469200
2019-06-07,141.0,144.0,131.0,135.0,3293900
2019-06-10,136.0,140.0,131.0,135.0,1046800
2019-06-11,139.0,154.0,134.0,135.0,3872500
2019-06-12,137.0,137.0,126.0,129.0,936100
2019-06-13,127.0,127.0,121.0,121.0,590700
2019-06-14,126.0,129.0,122.0,127.0,723800
2019-06-17,124.0,124.0,121.0,121.0,314400
2019-06-18,123.0,123.0,121.0,121.0,139800
2019-06-19,123.0,125.0,122.0,123.0,191300
2019-06-20,124.0,132.0,124.0,128.0,576300
2019-06-21,127.0,128.0,123.0,124.0,194800
2019-06-24,122.0,125.0,122.0,124.0,71400
2019-06-25,123.0,124.0,121.0,124.0,104700
2019-06-26,122.0,124.0,122.0,123.0,84000
2019-06-27,122.0,125.0,122.0,123.0,108400
2019-06-28,123.0,128.0,121.0,125.0,157100
2019-07-01,128.0,130.0,126.0,126.0,148600
2019-07-02,126.0,129.0,126.0,126.0,74800
2019-07-03,126.0,127.0,126.0,126.0,17000
2019-07-04,127.0,133.0,126.0,130.0,280200
2019-07-05,133.0,134.0,130.0,131.0,223300
2019-07-08,134.0,134.0,130.0,130.0,183900
2019-07-09,130.0,139.0,130.0,135.0,427000
2019-07-10,137.0,137.0,133.0,134.0,97400
2019-07-11,135.0,137.0,129.0,136.0,388200
2019-07-12,138.0,150.0,129.0,131.0,1860500
2019-07-16,131.0,132.0,129.0,130.0,113700
2019-07-17,132.0,132.0,126.0,126.0,152100
2019-07-18,126.0,128.0,125.0,125.0,76400
2019-07-19,126.0,129.0,126.0,129.0,83300
2019-07-22,128.0,131.0,128.0,131.0,53400
2019-07-23,131.0,131.0,129.0,131.0,46600
2019-07-24,131.0,132.0,130.0,130.0,50600
2019-07-25,131.0,131.0,129.0,131.0,33400
2019-07-26,131.0,134.0,129.0,130.0,111000
2019-07-29,131.0,133.0,131.0,131.0,56800
2019-07-30,131.0,133.0,131.0,132.0,68200
2019-07-31,133.0,133.0,131.0,131.0,39200
2019-08-01,131.0,132.0,130.0,131.0,28200
2019-08-02,130.0,131.0,127.0,129.0,139300
2019-08-05,130.0,132.0,123.0,125.0,208100
2019-08-06,122.0,128.0,120.0,126.0,124600
2019-08-07,126.0,141.0,125.0,139.0,667400
2019-08-08,140.0,145.0,137.0,142.0,663700
2019-08-09,133.0,134.0,126.0,128.0,567600
2019-08-13,123.0,124.0,119.0,120.0,315400
2019-08-14,121.0,122.0,119.0,120.0,70200
2019-08-15,118.0,119.0,116.0,117.0,68600
2019-08-16,116.0,119.0,116.0,117.0,65400
2019-08-19,118.0,119.0,117.0,117.0,47800
2019-08-20,119.0,120.0,118.0,118.0,60000
2019-08-21,126.0,137.0,125.0,131.0,2040600
2019-08-22,130.0,131.0,126.0,128.0,360600
2019-08-23,127.0,130.0,126.0,127.0,86000
2019-08-26,122.0,125.0,120.0,120.0,225200
2019-08-27,122.0,123.0,120.0,121.0,117000
2019-08-28,121.0,126.0,119.0,120.0,283400
2019-08-29,121.0,122.0,119.0,121.0,118600
2019-08-30,122.0,124.0,121.0,123.0,82100
2019-09-02,125.0,125.0,122.0,124.0,63500
2019-09-03,123.0,128.0,123.0,128.0,131100
2019-09-04,127.0,128.0,123.0,125.0,86100
2019-09-05,128.0,131.0,127.0,127.0,251700
2019-09-06,129.0,131.0,128.0,130.0,105400
2019-09-09,130.0,131.0,128.0,129.0,100300
2019-09-10,130.0,130.0,127.0,128.0,58700
2019-09-11,128.0,130.0,127.0,129.0,47600
2019-09-12,129.0,130.0,128.0,129.0,68400
2019-09-13,130.0,133.0,130.0,130.0,121000
2019-09-17,130.0,131.0,128.0,129.0,79600
2019-09-18,131.0,131.0,129.0,129.0,33300
2019-09-19,130.0,131.0,129.0,131.0,41000
2019-09-20,130.0,131.0,130.0,130.0,29100
2019-09-24,130.0,131.0,129.0,130.0,47500
2019-09-25,130.0,130.0,129.0,129.0,15100
2019-09-26,130.0,130.0,129.0,129.0,19600
2019-09-27,130.0,130.0,127.0,128.0,33800
2019-09-30,129.0,129.0,125.0,125.0,36800
2019-10-01,124.0,130.0,124.0,128.0,86400
2019-10-02,127.0,131.0,126.0,129.0,106400
2019-10-03,127.0,129.0,127.0,128.0,45500
2019-10-04,130.0,130.0,127.0,127.0,34900
2019-10-07,127.0,127.0,126.0,126.0,13900
2019-10-08,126.0,127.0,125.0,125.0,52700
2019-10-09,125.0,125.0,122.0,124.0,55200
2019-10-10,124.0,125.0,122.0,124.0,43600
2019-10-11,125.0,125.0,124.0,124.0,27300
2019-10-15,126.0,126.0,125.0,125.0,10800
2019-10-16,127.0,127.0,123.0,123.0,57100
2019-10-17,124.0,125.0,123.0,124.0,21800
2019-10-18,125.0,125.0,122.0,122.0,45800
2019-10-21,122.0,146.0,121.0,126.0,2224500
2019-10-23,129.0,129.0,125.0,127.0,232300
2019-10-24,126.0,127.0,125.0,126.0,126200
2019-10-25,126.0,127.0,125.0,127.0,79900
2019-10-28,128.0,129.0,127.0,127.0,38900
2019-10-29,128.0,130.0,126.0,130.0,135100
2019-10-30,129.0,130.0,127.0,127.0,66300
2019-10-31,127.0,130.0,127.0,128.0,76100
2019-11-01,127.0,130.0,127.0,128.0,50600
2019-11-05,130.0,131.0,128.0,128.0,55200
2019-11-06,128.0,129.0,127.0,129.0,76200
2019-11-07,127.0,128.0,127.0,127.0,20600
2019-11-08,128.0,130.0,127.0,128.0,117400
2019-11-11,128.0,130.0,128.0,130.0,84600
2019-11-12,125.0,126.0,124.0,125.0,265800
2019-11-13,126.0,126.0,125.0,126.0,53400
2019-11-14,125.0,126.0,125.0,125.0,21400
2019-11-15,127.0,127.0,125.0,125.0,27500
2019-11-18,125.0,126.0,122.0,123.0,232200
2019-11-19,122.0,122.0,120.0,122.0,141400
2019-11-20,121.0,122.0,120.0,121.0,74900
2019-11-21,121.0,122.0,119.0,121.0,136300
2019-11-22,121.0,123.0,121.0,121.0,58400
2019-11-25,123.0,123.0,122.0,122.0,11000
2019-11-26,123.0,123.0,121.0,121.0,80300
2019-11-27,122.0,123.0,121.0,123.0,78700
2019-11-28,123.0,123.0,122.0,122.0,53100
2019-11-29,122.0,123.0,122.0,122.0,63800
2019-12-02,122.0,123.0,122.0,123.0,83800
2019-12-03,123.0,123.0,122.0,122.0,38400
2019-12-04,122.0,122.0,121.0,122.0,22500
2019-12-05,124.0,124.0,121.0,121.0,61300
2019-12-06,121.0,122.0,121.0,121.0,51100
2019-12-09,122.0,122.0,120.0,121.0,71200
2019-12-10,121.0,121.0,120.0,120.0,126400
2019-12-11,120.0,121.0,119.0,119.0,57300
2019-12-12,119.0,121.0,119.0,120.0,69200
2019-12-13,120.0,121.0,119.0,119.0,37100
2019-12-16,120.0,120.0,119.0,119.0,53300
2019-12-17,120.0,120.0,119.0,119.0,42000
2019-12-18,119.0,127.0,119.0,124.0,430100
2019-12-19,123.0,124.0,121.0,123.0,167900
2019-12-20,121.0,122.0,121.0,121.0,50400
2019-12-23,121.0,121.0,120.0,120.0,45100
2019-12-24,120.0,120.0,118.0,119.0,112900
2019-12-25,119.0,119.0,117.0,119.0,72900
2019-12-26,120.0,120.0,118.0,118.0,71100
2019-12-27,119.0,119.0,118.0,119.0,35400
2019-12-30,119.0,119.0,118.0,118.0,17500
2020-01-06,118.0,119.0,117.0,119.0,28500
2020-01-07,122.0,122.0,119.0,122.0,162500
2020-01-08,121.0,121.0,119.0,121.0,81400
2020-01-09,121.0,122.0,121.0,121.0,56900
2020-01-10,120.0,122.0,120.0,122.0,63400
2020-01-14,122.0,123.0,120.0,122.0,60900
2020-01-15,121.0,121.0,120.0,121.0,36900
2020-01-16,122.0,123.0,121.0,121.0,62700
2020-01-17,122.0,123.0,121.0,122.0,20900
2020-01-20,121.0,122.0,120.0,121.0,50900
2020-01-21,121.0,122.0,120.0,120.0,34500
2020-01-22,121.0,122.0,120.0,122.0,29700
2020-01-23,122.0,123.0,121.0,121.0,45600
2020-01-24,121.0,123.0,121.0,123.0,33700
2020-01-27,120.0,122.0,120.0,121.0,52400
2020-01-28,120.0,122.0,120.0,120.0,39100
2020-01-29,121.0,121.0,119.0,120.0,37800
2020-01-30,120.0,120.0,118.0,118.0,86500
2020-01-31,118.0,119.0,117.0,119.0,25000
2020-02-03,115.0,117.0,112.0,116.0,68900
2020-02-04,118.0,120.0,117.0,119.0,73800
2020-02-05,119.0,119.0,117.0,118.0,25600
2020-02-06,119.0,119.0,115.0,118.0,140600
2020-02-07,116.0,118.0,116.0,117.0,49100
2020-02-10,116.0,117.0,115.0,116.0,44000
2020-02-12,118.0,118.0,117.0,117.0,26100
2020-02-13,117.0,117.0,116.0,116.0,26900
2020-02-14,115.0,117.0,115.0,116.0,42500
2020-02-17,114.0,114.0,111.0,112.0,51500
2020-02-18,112.0,112.0,104.0,106.0,171300
2020-02-19,109.0,109.0,106.0,108.0,63800
2020-02-20,109.0,109.0,101.0,107.0,98600
2020-02-21,106.0,106.0,100.0,102.0,165700
2020-02-25,97.0,100.0,94.0,97.0,202400
2020-02-26,98.0,101.0,95.0,98.0,123000
2020-02-27,99.0,100.0,90.0,91.0,247300
2020-02-28,87.0,88.0,83.0,84.0,224300
2020-03-02,89.0,92.0,85.0,92.0,205000
2020-03-03,95.0,97.0,86.0,89.0,178700
2020-03-04,89.0,92.0,87.0,91.0,49300
2020-03-05,93.0,93.0,90.0,92.0,65100
2020-03-06,89.0,90.0,87.0,87.0,44500
2020-03-09,86.0,86.0,79.0,79.0,163600
2020-03-10,74.0,83.0,69.0,80.0,193100
2020-03-11,85.0,85.0,77.0,78.0,45900
2020-03-12,76.0,78.0,71.0,72.0,176300
2020-03-13,65.0,66.0,58.0,63.0,296200
2020-03-16,65.0,67.0,63.0,64.0,77000
2020-03-17,62.0,68.0,57.0,67.0,90800
2020-03-18,68.0,70.0,66.0,66.0,136600
2020-03-19,67.0,68.0,65.0,67.0,30400
2020-03-23,66.0,67.0,61.0,67.0,39900
2020-03-24,68.0,69.0,67.0,68.0,85000
2020-03-25,71.0,74.0,70.0,74.0,163700
2020-03-26,73.0,73.0,71.0,72.0,56300
2020-03-27,72.0,74.0,71.0,73.0,54600
2020-03-30,71.0,72.0,69.0,70.0,42800
2020-03-31,71.0,73.0,70.0,73.0,42700
2020-04-01,72.0,72.0,70.0,71.0,35300
2020-04-02,70.0,71.0,68.0,69.0,18200
2020-04-03,71.0,72.0,64.0,64.0,70800
2020-04-06,65.0,66.0,59.0,65.0,84600
2020-04-07,67.0,70.0,66.0,68.0,54700
2020-04-08,68.0,71.0,66.0,70.0,66300
2020-04-09,72.0,72.0,70.0,70.0,65900
2020-04-10,71.0,72.0,69.0,71.0,52600
2020-04-13,71.0,71.0,69.0,71.0,66300
2020-04-14,71.0,75.0,71.0,74.0,141800
2020-04-15,74.0,80.0,74.0,80.0,149800
2020-04-16,79.0,82.0,77.0,82.0,104600
2020-04-17,84.0,84.0,79.0,82.0,205300
2020-04-20,82.0,84.0,82.0,83.0,55000
2020-04-21,82.0,83.0,78.0,81.0,76800
2020-04-22,79.0,79.0,74.0,75.0,148700
2020-04-23,76.0,78.0,76.0,77.0,37300
2020-04-24,76.0,77.0,74.0,76.0,37300
2020-04-27,76.0,79.0,76.0,78.0,130100
2020-04-28,79.0,81.0,79.0,80.0,59500
2020-04-30,83.0,83.0,80.0,83.0,96700
2020-05-01,83.0,83.0,80.0,80.0,63000
2020-05-07,78.0,81.0,77.0,78.0,147900
2020-05-08,79.0,81.0,79.0,81.0,31000
2020-05-11,80.0,85.0,80.0,85.0,172600
2020-05-12,86.0,86.0,83.0,86.0,153900
2020-05-13,85.0,88.0,84.0,86.0,77500
2020-05-14,88.0,88.0,80.0,81.0,128300
2020-05-15,82.0,83.0,80.0,82.0,130100
2020-05-18,82.0,83.0,79.0,80.0,136800
2020-05-19,82.0,82.0,79.0,79.0,120600
2020-05-20,79.0,81.0,79.0,80.0,47200
2020-05-21,81.0,82.0,80.0,81.0,39900
2020-05-22,82.0,85.0,82.0,84.0,73200
2020-05-25,85.0,88.0,84.0,88.0,187100
2020-05-26,89.0,92.0,88.0,89.0,284000
2020-05-27,88.0,91.0,87.0,91.0,169900
2020-05-28,91.0,92.0,87.0,89.0,289400
2020-05-29,89.0,89.0,86.0,89.0,80200
2020-06-01,89.0,89.0,87.0,88.0,47400
2020-06-02,89.0,93.0,88.0,92.0,281400
2020-06-03,111.0,122.0,105.0,105.0,6304600
2020-06-04,104.0,106.0,96.0,99.0,1629100
2020-06-05,97.0,100.0,95.0,100.0,656200
2020-06-08,105.0,109.0,96.0,97.0,1174300
2020-06-09,99.0,103.0,97.0,97.0,352800
2020-06-10,99.0,99.0,97.0,98.0,130400
2020-06-11,98.0,98.0,92.0,92.0,267100
2020-06-12,90.0,97.0,88.0,93.0,373900
2020-06-15,95.0,96.0,91.0,91.0,91900
2020-06-16,93.0,95.0,92.0,94.0,87500
2020-06-17,95.0,95.0,93.0,95.0,49100
2020-06-18,95.0,97.0,94.0,97.0,86500
2020-06-19,98.0,100.0,95.0,98.0,188000
2020-06-22,98.0,98.0,96.0,98.0,81900
2020-06-23,98.0,102.0,98.0,102.0,318000
2020-06-24,102.0,102.0,99.0,99.0,191600
2020-06-25,98.0,101.0,98.0,99.0,104400
2020-06-26,99.0,100.0,97.0,100.0,63400
2020-06-29,97.0,98.0,92.0,92.0,203500
2020-06-30,93.0,95.0,93.0,94.0,33600
2020-07-01,94.0,95.0,92.0,93.0,58800
2020-07-02,93.0,93.0,89.0,91.0,187100
2020-07-03,90.0,92.0,90.0,91.0,28800
2020-07-06,91.0,93.0,90.0,92.0,77400
2020-07-07,93.0,93.0,91.0,93.0,33600
2020-07-08,93.0,94.0,92.0,94.0,55000
2020-07-09,94.0,94.0,93.0,93.0,18800
2020-07-10,92.0,92.0,91.0,91.0,34300
2020-07-13,91.0,93.0,90.0,91.0,65800
2020-07-14,91.0,92.0,91.0,91.0,13200
2020-07-15,90.0,91.0,90.0,91.0,13300
2020-07-16,91.0,92.0,90.0,90.0,22800
2020-07-17,91.0,91.0,90.0,91.0,15100
2020-07-20,90.0,91.0,89.0,90.0,8700
2020-07-21,90.0,92.0,90.0,91.0,41700
2020-07-22,91.0,91.0,90.0,90.0,7300
2020-07-27,91.0,91.0,89.0,89.0,16500
2020-07-28,90.0,91.0,90.0,91.0,26000
2020-07-29,91.0,91.0,87.0,88.0,45400
2020-07-30,88.0,89.0,88.0,88.0,13100
2020-07-31,88.0,89.0,83.0,84.0,90200
2020-08-03,83.0,86.0,82.0,85.0,87400
2020-08-04,85.0,87.0,85.0,86.0,32500
2020-08-05,87.0,87.0,85.0,86.0,17700
2020-08-06,86.0,87.0,83.0,84.0,162700
2020-08-07,83.0,84.0,82.0,83.0,34600
2020-08-11,84.0,85.0,83.0,85.0,31700
2020-08-12,85.0,85.0,83.0,84.0,58700
2020-08-13,85.0,87.0,84.0,86.0,51200
2020-08-14,86.0,87.0,85.0,87.0,21300
2020-08-17,87.0,87.0,85.0,86.0,13500
2020-08-18,87.0,88.0,86.0,87.0,19500
2020-08-19,87.0,89.0,86.0,89.0,32400
2020-08-20,88.0,89.0,86.0,87.0,61000
2020-08-21,87.0,87.0,85.0,86.0,125700
2020-08-24,87.0,91.0,87.0,91.0,158700
2020-08-25,91.0,92.0,89.0,91.0,92200
2020-08-26,92.0,94.0,91.0,91.0,69200
2020-08-27,92.0,92.0,88.0,89.0,40300
2020-08-28,89.0,90.0,88.0,88.0,48300
2020-08-31,89.0,90.0,88.0,88.0,67700
2020-09-01,89.0,89.0,88.0,88.0,3300
2020-09-02,89.0,92.0,89.0,89.0,45400
2020-09-03,91.0,91.0,89.0,91.0,11700
2020-09-04,89.0,90.0,88.0,89.0,30400
2020-09-07,90.0,90.0,88.0,88.0,16100
2020-09-08,89.0,89.0,88.0,88.0,12200
2020-09-09,88.0,89.0,87.0,88.0,11100
2020-09-10,89.0,93.0,89.0,93.0,80100
2020-09-11,93.0,95.0,92.0,92.0,118700
2020-09-14,93.0,93.0,91.0,93.0,47000
2020-09-15,93.0,93.0,92.0,92.0,3300
2020-09-16,93.0,94.0,92.0,92.0,22000
2020-09-17,94.0,94.0,92.0,93.0,124700
2020-09-18,94.0,94.0,92.0,93.0,50300
2020-09-23,95.0,95.0,93.0,94.0,89900
2020-09-24,95.0,95.0,90.0,93.0,56600
2020-09-25,93.0,93.0,91.0,93.0,21700
2020-09-28,93.0,93.0,91.0,91.0,28200
2020-09-29,90.0,91.0,90.0,90.0,103900
2020-09-30,91.0,92.0,90.0,92.0,94900
2020-10-02,93.0,94.0,89.0,89.0,76100
2020-10-05,90.0,92.0,89.0,90.0,89800
2020-10-06,91.0,91.0,90.0,90.0,28100
2020-10-07,91.0,91.0,90.0,90.0,18300
2020-10-08,90.0,91.0,89.0,90.0,66500
2020-10-09,90.0,90.0,89.0,89.0,38000
2020-10-12,90.0,90.0,88.0,90.0,52200
2020-10-13,90.0,91.0,89.0,91.0,25500
2020-10-14,91.0,91.0,90.0,91.0,39400
2020-10-15,91.0,91.0,89.0,89.0,29500
2020-10-16,91.0,91.0,88.0,89.0,61000
2020-10-19,89.0,89.0,88.0,88.0,8300
2020-10-20,88.0,89.0,88.0,88.0,5200
2020-10-21,88.0,89.0,88.0,89.0,26700
2020-10-22,89.0,89.0,87.0,88.0,22200
2020-10-23,88.0,88.0,86.0,86.0,69300
2020-10-26,86.0,87.0,84.0,84.0,51400
2020-10-27,84.0,86.0,83.0,86.0,58100
2020-10-28,86.0,86.0,84.0,86.0,16900
2020-10-29,84.0,87.0,84.0,87.0,7800
2020-10-30,85.0,87.0,83.0,83.0,59900
2020-11-02,83.0,85.0,82.0,84.0,33900
2020-11-04,85.0,86.0,84.0,86.0,14400
2020-11-05,86.0,86.0,84.0,85.0,19600
2020-11-06,85.0,86.0,84.0,86.0,4100
2020-11-09,86.0,86.0,84.0,86.0,23200
2020-11-10,86.0,87.0,85.0,85.0,43100
2020-11-11,85.0,87.0,84.0,87.0,57700
2020-11-12,87.0,88.0,86.0,88.0,50200
2020-11-13,88.0,88.0,84.0,86.0,70000
2020-11-16,85.0,87.0,85.0,87.0,22700
2020-11-17,87.0,87.0,85.0,85.0,19800
2020-11-18,85.0,86.0,84.0,85.0,23600
2020-11-19,85.0,87.0,82.0,84.0,146500
2020-11-20,85.0,86.0,84.0,85.0,20200
2020-11-24,84.0,86.0,84.0,84.0,127800
2020-11-25,84.0,85.0,83.0,85.0,70600
2020-11-26,84.0,85.0,83.0,84.0,29700
2020-11-27,83.0,85.0,82.0,84.0,123900
2020-11-30,84.0,87.0,84.0,86.0,143600
2020-12-01,86.0,88.0,84.0,84.0,66800
2020-12-02,85.0,86.0,84.0,85.0,40300
2020-12-03,85.0,86.0,83.0,86.0,115300
2020-12-04,85.0,86.0,84.0,84.0,31800
2020-12-07,84.0,85.0,84.0,84.0,27200
2020-12-08,83.0,84.0,83.0,83.0,26400
2020-12-09,82.0,84.0,81.0,82.0,83200
2020-12-10,83.0,83.0,80.0,81.0,85300
2020-12-11,79.0,80.0,78.0,78.0,128600
2020-12-14,78.0,79.0,75.0,78.0,254700
2020-12-15,77.0,77.0,75.0,75.0,86400
2020-12-16,76.0,77.0,75.0,76.0,60400
2020-12-17,75.0,77.0,75.0,75.0,40700
2020-12-18,75.0,75.0,72.0,73.0,148000
2020-12-21,72.0,74.0,72.0,74.0,103900
2020-12-22,73.0,74.0,68.0,71.0,153500
2020-12-23,70.0,71.0,69.0,71.0,130400
2020-12-24,70.0,73.0,70.0,71.0,123200
2020-12-25,71.0,73.0,70.0,70.0,144300
2020-12-28,70.0,71.0,67.0,67.0,188800
2020-12-29,68.0,71.0,68.0,71.0,82400
2020-12-30,71.0,72.0,69.0,71.0,79100
2021-01-04,72.0,72.0,69.0,70.0,27200
2021-01-05,70.0,73.0,70.0,73.0,54200
2021-01-06,73.0,75.0,72.0,72.0,165300
2021-01-07,73.0,76.0,73.0,76.0,117800
2021-01-08,76.0,79.0,75.0,79.0,95100
2021-01-12,79.0,79.0,76.0,78.0,81800
2021-01-13,78.0,78.0,76.0,77.0,65300
2021-01-14,78.0,78.0,74.0,74.0,126800
2021-01-15,74.0,76.0,73.0,75.0,126400
2021-01-18,77.0,77.0,75.0,76.0,22100
2021-01-19,76.0,76.0,74.0,75.0,31100
2021-01-20,76.0,77.0,74.0,74.0,114300
2021-01-21,74.0,76.0,74.0,75.0,29500
2021-01-22,76.0,76.0,75.0,76.0,19600
2021-01-25,77.0,77.0,75.0,76.0,39200
2021-01-26,75.0,75.0,74.0,74.0,56600
2021-01-27,74.0,76.0,74.0,76.0,65300
2021-01-28,75.0,75.0,74.0,74.0,32200
2021-01-29,74.0,74.0,72.0,72.0,125600
2021-02-01,72.0,73.0,72.0,72.0,41300
2021-02-02,73.0,75.0,72.0,74.0,52800
2021-02-03,75.0,76.0,74.0,75.0,38100
2021-02-04,75.0,76.0,74.0,75.0,32500
2021-02-05,74.0,76.0,74.0,75.0,71400
2021-02-08,76.0,77.0,75.0,76.0,68800
2021-02-09,77.0,77.0,76.0,76.0,57300
2021-02-10,76.0,77.0,75.0,77.0,77800
2021-02-12,78.0,78.0,75.0,75.0,86700
2021-02-15,76.0,76.0,75.0,76.0,68900
2021-02-16,76.0,77.0,75.0,76.0,58900
2021-02-17,76.0,79.0,75.0,77.0,146700
2021-02-18,78.0,78.0,75.0,77.0,122100
2021-02-19,77.0,89.0,76.0,78.0,2685800
2021-02-22,78.0,81.0,77.0,80.0,288600
2021-02-24,80.0,82.0,79.0,79.0,249100
2021-02-25,81.0,82.0,78.0,80.0,250400
2021-02-26,80.0,80.0,78.0,78.0,76000
2021-03-01,79.0,81.0,79.0,79.0,95500
2021-03-02,80.0,80.0,78.0,79.0,51300
2021-03-03,79.0,80.0,78.0,78.0,105900
2021-03-04,78.0,78.0,77.0,77.0,57000
2021-03-05,77.0,77.0,74.0,76.0,192600
2021-03-08,77.0,79.0,77.0,79.0,73100
2021-03-09,79.0,79.0,77.0,79.0,40200
2021-03-10,79.0,79.0,78.0,78.0,36200
2021-03-11,79.0,80.0,79.0,80.0,26500
2021-03-12,80.0,80.0,79.0,79.0,45400
2021-03-15,79.0,80.0,79.0,79.0,31500
2021-03-16,80.0,80.0,79.0,80.0,4400
2021-03-17,79.0,80.0,79.0,79.0,75800
2021-03-18,80.0,81.0,79.0,81.0,63600
2021-03-19,81.0,82.0,80.0,81.0,99900
2021-03-22,81.0,82.0,80.0,82.0,32800
2021-03-23,82.0,84.0,81.0,82.0,160800
2021-03-24,81.0,82.0,79.0,80.0,56100
2021-03-25,80.0,82.0,80.0,82.0,50300
2021-03-26,82.0,83.0,81.0,82.0,40500
2021-03-29,81.0,83.0,80.0,80.0,110300
2021-03-30,81.0,82.0,80.0,81.0,27600
2021-03-31,81.0,82.0,81.0,81.0,3900
2021-04-01,81.0,82.0,80.0,81.0,26900
2021-04-02,81.0,82.0,79.0,79.0,84200
2021-04-05,80.0,80.0,79.0,80.0,37300
2021-04-06,80.0,81.0,79.0,80.0,25600
2021-04-07,80.0,80.0,79.0,79.0,10200
2021-04-08,80.0,80.0,79.0,79.0,13400
2021-04-09,79.0,80.0,79.0,79.0,6100
2021-04-12,80.0,80.0,79.0,80.0,11700
2021-04-13,80.0,80.0,79.0,80.0,5200
2021-04-14,80.0,80.0,78.0,78.0,23400
2021-04-15,78.0,79.0,78.0,79.0,9200
2021-04-16,79.0,79.0,77.0,78.0,28300
2021-04-19,77.0,78.0,77.0,78.0,31900
2021-04-20,77.0,78.0,76.0,76.0,19400
2021-04-21,76.0,77.0,75.0,76.0,32600
2021-04-22,76.0,77.0,75.0,77.0,15700
2021-04-23,76.0,77.0,75.0,77.0,43300
2021-04-26,77.0,77.0,76.0,77.0,4200
2021-04-27,77.0,78.0,76.0,78.0,6400
2021-04-28,77.0,78.0,77.0,77.0,4600
2021-04-30,77.0,78.0,76.0,77.0,15700
2021-05-06,78.0,78.0,76.0,77.0,8500
2021-05-07,76.0,78.0,76.0,77.0,7500
2021-05-10,77.0,78.0,77.0,77.0,6200
2021-05-11,78.0,78.0,76.0,76.0,11100
2021-05-12,76.0,77.0,76.0,76.0,9800
2021-05-13,75.0,75.0,74.0,74.0,66500
2021-05-14,74.0,75.0,74.0,75.0,6500
2021-05-17,75.0,75.0,72.0,74.0,120400
2021-05-18,73.0,74.0,72.0,74.0,13900
2021-05-19,72.0,78.0,72.0,77.0,160400
2021-05-20,75.0,77.0,75.0,77.0,5800
2021-05-21,77.0,77.0,73.0,76.0,205700
2021-05-24,75.0,77.0,75.0,77.0,52200
2021-05-25,77.0,77.0,75.0,76.0,84500
2021-05-26,77.0,78.0,75.0,76.0,58600
2021-05-27,74.0,77.0,74.0,77.0,91300
2021-05-28,75.0,78.0,75.0,77.0,20700
2021-05-31,78.0,79.0,77.0,77.0,94200
2021-06-01,77.0,79.0,77.0,78.0,17100
2021-06-02,78.0,79.0,77.0,78.0,9000
2021-06-03,78.0,79.0,77.0,79.0,29700
2021-06-04,78.0,79.0,78.0,78.0,31500
2021-06-07,78.0,78.0,77.0,78.0,9300
2021-06-08,78.0,78.0,77.0,78.0,14000
2021-06-09,79.0,79.0,78.0,78.0,24200
2021-06-10,78.0,79.0,77.0,78.0,38000
2021-06-11,78.0,78.0,77.0,78.0,5700
2021-06-14,78.0,79.0,77.0,78.0,16900
2021-06-15,78.0,79.0,78.0,78.0,33500
2021-06-16,78.0,79.0,78.0,78.0,6500
2021-06-17,79.0,79.0,77.0,78.0,12800
2021-06-18,78.0,78.0,76.0,76.0,47400
2021-06-21,76.0,77.0,76.0,77.0,48000
2021-06-22,78.0,79.0,76.0,79.0,33000
2021-06-23,78.0,78.0,77.0,77.0,6600
2021-06-24,77.0,78.0,76.0,76.0,3100
2021-06-25,77.0,78.0,77.0,78.0,6700
2021-06-28,78.0,78.0,77.0,77.0,8600
2021-06-29,78.0,78.0,77.0,77.0,33900
2021-06-30,78.0,78.0,76.0,78.0,11700
2021-07-01,77.0,78.0,76.0,77.0,11000
2021-07-02,77.0,77.0,75.0,75.0,65300
2021-07-05,76.0,77.0,75.0,77.0,26000
2021-07-06,77.0,77.0,76.0,77.0,9200
2021-07-07,76.0,77.0,76.0,77.0,2100
2021-07-08,76.0,77.0,75.0,77.0,13600
2021-07-09,76.0,77.0,76.0,76.0,2200
2021-07-12,77.0,77.0,75.0,75.0,10600
2021-07-13,76.0,77.0,75.0,77.0,23700
2021-07-14,77.0,77.0,75.0,75.0,23500
2021-07-15,75.0,77.0,75.0,76.0,75700
2021-07-16,76.0,76.0,74.0,75.0,66500
2021-07-19,74.0,75.0,73.0,74.0,51900
2021-07-20,74.0,74.0,73.0,74.0,15400
2021-07-21,74.0,74.0,72.0,73.0,38600
2021-07-26,73.0,74.0,72.0,73.0,28500
2021-07-27,73.0,74.0,72.0,74.0,29300
2021-07-28,74.0,74.0,73.0,73.0,10900
2021-07-29,72.0,74.0,72.0,73.0,26400
2021-07-30,74.0,75.0,73.0,74.0,15300
2021-08-02,74.0,75.0,73.0,74.0,25100
2021-08-03,74.0,75.0,73.0,74.0,2400
2021-08-04,75.0,75.0,72.0,73.0,26900
2021-08-05,73.0,75.0,73.0,75.0,16800
2021-08-06,73.0,75.0,72.0,72.0,46400
2021-08-10,74.0,74.0,73.0,74.0,38300
2021-08-11,74.0,74.0,73.0,74.0,44500
2021-08-12,74.0,75.0,73.0,75.0,50100
2021-08-13,75.0,75.0,73.0,73.0,48600
2021-08-16,74.0,74.0,72.0,72.0,76500
2021-08-17,72.0,73.0,72.0,72.0,19800
2021-08-18,72.0,74.0,72.0,74.0,10800
2021-08-19,72.0,73.0,72.0,73.0,19100
2021-08-20,72.0,73.0,69.0,70.0,124800
2021-08-23,72.0,74.0,72.0,72.0,89600
2021-08-24,73.0,74.0,72.0,73.0,20800
2021-08-25,73.0,73.0,71.0,73.0,28100
2021-08-26,73.0,73.0,72.0,73.0,38500
2021-08-27,73.0,73.0,72.0,73.0,3300
2021-08-30,74.0,74.0,73.0,73.0,3300
2021-08-31,72.0,73.0,72.0,72.0,24800
2021-09-01,73.0,74.0,72.0,73.0,8200
2021-09-02,72.0,73.0,72.0,73.0,11000
2021-09-03,72.0,73.0,72.0,72.0,12100
2021-09-06,73.0,73.0,71.0,73.0,21900
2021-09-07,72.0,73.0,71.0,72.0,16400
2021-09-08,72.0,73.0,72.0,73.0,13700
2021-09-09,73.0,73.0,72.0,72.0,13700
2021-09-10,72.0,73.0,72.0,73.0,11400
2021-09-13,72.0,73.0,72.0,73.0,17400
2021-09-14,73.0,73.0,72.0,72.0,18800
2021-09-15,73.0,73.0,71.0,73.0,36300
2021-09-16,72.0,73.0,71.0,72.0,10900
2021-09-17,71.0,72.0,70.0,72.0,40300
2021-09-21,70.0,72.0,70.0,71.0,45600
2021-09-22,70.0,71.0,68.0,69.0,96200
2021-09-24,69.0,71.0,68.0,71.0,87700
2021-09-27,70.0,71.0,69.0,70.0,55500
2021-09-28,70.0,71.0,70.0,70.0,27300
2021-09-29,69.0,70.0,69.0,70.0,22700
2021-09-30,69.0,70.0,69.0,69.0,42800
2021-10-01,69.0,70.0,68.0,68.0,51700
2021-10-04,69.0,69.0,67.0,68.0,24200
2021-10-05,68.0,69.0,68.0,69.0,24000
2021-10-06,68.0,69.0,68.0,69.0,26100
2021-10-07,68.0,69.0,67.0,69.0,27700
2021-10-08,68.0,69.0,68.0,69.0,53000
2021-10-11,68.0,69.0,68.0,68.0,47700
2021-10-12,68.0,68.0,67.0,68.0,26100
2021-10-13,68.0,69.0,67.0,69.0,30200
2021-10-14,68.0,69.0,68.0,68.0,7700
2021-10-15,69.0,69.0,68.0,68.0,30300
2021-10-18,69.0,70.0,68.0,69.0,19000
2021-10-19,68.0,70.0,68.0,70.0,8100
2021-10-20,69.0,70.0,68.0,68.0,11200
2021-10-21,68.0,69.0,65.0,68.0,150800
2021-10-22,66.0,68.0,65.0,68.0,127700
2021-10-25,67.0,68.0,66.0,68.0,16900
2021-10-26,68.0,68.0,66.0,67.0,14000
2021-10-27,66.0,67.0,66.0,67.0,15400
2021-10-28,66.0,67.0,66.0,66.0,22500
2021-10-29,68.0,68.0,66.0,67.0,20200
2021-11-01,67.0,68.0,66.0,66.0,27000
2021-11-02,67.0,67.0,66.0,67.0,12600
2021-11-04,67.0,67.0,65.0,67.0,67300
2021-11-05,66.0,66.0,66.0,66.0,17600
2021-11-08,67.0,67.0,66.0,66.0,19700
2021-11-09,66.0,67.0,66.0,66.0,13600
2021-11-10,66.0,66.0,65.0,65.0,71500
2021-11-11,65.0,66.0,64.0,66.0,74300
2021-11-12,66.0,68.0,65.0,68.0,43700
2021-11-15,67.0,68.0,65.0,65.0,89200
2021-11-16,66.0,66.0,65.0,65.0,40000
2021-11-17,65.0,65.0,64.0,64.0,30100
2021-11-18,64.0,65.0,64.0,64.0,10100
2021-11-19,65.0,66.0,64.0,64.0,39600
2021-11-22,64.0,65.0,63.0,64.0,78700
2021-11-24,64.0,64.0,62.0,63.0,85400
2021-11-25,64.0,64.0,62.0,62.0,25200
2021-11-26,62.0,63.0,61.0,61.0,74200
2021-11-29,61.0,62.0,60.0,61.0,58000
2021-11-30,60.0,61.0,59.0,60.0,47900
2021-12-01,59.0,60.0,58.0,59.0,74500
2021-12-02,58.0,59.0,57.0,58.0,54200
2021-12-03,58.0,58.0,57.0,58.0,63600
2021-12-06,58.0,71.0,58.0,64.0,1844800
2021-12-07,62.0,63.0,59.0,60.0,433400
2021-12-08,64.0,86.0,64.0,78.0,12483900
2021-12-09,74.0,77.0,71.0,76.0,2466600
2021-12-10,75.0,79.0,71.0,73.0,1413900
2021-12-13,72.0,72.0,66.0,67.0,1215800
2021-12-14,67.0,67.0,63.0,64.0,339300
2021-12-15,64.0,67.0,62.0,63.0,363300
2021-12-16,65.0,65.0,62.0,63.0,195700
2021-12-17,63.0,64.0,62.0,64.0,132200
2021-12-20,64.0,64.0,62.0,62.0,72600
2021-12-21,63.0,70.0,63.0,65.0,1032700
2021-12-22,65.0,67.0,63.0,65.0,315000
2021-12-23,68.0,73.0,65.0,68.0,748900
2021-12-24,71.0,71.0,65.0,66.0,323400
2021-12-27,66.0,66.0,62.0,64.0,349600
2021-12-28,63.0,64.0,61.0,63.0,287400
2021-12-29,63.0,65.0,61.0,65.0,174100
2021-12-30,65.0,66.0,64.0,65.0,58400
2022-01-04,66.0,66.0,64.0,65.0,191000
2022-01-05,64.0,65.0,63.0,63.0,113200
2022-01-06,63.0,64.0,62.0,64.0,81200
2022-01-07,63.0,64.0,62.0,64.0,57600
2022-01-11,64.0,64.0,63.0,64.0,25400
2022-01-12,63.0,63.0,62.0,62.0,174700
2022-01-13,61.0,62.0,61.0,61.0,41800
2022-01-14,61.0,62.0,60.0,61.0,77700
2022-01-17,61.0,62.0,61.0,62.0,23200
2022-01-18,61.0,62.0,60.0,62.0,49600
2022-01-19,60.0,61.0,59.0,60.0,155100
2022-01-20,59.0,63.0,59.0,63.0,169300
2022-01-21,62.0,63.0,61.0,63.0,28300
2022-01-24,63.0,63.0,61.0,62.0,24300
2022-01-25,61.0,61.0,59.0,60.0,166800
2022-01-26,59.0,62.0,59.0,61.0,40800
2022-01-27,60.0,61.0,55.0,56.0,442400
2022-01-28,56.0,58.0,55.0,58.0,237600
2022-01-31,57.0,62.0,57.0,62.0,79900
2022-02-01,62.0,62.0,60.0,61.0,57200
2022-02-02,61.0,63.0,61.0,62.0,39600
2022-02-03,61.0,62.0,61.0,62.0,22500
2022-02-04,61.0,62.0,60.0,62.0,20500
2022-02-07,61.0,62.0,60.0,62.0,40700
2022-02-08,61.0,62.0,59.0,60.0,119300
2022-02-09,59.0,60.0,58.0,60.0,150600
2022-02-10,60.0,63.0,60.0,63.0,125000
2022-02-14,64.0,67.0,62.0,64.0,592700
2022-02-15,66.0,66.0,61.0,61.0,350900
2022-02-16,62.0,64.0,61.0,61.0,130400
2022-02-17,61.0,62.0,60.0,60.0,66800
2022-02-18,60.0,61.0,60.0,61.0,129100
2022-02-21,60.0,62.0,60.0,60.0,78600
2022-02-22,59.0,60.0,59.0,60.0,33400
2022-02-24,60.0,60.0,58.0,58.0,45700
2022-02-25,59.0,61.0,59.0,61.0,32300
2022-02-28,61.0,62.0,60.0,61.0,61900
2022-03-01,61.0,63.0,61.0,62.0,125900
2022-03-02,61.0,62.0,60.0,61.0,23100
2022-03-03,62.0,72.0,61.0,63.0,1093900
2022-03-04,63.0,64.0,60.0,60.0,222100
2022-03-07,60.0,61.0,57.0,59.0,173500
2022-03-08,58.0,60.0,58.0,58.0,40200
2022-03-09,59.0,60.0,58.0,60.0,45600
2022-03-10,61.0,62.0,60.0,62.0,30400
2022-03-11,62.0,62.0,60.0,61.0,55200
2022-03-14,61.0,62.0,60.0,62.0,23000
2022-03-15,61.0,63.0,61.0,63.0,76600
2022-03-16,63.0,63.0,61.0,63.0,21600
2022-03-17,62.0,62.0,60.0,62.0,95200
2022-03-18,62.0,63.0,61.0,63.0,28300
2022-03-22,63.0,63.0,62.0,63.0,22400
2022-03-23,63.0,64.0,62.0,64.0,76700
2022-03-24,62.0,64.0,62.0,63.0,23800
2022-03-25,63.0,64.0,62.0,62.0,44900
2022-03-28,62.0,62.0,61.0,61.0,123300
2022-03-29,61.0,63.0,61.0,62.0,29700
2022-03-30,62.0,63.0,61.0,63.0,51600
2022-03-31,62.0,64.0,62.0,64.0,62300
2022-04-01,63.0,64.0,63.0,64.0,58200
2022-04-04,64.0,64.0,63.0,63.0,25600
2022-04-05,64.0,65.0,63.0,65.0,18500
2022-04-06,65.0,65.0,63.0,64.0,10700
2022-04-07,65.0,65.0,64.0,64.0,24100
2022-04-08,64.0,65.0,63.0,65.0,20500
2022-04-11,65.0,65.0,63.0,65.0,35900
2022-04-12,64.0,64.0,63.0,63.0,13100
2022-04-13,63.0,64.0,63.0,63.0,7400
2022-04-14,64.0,64.0,63.0,64.0,30500
2022-04-15,63.0,66.0,63.0,66.0,69900
2022-04-18,65.0,65.0,63.0,64.0,102000
2022-04-19,64.0,65.0,63.0,63.0,36300
2022-04-20,63.0,64.0,63.0,63.0,10000
2022-04-21,63.0,64.0,63.0,64.0,38400
2022-04-22,63.0,63.0,62.0,62.0,55100
2022-04-25,62.0,63.0,62.0,62.0,11100
2022-04-26,63.0,64.0,62.0,64.0,28300
2022-04-27,62.0,63.0,61.0,62.0,56700
2022-04-28,61.0,64.0,61.0,64.0,37200
2022-05-02,63.0,64.0,63.0,64.0,27000
2022-05-06,64.0,64.0,63.0,63.0,69000
2022-05-09,64.0,64.0,63.0,63.0,45700
2022-05-10,63.0,64.0,63.0,63.0,5800
2022-05-11,63.0,65.0,63.0,63.0,45900
2022-05-12,64.0,65.0,63.0,64.0,69900
2022-05-13,63.0,65.0,62.0,65.0,155300
2022-05-16,65.0,65.0,62.0,63.0,134600
2022-05-17,62.0,64.0,62.0,63.0,17600
2022-05-18,64.0,64.0,63.0,64.0,12600
2022-05-19,63.0,64.0,63.0,64.0,20000
2022-05-20,63.0,64.0,63.0,64.0,22800
2022-05-23,64.0,65.0,63.0,65.0,13200
2022-05-24,64.0,64.0,63.0,63.0,43700
2022-05-25,63.0,64.0,61.0,63.0,87200
2022-05-26,63.0,64.0,63.0,64.0,15800
2022-05-27,63.0,64.0,62.0,64.0,75200
2022-05-30,65.0,65.0,64.0,65.0,61600
2022-05-31,64.0,65.0,63.0,64.0,52800
2022-06-01,64.0,65.0,63.0,64.0,30800
2022-06-02,64.0,64.0,63.0,63.0,54700
2022-06-03,64.0,64.0,63.0,64.0,129400
2022-06-06,64.0,65.0,63.0,64.0,137000
2022-06-07,65.0,66.0,64.0,64.0,157100
2022-06-08,64.0,64.0,63.0,64.0,142500
2022-06-09,64.0,65.0,64.0,65.0,95300
2022-06-10,65.0,65.0,64.0,65.0,68100
2022-06-13,65.0,67.0,64.0,66.0,220900
2022-06-14,65.0,71.0,65.0,70.0,537400
2022-06-15,70.0,70.0,66.0,66.0,249100
2022-06-16,67.0,68.0,66.0,67.0,118300
2022-06-17,64.0,66.0,64.0,66.0,99800
2022-06-20,66.0,67.0,63.0,64.0,178700
2022-06-21,64.0,66.0,64.0,65.0,70900
2022-06-22,66.0,66.0,63.0,64.0,97100
2022-06-23,64.0,65.0,64.0,64.0,28400
2022-06-24,64.0,66.0,64.0,66.0,46400
2022-06-27,66.0,66.0,64.0,65.0,165600
2022-06-28,65.0,65.0,64.0,64.0,31800
2022-06-29,65.0,70.0,65.0,66.0,316200
2022-06-30,66.0,67.0,65.0,65.0,102900
2022-07-01,65.0,67.0,65.0,66.0,55500
2022-07-04,66.0,66.0,65.0,66.0,61100
2022-07-05,66.0,68.0,65.0,67.0,156400
2022-07-06,67.0,69.0,67.0,67.0,51500
2022-07-07,68.0,68.0,66.0,67.0,46900
2022-07-08,67.0,68.0,67.0,68.0,24400
2022-07-11,68.0,69.0,67.0,68.0,38500
2022-07-12,68.0,69.0,67.0,67.0,33000
2022-07-13,67.0,77.0,67.0,73.0,1003400
2022-07-14,73.0,73.0,69.0,70.0,332100
2022-07-15,69.0,71.0,68.0,70.0,155200
2022-07-19,70.0,74.0,70.0,72.0,181700
2022-07-20,72.0,74.0,72.0,74.0,75200
2022-07-21,74.0,74.0,71.0,72.0,91600
2022-07-22,73.0,85.0,69.0,69.0,3341400
2022-07-25,70.0,74.0,68.0,73.0,588500
2022-07-26,73.0,74.0,71.0,72.0,178800
2022-07-27,72.0,73.0,71.0,73.0,98600
2022-07-28,73.0,74.0,71.0,72.0,137700
2022-07-29,72.0,78.0,72.0,75.0,577800
2022-08-01,76.0,76.0,75.0,76.0,192500
2022-08-02,77.0,78.0,75.0,76.0,205200
2022-08-03,77.0,93.0,77.0,91.0,4313400
2022-08-04,92.0,94.0,86.0,89.0,1728900
2022-08-05,85.0,87.0,77.0,77.0,1723900
2022-08-08,77.0,77.0,74.0,74.0,573600
2022-08-09,74.0,74.0,72.0,72.0,462200
2022-08-10,73.0,76.0,73.0,73.0,399500
2022-08-12,74.0,75.0,73.0,74.0,136000
2022-08-15,75.0,79.0,75.0,78.0,343300
2022-08-16,78.0,78.0,76.0,77.0,244500
2022-08-17,77.0,77.0,75.0,76.0,212900
2022-08-18,76.0,76.0,74.0,75.0,310700
2022-08-19,76.0,76.0,73.0,74.0,171800
2022-08-22,74.0,75.0,73.0,74.0,67000
2022-08-23,73.0,74.0,73.0,73.0,66700
2022-08-24,74.0,77.0,74.0,77.0,189800
2022-08-25,77.0,78.0,76.0,77.0,98600
2022-08-26,77.0,78.0,76.0,78.0,73000
2022-08-29,76.0,77.0,75.0,76.0,91700
2022-08-30,75.0,76.0,74.0,75.0,140400
2022-08-31,75.0,76.0,73.0,74.0,236700
2022-09-01,75.0,75.0,73.0,74.0,101500
2022-09-02,74.0,74.0,73.0,73.0,25700
2022-09-05,73.0,73.0,70.0,72.0,251600
2022-09-06,72.0,73.0,71.0,73.0,71200
2022-09-07,73.0,73.0,71.0,72.0,32400
2022-09-08,72.0,74.0,71.0,73.0,98200
2022-09-09,73.0,74.0,72.0,73.0,65400
2022-09-12,74.0,76.0,73.0,75.0,109700
2022-09-13,76.0,76.0,74.0,74.0,115100
2022-09-14,74.0,75.0,73.0,74.0,116900
2022-09-15,74.0,76.0,74.0,75.0,83300
2022-09-16,75.0,75.0,74.0,75.0,129200
2022-09-20,75.0,76.0,73.0,73.0,151300
2022-09-21,73.0,74.0,72.0,73.0,72800
2022-09-22,72.0,74.0,72.0,74.0,37200
2022-09-26,73.0,73.0,71.0,72.0,175200
2022-09-27,72.0,74.0,72.0,74.0,45600
2022-09-28,73.0,73.0,71.0,72.0,78900
2022-09-29,73.0,73.0,71.0,73.0,38800
2022-09-30,73.0,73.0,71.0,71.0,35900
2022-10-03,71.0,72.0,70.0,71.0,107900
2022-10-04,72.0,73.0,71.0,72.0,90700
2022-10-05,72.0,73.0,72.0,73.0,44200
2022-10-06,72.0,74.0,72.0,74.0,32800
2022-10-07,73.0,74.0,72.0,72.0,16200
2022-10-11,72.0,74.0,71.0,72.0,76500
2022-10-12,72.0,74.0,72.0,73.0,33300
2022-10-13,73.0,73.0,72.0,72.0,61400
2022-10-14,73.0,73.0,72.0,73.0,47100
2022-10-17,73.0,74.0,72.0,74.0,59200
2022-10-18,74.0,75.0,73.0,75.0,130100
2022-10-19,74.0,77.0,74.0,77.0,227900
2022-10-20,78.0,79.0,76.0,78.0,98200
2022-10-21,78.0,80.0,76.0,78.0,203600
2022-10-24,78.0,78.0,76.0,78.0,145800
2022-10-25,78.0,78.0,76.0,77.0,48600
2022-10-26,78.0,78.0,76.0,77.0,30600
2022-10-27,77.0,78.0,76.0,77.0,23700
2022-10-28,76.0,77.0,75.0,77.0,68800
2022-10-31,76.0,78.0,75.0,77.0,66200
2022-11-01,77.0,78.0,77.0,78.0,51100
2022-11-02,77.0,79.0,77.0,77.0,48400
2022-11-04,78.0,79.0,77.0,77.0,63500
2022-11-07,78.0,80.0,77.0,80.0,87500
2022-11-08,80.0,81.0,79.0,79.0,277700
2022-11-09,80.0,83.0,79.0,82.0,288500
2022-11-10,82.0,83.0,81.0,82.0,197900
2022-11-11,82.0,82.0,80.0,81.0,235200
2022-11-14,83.0,85.0,78.0,79.0,609900
2022-11-15,79.0,79.0,77.0,78.0,200400
2022-11-16,77.0,79.0,76.0,78.0,172200
2022-11-17,78.0,80.0,77.0,80.0,139100
2022-11-18,79.0,80.0,78.0,80.0,61200
2022-11-21,80.0,81.0,79.0,79.0,70400
2022-11-22,79.0,80.0,78.0,79.0,39600
2022-11-24,79.0,81.0,79.0,81.0,100400
2022-11-25,81.0,81.0,79.0,80.0,93900
2022-11-28,79.0,80.0,78.0,78.0,112500
2022-11-29,79.0,79.0,74.0,76.0,558500
2022-11-30,76.0,77.0,75.0,77.0,106100
2022-12-01,77.0,77.0,76.0,77.0,79400
2022-12-02,77.0,77.0,75.0,77.0,44600
2022-12-05,77.0,78.0,76.0,77.0,43600
2022-12-06,77.0,78.0,76.0,76.0,57800
2022-12-07,76.0,77.0,76.0,77.0,11800
2022-12-08,77.0,77.0,75.0,76.0,95300
2022-12-09,77.0,100.0,77.0,98.0,6543400
2022-12-12,94.0,126.0,88.0,107.0,20543700
2022-12-13,101.0,103.0,93.0,101.0,5294700
2022-12-14,100.0,121.0,96.0,104.0,7887600
2022-12-15,104.0,111.0,99.0,103.0,3898300
2022-12-16,99.0,106.0,98.0,102.0,1259000
2022-12-19,98.0,101.0,93.0,97.0,1057500
2022-12-20,95.0,95.0,84.0,89.0,1500400
2022-12-21,88.0,89.0,82.0,84.0,400700
2022-12-22,85.0,86.0,83.0,83.0,424500
2022-12-23,83.0,83.0,80.0,81.0,469900
2022-12-26,82.0,86.0,81.0,82.0,876300
2022-12-27,82.0,84.0,81.0,81.0,428900
2022-12-28,81.0,82.0,80.0,81.0,154700
2022-12-29,81.0,84.0,80.0,82.0,230900
2022-12-30,83.0,84.0,81.0,82.0,186000
2023-01-04,82.0,82.0,80.0,80.0,275400
2023-01-05,80.0,80.0,79.0,79.0,117700
2023-01-06,79.0,79.0,77.0,79.0,224300
2023-01-10,79.0,81.0,78.0,80.0,210700
2023-01-11,81.0,86.0,80.0,86.0,606200
2023-01-12,88.0,89.0,82.0,82.0,699300
2023-01-13,82.0,104.0,82.0,103.0,9921500
2023-01-16,98.0,107.0,93.0,95.0,3669000
2023-01-17,94.0,102.0,93.0,97.0,1892900
2023-01-18,95.0,96.0,90.0,91.0,946800
2023-01-19,90.0,95.0,90.0,91.0,608600
2023-01-20,94.0,94.0,90.0,91.0,452900
2023-01-23,91.0,91.0,88.0,89.0,602100
2023-01-24,91.0,92.0,90.0,90.0,374500
2023-01-25,91.0,99.0,91.0,96.0,1334700
2023-01-26,97.0,105.0,96.0,99.0,1672400
2023-01-27,98.0,100.0,96.0,98.0,381400
2023-01-30,99.0,102.0,97.0,100.0,587700
2023-01-31,102.0,102.0,99.0,99.0,290800
2023-02-01,100.0,113.0,100.0,108.0,3327700
2023-02-02,113.0,118.0,107.0,107.0,2247800
2023-02-03,110.0,110.0,105.0,107.0,860900
2023-02-06,107.0,112.0,106.0,110.0,778500
2023-02-07,110.0,110.0,105.0,105.0,803500
2023-02-08,106.0,107.0,103.0,107.0,442800
2023-02-09,107.0,110.0,104.0,107.0,951800
2023-02-10,107.0,112.0,105.0,107.0,1062600
2023-02-13,107.0,108.0,98.0,107.0,1382500
2023-02-14,102.0,103.0,94.0,97.0,2264800
2023-02-15,98.0,100.0,94.0,94.0,939500
2023-02-16,95.0,99.0,95.0,97.0,561000
2023-02-17,99.0,104.0,98.0,99.0,830400
2023-02-20,98.0,101.0,96.0,98.0,311300
2023-02-21,100.0,101.0,96.0,97.0,562000
2023-02-22,96.0,97.0,94.0,97.0,503800
2023-02-24,96.0,98.0,96.0,97.0,204700
2023-02-27,97.0,98.0,95.0,96.0,228400
2023-02-28,97.0,99.0,96.0,97.0,216900
2023-03-01,99.0,99.0,97.0,98.0,206100
2023-03-02,98.0,99.0,96.0,98.0,178900
2023-03-03,97.0,98.0,96.0,97.0,98100
2023-03-06,97.0,98.0,95.0,98.0,442100
2023-03-07,98.0,98.0,95.0,95.0,388700
2023-03-08,95.0,96.0,95.0,96.0,134000
2023-03-09,96.0,96.0,94.0,94.0,210800
2023-03-10,94.0,95.0,90.0,90.0,367800
2023-03-13,90.0,95.0,88.0,91.0,535100
2023-03-14,91.0,91.0,88.0,88.0,288700
2023-03-15,89.0,93.0,89.0,91.0,319400
2023-03-16,87.0,92.0,87.0,90.0,493500
2023-03-17,92.0,92.0,90.0,91.0,68300
2023-03-20,91.0,96.0,91.0,93.0,432800
2023-03-22,93.0,94.0,92.0,94.0,108600
2023-03-23,94.0,95.0,93.0,94.0,131800
2023-03-24,94.0,95.0,92.0,93.0,143800
2023-03-27,94.0,95.0,91.0,93.0,186300
2023-03-28,92.0,93.0,89.0,89.0,344400
2023-03-29,88.0,91.0,88.0,90.0,81100
2023-03-30,90.0,92.0,90.0,92.0,67600
2023-03-31,92.0,92.0,91.0,91.0,26300
2023-04-03,91.0,92.0,90.0,92.0,73000
2023-04-04,90.0,92.0,90.0,92.0,79700
2023-04-05,92.0,94.0,91.0,92.0,280500
2023-04-06,92.0,94.0,91.0,94.0,170100
2023-04-07,94.0,94.0,92.0,93.0,95300
2023-04-10,93.0,97.0,92.0,97.0,248900
2023-04-11,96.0,98.0,95.0,98.0,185200
2023-04-12,98.0,98.0,96.0,97.0,124900
2023-04-13,96.0,99.0,94.0,97.0,347600
2023-04-14,97.0,101.0,96.0,99.0,322400
2023-04-17,99.0,100.0,97.0,98.0,154700
2023-04-18,98.0,100.0,96.0,100.0,343800
2023-04-19,100.0,102.0,98.0,101.0,349500
2023-04-20,99.0,100.0,98.0,99.0,218600
2023-04-21,98.0,98.0,95.0,96.0,303400
2023-04-24,96.0,97.0,95.0,96.0,107400
2023-04-25,95.0,96.0,94.0,95.0,106500
2023-04-26,95.0,95.0,92.0,93.0,141800
2023-04-27,94.0,95.0,93.0,95.0,55900
2023-04-28,94.0,95.0,93.0,94.0,66200
2023-05-01,95.0,96.0,94.0,95.0,66700
2023-05-02,95.0,96.0,94.0,96.0,68300
2023-05-08,96.0,96.0,95.0,96.0,16200
2023-05-09,95.0,100.0,95.0,100.0,274300
2023-05-10,100.0,100.0,98.0,98.0,84700
2023-05-11,99.0,101.0,97.0,97.0,591200
2023-05-12,97.0,97.0,91.0,93.0,776600
2023-05-15,93.0,94.0,92.0,92.0,209700
2023-05-16,92.0,93.0,90.0,92.0,313300
2023-05-17,92.0,93.0,92.0,92.0,48000
2023-05-18,93.0,93.0,90.0,90.0,159800
2023-05-19,90.0,92.0,90.0,91.0,86600
2023-05-22,92.0,92.0,90.0,92.0,56400
2023-05-23,90.0,92.0,89.0,90.0,109100
2023-05-24,90.0,91.0,89.0,91.0,121800
2023-05-25,91.0,91.0,89.0,89.0,172900
2023-05-26,91.0,91.0,88.0,88.0,140800
2023-05-29,89.0,89.0,87.0,89.0,103900
2023-05-30,89.0,90.0,88.0,88.0,74600
2023-05-31,88.0,89.0,87.0,89.0,103800
2023-06-01,89.0,89.0,88.0,89.0,102900
2023-06-02,88.0,88.0,87.0,88.0,56000
2023-06-05,88.0,89.0,87.0,89.0,172600
2023-06-06,89.0,90.0,88.0,89.0,74000
2023-06-07,90.0,91.0,89.0,89.0,198800
2023-06-08,89.0,90.0,88.0,90.0,46600
2023-06-09,90.0,91.0,89.0,89.0,147600
2023-06-12,89.0,89.0,87.0,89.0,249300
2023-06-13,88.0,90.0,88.0,90.0,104800
2023-06-14,89.0,89.0,88.0,88.0,141600
2023-06-15,88.0,89.0,88.0,89.0,53600
2023-06-16,88.0,89.0,87.0,89.0,73200
2023-06-19,88.0,89.0,87.0,88.0,64800
2023-06-20,88.0,89.0,87.0,87.0,167500
2023-06-21,87.0,88.0,86.0,88.0,36700
2023-06-22,88.0,88.0,86.0,87.0,68300
2023-06-23,87.0,87.0,86.0,86.0,36000
2023-06-26,86.0,88.0,86.0,86.0,36500
2023-06-27,87.0,87.0,86.0,86.0,20900
2023-06-28,86.0,87.0,86.0,87.0,53700
2023-06-29,87.0,88.0,87.0,87.0,58700
2023-06-30,88.0,89.0,87.0,88.0,72700
2023-07-03,89.0,89.0,88.0,88.0,7300
2023-07-04,88.0,88.0,88.0,88.0,37400
2023-07-05,89.0,89.0,88.0,88.0,48700
2023-07-06,87.0,88.0,87.0,87.0,46200
2023-07-07,87.0,88.0,87.0,87.0,18400
2023-07-10,88.0,88.0,87.0,87.0,33400
2023-07-11,87.0,88.0,87.0,88.0,27900
2023-07-12,87.0,88.0,87.0,88.0,50200
2023-07-13,87.0,89.0,87.0,89.0,31600
2023-07-14,87.0,89.0,87.0,89.0,26700
2023-07-18,89.0,89.0,88.0,89.0,25900
2023-07-19,89.0,89.0,88.0,89.0,33500
2023-07-20,88.0,89.0,87.0,89.0,27200
2023-07-21,89.0,89.0,87.0,89.0,34200
2023-07-24,89.0,89.0,88.0,89.0,39900
2023-07-25,89.0,89.0,88.0,88.0,50600
2023-07-26,88.0,91.0,87.0,88.0,153300
2023-07-27,89.0,91.0,89.0,91.0,87000
2023-07-28,91.0,91.0,90.0,91.0,27000
2023-07-31,91.0,91.0,90.0,91.0,26700
2023-08-01,90.0,91.0,89.0,91.0,57200
2023-08-02,90.0,91.0,89.0,90.0,85000
2023-08-03,90.0,90.0,88.0,90.0,62600
2023-08-04,90.0,90.0,89.0,90.0,27800
2023-08-07,88.0,89.0,88.0,89.0,23100
2023-08-08,89.0,90.0,88.0,89.0,32900
2023-08-09,89.0,89.0,88.0,89.0,56400
2023-08-10,87.0,87.0,84.0,87.0,220800
2023-08-14,86.0,87.0,85.0,85.0,52500
2023-08-15,86.0,88.0,86.0,87.0,51800
2023-08-16,86.0,87.0,86.0,87.0,20300
2023-08-17,86.0,86.0,85.0,85.0,69600
2023-08-18,85.0,86.0,85.0,85.0,51800
2023-08-21,84.0,86.0,84.0,86.0,28500
2023-08-22,86.0,87.0,79.0,82.0,352300
2023-08-23,82.0,82.0,81.0,81.0,95400
2023-08-24,82.0,83.0,81.0,83.0,38000
2023-08-25,82.0,83.0,82.0,83.0,32100
2023-08-28,83.0,83.0,82.0,83.0,35000
2023-08-29,83.0,83.0,82.0,83.0,2100
2023-08-30,83.0,83.0,82.0,82.0,12700
2023-08-31,82.0,83.0,82.0,82.0,15800
2023-09-01,82.0,83.0,82.0,83.0,13600
2023-09-04,83.0,83.0,81.0,83.0,52000
2023-09-05,83.0,83.0,81.0,83.0,35100
2023-09-06,83.0,83.0,82.0,82.0,15900
2023-09-07,82.0,83.0,81.0,82.0,30500
2023-09-08,81.0,82.0,81.0,82.0,21500
2023-09-11,83.0,83.0,82.0,83.0,6800
2023-09-12,83.0,83.0,82.0,82.0,26600
2023-09-13,81.0,83.0,81.0,82.0,45700
2023-09-14,82.0,84.0,82.0,83.0,40700
2023-09-15,84.0,84.0,83.0,84.0,34200
2023-09-19,84.0,84.0,82.0,84.0,74300
2023-09-20,83.0,84.0,83.0,83.0,19100
2023-09-21,83.0,83.0,82.0,82.0,22000
2023-09-22,82.0,82.0,82.0,82.0,10600
2023-09-25,82.0,83.0,82.0,83.0,6600
2023-09-26,83.0,83.0,82.0,83.0,14400
2023-09-27,83.0,83.0,81.0,81.0,12500
2023-09-28,81.0,90.0,81.0,90.0,382400
2023-09-29,88.0,88.0,85.0,87.0,149600
2023-10-02,86.0,87.0,85.0,86.0,67500
2023-10-03,85.0,88.0,84.0,84.0,133200
2023-10-04,83.0,84.0,83.0,83.0,25500
2023-10-05,82.0,84.0,82.0,84.0,36000
2023-10-06,84.0,86.0,83.0,86.0,31700
2023-10-10,86.0,86.0,84.0,84.0,40900
2023-10-11,84.0,85.0,84.0,84.0,4900
2023-10-12,85.0,85.0,84.0,85.0,5500
2023-10-13,84.0,85.0,84.0,84.0,35400
2023-10-16,83.0,84.0,83.0,83.0,13900
2023-10-17,82.0,85.0,82.0,84.0,44400
2023-10-18,85.0,86.0,84.0,86.0,26700
2023-10-19,85.0,86.0,85.0,85.0,7400
2023-10-20,85.0,85.0,84.0,85.0,29100
2023-10-23,86.0,87.0,83.0,83.0,65600
2023-10-24,84.0,84.0,82.0,84.0,48400
2023-10-25,84.0,84.0,82.0,83.0,59000
2023-10-26,83.0,83.0,81.0,82.0,58700
2023-10-27,82.0,83.0,82.0,83.0,8200
2023-10-30,82.0,83.0,82.0,82.0,4900
2023-10-31,82.0,84.0,81.0,81.0,49200
2023-11-01,81.0,83.0,81.0,83.0,13800
2023-11-02,83.0,83.0,82.0,83.0,31800
2023-11-06,82.0,83.0,81.0,83.0,61900
2023-11-07,83.0,83.0,81.0,83.0,14000
2023-11-08,82.0,82.0,82.0,82.0,19100
2023-11-09,83.0,83.0,81.0,81.0,71700
2023-11-10,81.0,84.0,81.0,83.0,79700
2023-11-13,83.0,83.0,82.0,83.0,34200
2023-11-14,83.0,83.0,78.0,81.0,155600
2023-11-15,81.0,81.0,79.0,79.0,55800
2023-11-16,80.0,80.0,79.0,79.0,22800
2023-11-17,79.0,80.0,78.0,79.0,58400
2023-11-20,79.0,80.0,79.0,80.0,22100
2023-11-21,80.0,81.0,79.0,80.0,76200
2023-11-22,81.0,82.0,80.0,80.0,96800
2023-11-24,80.0,82.0,80.0,81.0,26500
2023-11-27,81.0,81.0,80.0,80.0,14000
2023-11-28,80.0,81.0,80.0,80.0,15000
2023-11-29,80.0,81.0,79.0,81.0,49800
2023-11-30,81.0,81.0,79.0,80.0,45000
2023-12-01,79.0,80.0,78.0,79.0,70000
2023-12-04,79.0,79.0,78.0,79.0,12700
2023-12-05,78.0,78.0,77.0,77.0,48600
2023-12-06,78.0,78.0,76.0,78.0,136500
2023-12-07,77.0,78.0,76.0,77.0,68300
2023-12-08,76.0,77.0,76.0,76.0,31300
2023-12-11,76.0,77.0,76.0,76.0,15200
2023-12-12,76.0,76.0,75.0,75.0,29800
2023-12-13,75.0,76.0,75.0,75.0,36800
2023-12-14,75.0,75.0,73.0,73.0,94200
2023-12-15,73.0,73.0,72.0,73.0,41500
2023-12-18,72.0,73.0,70.0,72.0,95200
2023-12-19,71.0,73.0,70.0,73.0,143300
2023-12-20,72.0,73.0,71.0,73.0,45300
2023-12-21,73.0,73.0,71.0,72.0,25400
2023-12-22,72.0,72.0,70.0,71.0,38200
2023-12-25,71.0,72.0,70.0,71.0,112000
2023-12-26,69.0,70.0,69.0,69.0,123100
2023-12-27,70.0,71.0,69.0,71.0,121300
2023-12-28,71.0,72.0,70.0,70.0,48400
2023-12-29,70.0,71.0,69.0,71.0,42300
2024-01-04,70.0,73.0,70.0,72.0,129300
2024-01-05,74.0,75.0,73.0,74.0,84900
2024-01-09,73.0,74.0,72.0,72.0,52900
2024-01-10,72.0,73.0,72.0,72.0,42300
2024-01-11,72.0,73.0,71.0,71.0,11200
2024-01-12,71.0,72.0,70.0,72.0,96900
2024-01-15,72.0,72.0,70.0,71.0,4100
2024-01-16,72.0,72.0,70.0,72.0,26400
2024-01-17,72.0,72.0,69.0,69.0,111200
2024-01-18,70.0,71.0,69.0,70.0,46200
2024-01-19,71.0,71.0,70.0,70.0,15200
2024-01-22,71.0,72.0,70.0,71.0,29300
2024-01-23,71.0,72.0,70.0,70.0,32000
2024-01-24,71.0,71.0,70.0,71.0,10900
2024-01-25,71.0,71.0,69.0,70.0,47200
2024-01-26,71.0,72.0,70.0,72.0,70700
2024-01-29,72.0,73.0,72.0,72.0,48900
2024-01-30,72.0,72.0,71.0,71.0,31400
2024-01-31,71.0,72.0,71.0,71.0,22600
2024-02-01,71.0,71.0,70.0,70.0,14000
2024-02-02,70.0,71.0,70.0,70.0,6900
2024-02-05,71.0,71.0,70.0,70.0,11600
2024-02-06,70.0,72.0,70.0,71.0,36400
2024-02-07,72.0,72.0,70.0,71.0,28000
2024-02-08,71.0,71.0,70.0,70.0,19200
2024-02-09,70.0,75.0,70.0,72.0,221200
2024-02-13,72.0,75.0,72.0,74.0,128700
2024-02-14,74.0,74.0,71.0,72.0,67500
2024-02-15,71.0,71.0,67.0,68.0,222200
2024-02-16,68.0,69.0,67.0,68.0,69400
2024-02-19,68.0,72.0,68.0,72.0,131600
2024-02-20,72.0,75.0,72.0,75.0,128100
2024-02-21,74.0,77.0,74.0,77.0,133000
2024-02-22,76.0,77.0,74.0,77.0,151200
2024-02-26,76.0,78.0,76.0,77.0,65800
2024-02-27,77.0,77.0,75.0,76.0,54500
2024-02-28,76.0,77.0,75.0,77.0,33100
2024-02-29,77.0,82.0,76.0,81.0,230100
2024-03-01,82.0,82.0,78.0,80.0,79600
2024-03-04,81.0,81.0,77.0,77.0,58900
2024-03-05,78.0,78.0,72.0,75.0,290100
2024-03-06,74.0,77.0,74.0,77.0,54900
2024-03-07,75.0,76.0,75.0,75.0,51700
2024-03-08,75.0,75.0,73.0,74.0,143000
2024-03-11,73.0,74.0,72.0,73.0,49500
2024-03-12,73.0,73.0,72.0,72.0,20800
2024-03-13,73.0,73.0,72.0,72.0,14000
2024-03-14,72.0,73.0,72.0,72.0,4000
2024-03-15,73.0,73.0,72.0,73.0,8400
2024-03-18,73.0,73.0,72.0,73.0,4800
2024-03-19,73.0,74.0,72.0,73.0,39200
2024-03-21,74.0,75.0,73.0,74.0,53900
2024-03-22,74.0,76.0,74.0,76.0,31000
2024-03-25,76.0,77.0,72.0,74.0,225700
2024-03-26,74.0,75.0,73.0,73.0,24500
2024-03-27,73.0,74.0,73.0,73.0,16500
2024-03-28,73.0,75.0,73.0,73.0,15800
2024-03-29,74.0,79.0,74.0,76.0,186100
2024-04-01,76.0,77.0,74.0,74.0,73300
2024-04-02,74.0,75.0,73.0,73.0,77200
2024-04-03,73.0,75.0,73.0,73.0,28300
2024-04-04,73.0,74.0,73.0,73.0,12000
2024-04-05,73.0,74.0,73.0,73.0,39200
2024-04-08,73.0,74.0,73.0,74.0,5700
2024-04-09,74.0,74.0,73.0,73.0,13600
2024-04-10,74.0,74.0,72.0,74.0,15800
2024-04-11,74.0,74.0,73.0,74.0,8500
2024-04-12,74.0,75.0,73.0,75.0,28200
2024-04-15,74.0,76.0,73.0,75.0,36400
2024-04-16,75.0,75.0,74.0,74.0,28700
2024-04-17,74.0,75.0,74.0,74.0,10800
2024-04-18,74.0,76.0,74.0,76.0,22000
2024-04-19,75.0,76.0,74.0,75.0,59700
2024-04-22,74.0,75.0,74.0,75.0,8300
2024-04-23,75.0,82.0,75.0,79.0,306900
2024-04-24,81.0,81.0,75.0,76.0,243100
2024-04-25,75.0,76.0,74.0,75.0,63400
2024-04-26,76.0,76.0,74.0,75.0,63600
2024-04-30,75.0,77.0,75.0,77.0,27500
2024-05-01,77.0,77.0,75.0,76.0,51700
2024-05-02,75.0,77.0,75.0,76.0,67900
2024-05-07,77.0,77.0,75.0,76.0,99000
2024-05-08,76.0,77.0,76.0,76.0,32800
2024-05-09,77.0,77.0,76.0,77.0,15600
2024-05-10,77.0,77.0,75.0,76.0,34700
2024-05-13,76.0,78.0,76.0,78.0,86300
2024-05-14,78.0,78.0,77.0,77.0,50100
2024-05-15,95.0,107.0,92.0,103.0,11492400
2024-05-16,91.0,98.0,84.0,87.0,4376200
2024-05-17,86.0,86.0,81.0,84.0,1587600
2024-05-20,87.0,88.0,84.0,85.0,412200
2024-05-21,85.0,86.0,82.0,83.0,326300
2024-05-22,83.0,84.0,81.0,81.0,256400
2024-05-23,82.0,91.0,79.0,81.0,1990200
2024-05-24,81.0,84.0,80.0,81.0,451700
2024-05-27,81.0,83.0,80.0,82.0,141500
2024-05-28,82.0,83.0,80.0,80.0,119600
2024-05-29,82.0,83.0,79.0,79.0,361500
2024-05-30,79.0,79.0,77.0,78.0,162000
2024-05-31,78.0,79.0,77.0,79.0,159500
2024-06-03,79.0,79.0,77.0,79.0,53000
2024-06-04,78.0,80.0,78.0,80.0,161900
2024-06-05,81.0,81.0,78.0,78.0,109200
2024-06-06,78.0,79.0,77.0,77.0,101600
2024-06-07,77.0,77.0,75.0,76.0,284600
2024-06-10,76.0,77.0,75.0,76.0,86800
2024-06-11,76.0,77.0,75.0,75.0,96100
2024-06-12,77.0,77.0,75.0,76.0,99800
2024-06-13,75.0,77.0,75.0,76.0,61500
2024-06-14,76.0,77.0,75.0,75.0,293200
2024-06-17,76.0,81.0,76.0,80.0,518700
2024-06-18,81.0,81.0,78.0,79.0,175700
2024-06-19,81.0,81.0,78.0,78.0,215000
2024-06-20,77.0,78.0,77.0,78.0,78400
2024-06-21,77.0,79.0,77.0,78.0,71400
2024-06-24,79.0,80.0,78.0,78.0,42200
2024-06-25,78.0,80.0,77.0,79.0,175600
2024-06-26,79.0,80.0,78.0,79.0,125800
2024-06-27,79.0,81.0,78.0,80.0,102000
2024-06-28,80.0,81.0,79.0,79.0,72400
2024-07-01,79.0,80.0,79.0,79.0,71400
2024-07-02,79.0,80.0,78.0,79.0,35300
2024-07-03,79.0,80.0,79.0,79.0,53700
2024-07-04,79.0,81.0,79.0,81.0,156300
2024-07-05,80.0,80.0,78.0,79.0,165300
2024-07-08,80.0,80.0,79.0,79.0,46400
2024-07-09,79.0,80.0,78.0,78.0,47200
2024-07-10,78.0,79.0,78.0,78.0,145400
2024-07-11,79.0,80.0,78.0,79.0,22500
2024-07-12,80.0,80.0,79.0,80.0,25200
2024-07-16,80.0,80.0,79.0,80.0,45600
2024-07-17,80.0,80.0,78.0,79.0,62700
2024-07-18,80.0,80.0,79.0,79.0,5200
2024-07-19,80.0,80.0,79.0,79.0,17100
2024-07-22,80.0,80.0,78.0,80.0,34700
2024-07-23,80.0,81.0,79.0,80.0,70300
2024-07-24,79.0,80.0,78.0,79.0,50800
2024-07-25,78.0,79.0,76.0,77.0,152200
2024-07-26,77.0,78.0,76.0,77.0,52400
2024-07-29,78.0,78.0,77.0,77.0,43400
2024-07-30,78.0,78.0,77.0,77.0,42100
2024-07-31,77.0,77.0,76.0,77.0,46400
2024-08-01,77.0,77.0,75.0,75.0,96200
2024-08-02,75.0,75.0,72.0,72.0,222600
2024-08-05,70.0,71.0,58.0,61.0,406000
2024-08-06,64.0,65.0,62.0,63.0,269300
2024-08-07,64.0,67.0,62.0,65.0,260000
2024-08-08,66.0,70.0,66.0,69.0,222200
2024-08-09,73.0,74.0,67.0,67.0,694700
2024-08-13,67.0,71.0,67.0,71.0,107900
2024-08-14,70.0,70.0,68.0,70.0,149600
2024-08-15,70.0,70.0,69.0,70.0,177900
2024-08-16,71.0,72.0,70.0,70.0,207700
2024-08-19,71.0,72.0,70.0,71.0,89500
2024-08-20,72.0,72.0,71.0,71.0,33900
2024-08-21,71.0,75.0,71.0,73.0,125100
2024-08-22,73.0,74.0,72.0,74.0,32700
2024-08-23,74.0,74.0,73.0,73.0,10000
2024-08-26,73.0,73.0,71.0,71.0,110000
2024-08-27,71.0,72.0,70.0,70.0,166200
2024-08-28,71.0,72.0,70.0,71.0,95800
2024-08-29,71.0,71.0,70.0,71.0,55900
2024-08-30,71.0,72.0,71.0,72.0,62200
2024-09-02,72.0,72.0,71.0,72.0,31800
2024-09-03,71.0,73.0,71.0,73.0,41200
2024-09-04,72.0,72.0,69.0,70.0,129200
2024-09-05,69.0,71.0,69.0,69.0,37600
2024-09-06,70.0,70.0,69.0,69.0,37700
2024-09-09,68.0,70.0,68.0,70.0,21000
2024-09-10,70.0,71.0,69.0,71.0,25700
2024-09-11,70.0,71.0,68.0,68.0,79100
2024-09-12,69.0,70.0,69.0,70.0,61700
2024-09-13,70.0,71.0,70.0,70.0,23000
2024-09-17,71.0,71.0,69.0,69.0,40400
2024-09-18,70.0,73.0,70.0,72.0,78900
2024-09-19,72.0,72.0,71.0,71.0,40700
2024-09-20,71.0,72.0,71.0,72.0,10100
2024-09-24,71.0,72.0,70.0,70.0,65100
2024-09-25,70.0,71.0,70.0,70.0,16300
2024-09-26,70.0,71.0,69.0,69.0,35100
2024-09-27,69.0,70.0,69.0,69.0,25100
2024-09-30,70.0,70.0,68.0,70.0,36000
2024-10-01,70.0,70.0,70.0,70.0,5300
2024-10-02,70.0,70.0,69.0,69.0,17200
2024-10-03,70.0,70.0,69.0,70.0,7500
2024-10-04,70.0,70.0,69.0,70.0,8800
2024-10-07,70.0,71.0,70.0,70.0,4200
2024-10-08,70.0,71.0,70.0,70.0,7000
2024-10-09,70.0,70.0,70.0,70.0,4100
2024-10-10,71.0,72.0,70.0,71.0,32700
2024-10-11,71.0,71.0,70.0,70.0,13900
2024-10-15,70.0,70.0,69.0,70.0,32900
2024-10-16,70.0,70.0,69.0,69.0,24500
2024-10-17,70.0,70.0,69.0,69.0,36700
2024-10-18,70.0,70.0,68.0,68.0,53500
2024-10-21,69.0,70.0,69.0,70.0,58800
2024-10-22,70.0,70.0,69.0,69.0,8800
2024-10-23,69.0,70.0,69.0,69.0,29500
2024-10-24,70.0,70.0,68.0,68.0,32000
2024-10-25,68.0,69.0,68.0,68.0,12100
2024-10-28,68.0,69.0,68.0,69.0,16000
2024-10-29,70.0,70.0,68.0,69.0,18200
2024-10-30,70.0,70.0,69.0,70.0,6300
2024-10-31,69.0,71.0,69.0,69.0,28900
2024-11-01,70.0,71.0,70.0,70.0,53100
2024-11-05,71.0,72.0,70.0,70.0,50400
2024-11-06,71.0,72.0,70.0,70.0,58700
2024-11-07,71.0,74.0,70.0,73.0,272700
2024-11-08,75.0,75.0,73.0,75.0,102100
2024-11-11,75.0,76.0,73.0,73.0,101400
2024-11-12,74.0,75.0,73.0,75.0,87600
2024-11-13,74.0,76.0,74.0,75.0,195600
2024-11-14,71.0,71.0,69.0,69.0,426700
2024-11-15,68.0,71.0,68.0,70.0,168700
2024-11-18,70.0,71.0,69.0,69.0,75000
2024-11-19,70.0,71.0,69.0,70.0,58100
2024-11-20,70.0,71.0,70.0,71.0,64500
2024-11-21,71.0,72.0,70.0,71.0,112700
2024-11-22,71.0,74.0,71.0,72.0,107000
2024-11-25,73.0,74.0,72.0,73.0,53800
2024-11-26,72.0,73.0,70.0,71.0,102300
2024-11-27,71.0,73.0,70.0,71.0,147300
2024-11-28,70.0,71.0,70.0,71.0,21400
2024-11-29,70.0,71.0,70.0,70.0,57300
2024-12-02,71.0,71.0,70.0,70.0,32100
2024-12-03,71.0,71.0,70.0,71.0,14900
2024-12-04,71.0,72.0,70.0,71.0,35000
2024-12-05,71.0,72.0,70.0,71.0,26700
2024-12-06,71.0,71.0,70.0,71.0,10900
2024-12-09,71.0,71.0,70.0,70.0,27900
2024-12-10,70.0,71.0,70.0,71.0,37000
2024-12-11,70.0,71.0,70.0,70.0,34600
2024-12-12,70.0,71.0,70.0,70.0,75000
2024-12-13,70.0,74.0,70.0,72.0,200600
2024-12-16,72.0,72.0,70.0,70.0,55300
2024-12-17,70.0,71.0,70.0,71.0,57600
2024-12-18,70.0,71.0,70.0,70.0,11300
2024-12-19,70.0,70.0,69.0,70.0,91900
2024-12-20,70.0,71.0,70.0,70.0,73200
2024-12-23,70.0,71.0,70.0,70.0,18400
2024-12-24,70.0,72.0,70.0,70.0,152000
2024-12-25,70.0,70.0,69.0,70.0,57300
2024-12-26,69.0,71.0,69.0,69.0,129000
2024-12-27,69.0,74.0,69.0,70.0,161300
2024-12-30,71.0,71.0,70.0,71.0,23000
2025-01-06,70.0,73.0,70.0,72.0,92300
2025-01-07,72.0,72.0,69.0,70.0,197400
2025-01-08,70.0,71.0,69.0,70.0,69600
2025-01-09,70.0,71.0,70.0,71.0,29600
2025-01-10,70.0,71.0,70.0,71.0,15900
2025-01-14,71.0,71.0,69.0,70.0,34100
2025-01-15,70.0,70.0,69.0,70.0,7000
2025-01-16,70.0,71.0,70.0,71.0,11100
2025-01-17,70.0,71.0,70.0,71.0,21600
2025-01-20,70.0,71.0,70.0,71.0,27100
2025-01-21,71.0,71.0,70.0,70.0,16700
2025-01-22,70.0,71.0,70.0,70.0,3200
2025-01-23,71.0,71.0,70.0,70.0,4600
2025-01-24,70.0,70.0,70.0,70.0,55000
2025-01-27,70.0,71.0,70.0,70.0,5400
2025-01-28,71.0,73.0,70.0,73.0,114600
2025-01-29,73.0,73.0,71.0,72.0,148500
2025-01-30,72.0,72.0,71.0,72.0,78800
2025-01-31,71.0,73.0,71.0,72.0,45100
2025-02-03,72.0,74.0,72.0,74.0,67100
2025-02-04,73.0,75.0,73.0,75.0,61600
2025-02-05,75.0,79.0,75.0,75.0,144700
2025-02-06,76.0,77.0,74.0,74.0,190600
2025-02-07,75.0,77.0,75.0,77.0,103100
2025-02-10,77.0,79.0,76.0,78.0,190400
2025-02-12,73.0,74.0,71.0,73.0,635000
2025-02-13,73.0,73.0,71.0,72.0,76500
2025-02-14,72.0,72.0,71.0,72.0,78600
2025-02-17,72.0,72.0,71.0,71.0,11000
2025-02-18,71.0,72.0,70.0,70.0,209600
2025-02-19,71.0,71.0,70.0,71.0,26100
2025-02-20,71.0,71.0,70.0,71.0,42500
2025-02-21,70.0,71.0,70.0,71.0,13200
2025-02-25,70.0,71.0,70.0,70.0,28300
2025-02-26,70.0,71.0,70.0,71.0,122000
2025-02-27,70.0,71.0,70.0,70.0,12800
2025-02-28,70.0,70.0,69.0,69.0,94700
2025-03-03,70.0,70.0,69.0,70.0,80900
2025-03-04,70.0,70.0,69.0,70.0,83300
2025-03-05,69.0,70.0,69.0,69.0,71000
2025-03-06,69.0,71.0,69.0,70.0,63500
2025-03-07,70.0,71.0,70.0,70.0,53700
2025-03-10,71.0,71.0,70.0,70.0,312400
2025-03-11,70.0,71.0,69.0,69.0,73500
2025-03-12,69.0,73.0,69.0,70.0,636100
2025-03-13,71.0,76.0,70.0,74.0,398100
2025-03-14,74.0,75.0,70.0,71.0,461900
2025-03-17,71.0,78.0,71.0,73.0,838100
2025-03-18,74.0,75.0,73.0,75.0,157400
2025-03-19,74.0,75.0,74.0,75.0,31600
2025-03-21,74.0,76.0,74.0,76.0,104400
2025-03-24,76.0,78.0,75.0,75.0,73600
2025-03-25,75.0,77.0,75.0,76.0,97600
2025-03-26,76.0,79.0,76.0,77.0,180200
2025-03-27,77.0,77.0,72.0,73.0,413300
2025-03-28,73.0,90.0,70.0,71.0,7097700
2025-03-31,71.0,78.0,70.0,72.0,1641100
2025-04-01,72.0,74.0,71.0,71.0,224800
2025-04-02,71.0,72.0,71.0,71.0,142900
2025-04-03,70.0,71.0,68.0,70.0,543000
2025-04-04,69.0,69.0,65.0,66.0,417300
2025-04-07,61.0,64.0,58.0,58.0,582300
2025-04-08,61.0,64.0,60.0,63.0,236000
2025-04-09,62.0,63.0,61.0,61.0,52700
2025-04-10,66.0,66.0,64.0,65.0,189400
2025-04-11,64.0,67.0,64.0,66.0,99900
2025-04-14,67.0,69.0,66.0,67.0,101700
2025-04-15,68.0,68.0,67.0,68.0,85300
2025-04-16,69.0,72.0,65.0,66.0,896000
2025-04-17,66.0,70.0,65.0,66.0,389200
2025-04-18,66.0,71.0,65.0,67.0,1964900
2025-04-21,68.0,69.0,67.0,68.0,231900
2025-04-22,67.0,74.0,67.0,67.0,4737800
2025-04-23,68.0,70.0,67.0,68.0,268200
2025-04-24,69.0,71.0,69.0,70.0,143600
2025-04-25,70.0,70.0,68.0,68.0,124700
2025-04-28,69.0,78.0,68.0,70.0,4842800
2025-04-30,70.0,75.0,69.0,70.0,1898300
2025-05-01,71.0,72.0,71.0,71.0,142400
2025-05-02,71.0,73.0,71.0,72.0,193000
2025-05-07,72.0,74.0,72.0,73.0,119300
2025-05-08,74.0,74.0,73.0,73.0,34600
2025-05-09,73.0,73.0,71.0,72.0,291800
2025-05-12,73.0,73.0,72.0,72.0,45800
2025-05-13,73.0,73.0,71.0,73.0,99400
2025-05-14,73.0,74.0,72.0,73.0,174900
2025-05-15,72.0,75.0,72.0,74.0,269100
2025-05-16,78.0,102.0,74.0,84.0,23232500
2025-05-19,84.0,114.0,81.0,114.0,16686400
2025-05-20,124.0,140.0,95.0,100.0,19877600
2025-05-21,97.0,105.0,91.0,92.0,6316800
2025-05-22,95.0,107.0,87.0,90.0,11152900
2025-05-23,88.0,89.0,83.0,85.0,1859000
2025-05-26,84.0,88.0,83.0,84.0,976000
2025-05-27,84.0,88.0,84.0,85.0,1136600
2025-05-28,86.0,105.0,86.0,105.0,15856900
2025-05-29,110.0,112.0,94.0,96.0,9697500
2025-05-30,94.0,97.0,91.0,91.0,1597800
2025-06-02,90.0,95.0,90.0,92.0,839700
2025-06-03,92.0,94.0,91.0,93.0,378200
2025-06-04,93.0,94.0,88.0,90.0,904400
2025-06-05,90.0,91.0,88.0,88.0,326900
2025-06-06,88.0,89.0,85.0,86.0,456700
2025-06-09,86.0,86.0,82.0,84.0,534800
2025-06-10,84.0,88.0,84.0,86.0,229300
2025-06-11,87.0,87.0,84.0,86.0,335000
2025-06-12,86.0,87.0,84.0,85.0,336500
2025-06-13,87.0,87.0,82.0,83.0,388300
2025-06-16,84.0,86.0,83.0,85.0,251500
2025-06-17,86.0,90.0,85.0,90.0,522200
2025-06-18,89.0,89.0,85.0,86.0,566200
2025-06-19,87.0,89.0,85.0,88.0,409600
2025-06-20,89.0,89.0,83.0,84.0,626500
2025-06-23,83.0,85.0,83.0,84.0,148100
2025-06-24,85.0,85.0,83.0,84.0,277500
2025-06-25,84.0,84.0,82.0,82.0,359600
2025-06-26,83.0,84.0,82.0,84.0,362100
2025-06-27,84.0,85.0,83.0,84.0,189000
2025-06-30,84.0,92.0,84.0,87.0,2110000
2025-07-01,89.0,91.0,85.0,85.0,1055100
2025-07-02,85.0,86.0,82.0,84.0,516700
2025-07-03,84.0,85.0,82.0,84.0,282100
2025-07-04,84.0,86.0,84.0,84.0,193900
2025-07-07,84.0,89.0,84.0,88.0,508700
2025-07-08,87.0,91.0,86.0,91.0,278700
2025-07-09,91.0,98.0,88.0,96.0,1555100
2025-07-10,97.0,97.0,91.0,93.0,757300
2025-07-11,92.0,97.0,92.0,96.0,732800
2025-07-14,96.0,96.0,90.0,90.0,508400
2025-07-15,91.0,94.0,88.0,89.0,504600
2025-07-16,88.0,90.0,88.0,89.0,211300
2025-07-17,90.0,90.0,87.0,89.0,313700
2025-07-18,90.0,90.0,87.0,88.0,346400
2025-07-22,87.0,88.0,86.0,86.0,60800
2025-07-23,87.0,89.0,87.0,89.0,174400
2025-07-24,89.0,90.0,87.0,87.0,133400
2025-07-25,87.0,88.0,86.0,86.0,126300
2025-07-28,87.0,88.0,86.0,88.0,178300
2025-07-29,88.0,88.0,86.0,87.0,126300
2025-07-30,87.0,89.0,87.0,89.0,267500
2025-07-31,90.0,90.0,86.0,88.0,133100
2025-08-01,87.0,88.0,86.0,87.0,81500
2025-08-04,86.0,86.0,84.0,86.0,211600
2025-08-05,86.0,89.0,86.0,88.0,240700
2025-08-06,88.0,89.0,88.0,88.0,73200
2025-08-07,88.0,90.0,87.0,90.0,70400
2025-08-08,90.0,92.0,88.0,89.0,225400
2025-08-12,89.0,93.0,89.0,93.0,307200
2025-08-13,94.0,98.0,92.0,93.0,1103900
2025-08-14,94.0,94.0,90.0,91.0,335400
2025-08-15,94.0,103.0,94.0,100.0,4030600
2025-08-18,100.0,114.0,98.0,110.0,3844700
2025-08-19,109.0,110.0,101.0,103.0,2464100
2025-08-20,106.0,116.0,99.0,115.0,4752800
2025-08-21,114.0,120.0,109.0,111.0,3235100
2025-08-22,111.0,111.0,104.0,105.0,1361600
2025-08-25,103.0,107.0,100.0,104.0,1266200
2025-08-26,104.0,114.0,100.0,107.0,2192600
2025-08-27,106.0,106.0,102.0,103.0,574500
2025-08-28,102.0,103.0,100.0,102.0,322500
2025-08-29,102.0,105.0,101.0,103.0,290100
2025-09-01,103.0,103.0,101.0,101.0,303300
2025-09-02,102.0,107.0,102.0,105.0,616000
2025-09-03,106.0,106.0,101.0,102.0,332000
2025-09-04,102.0,103.0,101.0,102.0,134300
2025-09-05,101.0,103.0,101.0,102.0,114800
2025-09-08,104.0,104.0,102.0,102.0,208300
2025-09-09,103.0,104.0,100.0,100.0,344800
2025-09-10,101.0,101.0,95.0,97.0,750700
2025-09-11,97.0,101.0,97.0,100.0,274500
2025-09-12,100.0,101.0,96.0,97.0,232600
2025-09-16,98.0,98.0,95.0,97.0,145600
2025-09-17,97.0,100.0,97.0,98.0,117900
2025-09-18,100.0,100.0,96.0,96.0,114000
2025-09-19,96.0,99.0,96.0,98.0,283300
2025-09-22,98.0,100.0,97.0,100.0,88900
2025-09-24,100.0,100.0,88.0,91.0,1788800
2025-09-25,93.0,94.0,92.0,92.0,208600
2025-09-26,93.0,93.0,90.0,92.0,185900
2025-09-29,91.0,94.0,91.0,93.0,287300
2025-09-30,92.0,92.0,90.0,92.0,172800
2025-10-01,91.0,91.0,89.0,90.0,139500
2025-10-02,89.0,90.0,86.0,88.0,190900
2025-10-03,88.0,91.0,87.0,88.0,122900
2025-10-06,90.0,91.0,89.0,91.0,164200
2025-10-07,90.0,92.0,90.0,91.0,104200
2025-10-08,92.0,92.0,90.0,92.0,31100
2025-10-09,93.0,93.0,90.0,91.0,180300
2025-10-10,91.0,92.0,90.0,91.0,76100
2025-10-14,89.0,90.0,85.0,86.0,193100
2025-10-15,87.0,90.0,87.0,89.0,74600
2025-10-16,90.0,90.0,89.0,89.0,3800
2025-10-17,89.0,89.0,87.0,89.0,155200
2025-10-20,87.0,90.0,87.0,89.0,258700
2025-10-21,89.0,90.0,89.0,89.0,176600
2025-10-22,90.0,94.0,89.0,92.0,381700
2025-10-23,92.0,93.0,91.0,92.0,92600
2025-10-24,91.0,93.0,91.0,92.0,45200
2025-10-27,92.0,93.0,90.0,90.0,161900
2025-10-28,90.0,91.0,90.0,90.0,20000
2025-10-29,90.0,91.0,87.0,87.0,170400
2025-10-30,87.0,89.0,87.0,88.0,74400
2025-10-31,89.0,90.0,89.0,90.0,95400
2025-11-04,89.0,90.0,89.0,90.0,168700
2025-11-05,90.0,90.0,86.0,89.0,277000
2025-11-06,89.0,90.0,88.0,89.0,73300
2025-11-07,89.0,89.0,88.0,88.0,60100
2025-11-10,89.0,92.0,89.0,91.0,237700
2025-11-11,91.0,92.0,91.0,91.0,120900
2025-11-12,91.0,92.0,91.0,92.0,12300
2025-11-13,92.0,93.0,91.0,92.0,81600
2025-11-14,92.0,93.0,91.0,91.0,59700
2025-11-17,95.0,99.0,87.0,89.0,804700
2025-11-18,88.0,91.0,86.0,86.0,289800
2025-11-19,85.0,87.0,83.0,84.0,574100
2025-11-20,85.0,86.0,84.0,84.0,84300
2025-11-21,84.0,85.0,83.0,84.0,89100
2025-11-25,84.0,86.0,83.0,84.0,124800
2025-11-26,84.0,86.0,84.0,85.0,30900
2025-11-27,86.0,88.0,85.0,86.0,126400
2025-11-28,87.0,89.0,87.0,88.0,99000
2025-12-01,89.0,90.0,87.0,88.0,187300
2025-12-02,88.0,88.0,87.0,87.0,53500
2025-12-03,87.0,87.0,85.0,86.0,115900
2025-12-04,86.0,86.0,84.0,85.0,38200
2025-12-05,84.0,85.0,84.0,85.0,30900
2025-12-08,84.0,85.0,83.0,83.0,45800
2025-12-09,83.0,86.0,83.0,85.0,92300
2025-12-10,84.0,85.0,83.0,84.0,63900
2025-12-11,84.0,84.0,83.0,83.0,52800
2025-12-12,83.0,85.0,83.0,85.0,30400
2025-12-15,85.0,85.0,83.0,83.0,82900
2025-12-16,84.0,84.0,83.0,84.0,79500
2025-12-17,84.0,84.0,83.0,83.0,283700
2025-12-18,83.0,85.0,83.0,84.0,119900
2025-12-19,85.0,86.0,84.0,86.0,44500
2025-12-22,87.0,88.0,86.0,88.0,66800
2025-12-23,87.0,90.0,87.0,89.0,189500
2025-12-24,89.0,90.0,87.0,87.0,228400
2025-12-25,87.0,88.0,86.0,87.0,41200
2025-12-26,86.0,88.0,86.0,86.0,111800
2025-12-29,87.0,88.0,86.0,87.0,36000
2025-12-30,89.0,95.0,88.0,91.0,687900
2026-01-05,121.0,121.0,121.0,121.0,1398900
2026-01-06,151.0,171.0,148.0,171.0,10653000
2026-01-07,189.0,192.0,151.0,169.0,16557200
2026-01-08,159.0,180.0,137.0,144.0,9462300
2026-01-09,147.0,149.0,132.0,134.0,2374500
2026-01-13,144.0,183.0,136.0,183.0,20909200
2026-01-14,183.0,186.0,167.0,180.0,9038200
2026-01-15,208.0,230.0,206.0,230.0,16957700
2026-01-16,310.0,310.0,256.0,310.0,9201000
2026-01-19,358.0,390.0,348.0,390.0,3621200
2026-01-20,392.0,399.0,310.0,310.0,4358000
2026-01-21,238.0,267.0,230.0,256.0,8789700
2026-01-22,258.0,323.0,258.0,302.0,11943900
2026-01-23,310.0,339.0,299.0,307.0,4580900
2026-01-26,311.0,318.0,302.0,302.0,1152300
2026-01-27,302.0,304.0,287.0,294.0,873900
2026-01-28,293.0,308.0,276.0,295.0,898500
2026-01-29,295.0,326.0,284.0,302.0,1477500
2026-01-30,302.0,319.0,295.0,296.0,1161300
2026-02-02,302.0,370.0,302.0,331.0,5874800
2026-02-03,346.0,360.0,319.0,335.0,1554800
2026-02-04,350.0,415.0,345.0,415.0,5584600
2026-02-05,445.0,495.0,431.0,495.0,4805000
2026-02-06,573.0,575.0,513.0,575.0,7648700
2026-02-09,675.0,675.0,675.0,675.0,680900
2026-02-10,705.0,775.0,705.0,775.0,2107300
2026-02-12,925.0,925.0,925.0,925.0,799900
2026-02-13,940.0,940.0,775.0,775.0,707700
2026-02-16,625.0,625.0,625.0,625.0,150100
2026-02-17,525.0,525.0,525.0,525.0,138900
2026-02-18,447.0,471.0,409.0,436.0,11505000
2026-02-19,412.0,413.0,356.0,378.0,5746800
2026-02-20,364.0,399.0,351.0,368.0,3374800
2026-02-24,392.0,410.0,333.0,386.0,3546600
2026-02-25,390.0,466.0,356.0,466.0,5522200
2026-02-26,468.0,522.0,421.0,432.0,7953000
2026-02-27,459.0,459.0,427.0,430.0,1796100
2026-03-02,425.0,426.0,402.0,420.0,1272900
2026-03-03,420.0,433.0,387.0,387.0,959500
2026-03-04,377.0,388.0,361.0,375.0,1018500
2026-03-05,405.0,427.0,395.0,415.0,1538800
2026-03-06,415.0,415.0,401.0,401.0,482400
2026-03-09,401.0,426.0,389.0,403.0,1264300
2026-03-10,419.0,483.0,417.0,483.0,4058200
2026-03-11,483.0,483.0,440.0,440.0,2820200
2026-03-12,441.0,441.0,415.0,425.0,892900
2026-03-13,424.0,439.0,417.0,418.0,699200
2026-03-16,434.0,450.0,423.0,433.0,913900
2026-03-17,440.0,440.0,411.0,412.0,960500
2026-03-18,419.0,466.0,413.0,460.0,2225500
2026-03-19,440.0,454.0,428.0,431.0,664300
2026-03-23,425.0,425.0,407.0,410.0,522900
2026-03-24,435.0,439.0,411.0,426.0,577400
2026-03-25,434.0,459.0,433.0,442.0,603400
2026-03-26,450.0,452.0,410.0,415.0,585000
2026-03-27,413.0,422.0,408.0,420.0,311900
2026-03-30,405.0,412.0,401.0,410.0,437600
2026-03-31,402.0,411.0,399.0,400.0,405800
2026-04-01,410.0,413.0,396.0,398.0,520400
2026-04-02,401.0,407.0,379.0,380.0,418300
2026-04-03,382.0,399.0,379.0,379.0,259600
2026-04-06,394.0,398.0,384.0,386.0,247600
2026-04-07,390.0,393.0,356.0,363.0,485700
2026-04-08,371.0,392.0,367.0,391.0,498300
2026-04-09,395.0,398.0,380.0,384.0,245500
2026-04-10,387.0,393.0,378.0,385.0,260800
2026-04-13,386.0,393.0,379.0,387.0,200800
2026-04-14,387.0,389.0,374.0,386.0,274100
2026-04-15,390.0,405.0,374.0,378.0,584900
2026-04-16,386.0,407.0,385.0,397.0,814800
2026-04-17,404.0,404.0,381.0,387.0,337900
2026-04-20,403.0,423.0,401.0,421.0,1337600
2026-04-21,424.0,425.0,396.0,403.0,751100
2026-04-22,399.0,400.0,391.0,396.0,240600
2026-04-23,399.0,407.0,393.0,397.0,413200
2026-04-24,397.0,402.0,390.0,390.0,273400
2026-04-27,396.0,410.0,394.0,400.0,508700
2026-04-28,402.0,411.0,397.0,404.0,335400
2026-04-30,404.0,418.0,401.0,405.0,445400
2026-05-01,408.0,412.0,395.0,397.0,314500
2026-05-07,413.0,433.0,410.0,414.0,789400
2026-05-08,414.0,414.0,402.0,403.0,292700
2026-05-11,420.0,423.0,403.0,405.0,358600
2026-05-12,407.0,408.0,391.0,395.0,401600
2026-05-13,395.0,398.0,392.0,392.0,187200
2026-05-14,395.0,396.0,390.0,392.0,184800
2026-05-15,424.0,455.0,406.0,410.0,2112100
2026-05-18,381.0,381.0,349.0,355.0,955100
2026-05-19,363.0,389.0,363.0,383.0,496300
2026-05-20,388.0,388.0,356.0,360.0,331900
2026-05-21,366.0,366.0,345.0,345.0,359700
2026-05-22,349.0,372.0,349.0,361.0,317800
2026-05-25,380.0,395.0,365.0,368.0,485200
2026-05-26,368.0,374.0,364.0,364.0,131300
2026-05-27,368.0,368.0,349.0,353.0,189400
2026-05-28,353.0,354.0,345.0,349.0,134200
2026-05-29,350.0,355.0,345.0,345.0,159700
2026-06-01,346.0,349.0,341.0,341.0,142100
2026-06-02,339.0,339.0,320.0,325.0,258800
2026-06-03,326.0,328.0,314.0,322.0,259800
2026-06-04,320.0,320.0,310.0,315.0,172800
2026-06-05,315.0,333.0,315.0,325.0,186100
2026-06-08,320.0,322.0,304.0,310.0,210800
2026-06-09,311.0,318.0,304.0,306.0,157100
2026-06-10,306.0,307.0,293.0,300.0,236100
2026-06-11,299.0,299.0,280.0,285.0,189300
2026-06-12,288.0,363.0,288.0,330.0,3148600
2026-06-15,330.0,334.0,313.0,316.0,355900
2026-06-16,316.0,323.0,312.0,320.0,216300
2026-06-17,328.0,335.0,316.0,322.0,218900
2026-06-18,325.0,328.0,315.0,318.0,121800
2026-06-19,318.0,323.0,312.0,314.0,104500
2026-06-22,320.0,344.0,320.0,340.0,389500
2026-06-23,341.0,341.0,315.0,315.0,237500
2026-06-24,315.0,329.0,315.0,322.0,118300
2026-06-25,326.0,326.0,316.0,318.0,155700
2026-06-26,317.0,323.0,315.0,317.0,108500
2026-06-29,320.0,321.0,311.0,316.0,148300
2026-06-30,319.0,319.0,313.0,316.0,55600
2026-07-01,316.0,319.0,308.0,310.0,124800
2026-07-02,310.0,311.0,305.0,308.0,99700
2026-07-03,308.0,312.0,305.0,309.0,106000
2026-07-06,309.0,316.0,308.0,311.0,224400
2026-07-07,314.0,314.0,305.0,306.0,101000
2026-07-08,306.0,306.0,302.0,302.0,98400
2026-07-09,302.0,303.0,296.0,297.0,117400
2026-07-10,297.0,299.0,293.0,296.0,104100
2026-07-13,296.0,297.0,288.0,290.0,146300
2026-07-14,289.0,290.0,283.0,287.0,119900
2026-07-15,287.0,293.0,287.0,291.0,95800
2026-07-16,292.0,294.0,288.0,288.0,83900
2026-07-17,282.0,288.0,273.0,274.0,138500
2026-07-21,275.0,286.0,275.0,282.0,77700
2026-07-22,286.0,292.0,286.0,287.0,90400
2026-07-23,287.0,292.0,287.0,291.0,73100
2026-07-24,291.0,291.0,282.0,282.0,48100
2026-07-27,287.0,287.0,280.0,287.0,57900
2026-07-28,287.0,287.0,278.0,279.0,72900
2026-07-29,279.0,279.0,268.0,270.0,129600
2026-07-30,269.0,315.0,268.0,279.0,769900
2026-07-31,282.0,285.0,275.0,282.0,113700
2026-08-03,283.0,294.0,280.0,289.0,103700
2026-08-04,289.0,294.0,284.0,294.0,86800
2026-08-05,294.0,306.0,294.0,305.0,254100
2026-08-06,304.0,304.0,295.0,299.0,96700
2026-08-07,302.0,310.0,296.0,301.0,153800
2026-08-10,301.0,304.0,295.0,301.0,158100
2026-08-12,302.0,308.0,300.0,307.0,146100
2026-08-13,307.0,309.0,304.0,306.0,76300
2026-08-14,306.0,308.0,303.0,305.0,101800
2026-08-17,306.0,309.0,303.0,308.0,178600
2026-08-18,307.0,307.0,300.0,301.0,183500
2026-08-19,297.0,302.0,294.0,297.0,210200
2026-08-20,296.0,301.0,295.0,296.0,136900
2026-08-21,294.0,297.0,290.0,293.0,104900
2026-08-24,293.0,295.0,275.0,284.0,381900
2026-08-25,284.0,284.0,279.0,280.0,121700
2026-08-26,278.0,280.0,277.0,277.0,126100
2026-08-27,277.0,279.0,275.0,279.0,117500
2026-08-28,279.0,279.0,277.0,277.0,81100
2026-08-31,277.0,281.0,273.0,279.0,175700
2026-09-01,279.0,280.0,273.0,274.0,108700
2026-09-02,275.0,276.0,269.0,269.0,181400
2026-09-03,269.0,269.0,265.0,266.0,105000
2026-09-04,265.0,270.0,264.0,266.0,91700
2026-09-07,266.0,267.0,263.0,265.0,78900
2026-09-08,265.0,271.0,264.0,264.0,146200
2026-09-09,265.0,267.0,263.0,264.0,74800
2026-09-10,264.0,265.0,260.0,260.0,124500
2026-09-11,260.0,261.0,254.0,254.0,95000
2026-09-14,254.0,255.0,247.0,248.0,126100
2026-09-15,247.0,251.0,247.0,249.0,71800
2026-09-16,248.0,253.0,247.0,250.0,98000
2026-09-17,250.0,277.0,250.0,260.0,615900
2026-09-18,260.0,263.0,256.0,260.0,132400
2026-09-24,260.0,262.0,246.0,257.0,335200
2026-09-25,258.0,261.0,257.0,259.0,58400
2026-09-28,262.0,262.0,259.0,260.0,54800
2026-09-29,260.0,261.0,257.0,259.0,64500
2026-09-30,257.0,262.0,255.0,262.0,68700
2026-10-01,260.0,262.0,258.0,259.0,82500
2026-10-02,258.0,259.0,253.0,253.0,81500
2026-10-05,254.0,254.0,248.0,250.0,69700
2026-10-06,250.0,257.0,250.0,252.0,68300
2026-10-07,252.0,253.0,248.0,248.0,86700
2026-10-08,250.0,250.0,223.0,237.0,355000
2026-10-09,233.0,240.0,233.0,236.0,71200
