Date,Open,High,Low,Close,Volume
2012-10-01,630.0,640.0,620.0,620.0,1200
2012-10-02,630.0,640.0,630.0,640.0,700
2012-10-03,630.0,640.0,630.0,640.0,300
2012-10-04,640.0,640.0,620.0,640.0,1300
2012-10-05,640.0,650.0,640.0,650.0,300
2012-10-09,650.0,670.0,630.0,640.0,2000
2012-10-10,650.0,680.0,650.0,680.0,7700
2012-10-11,630.0,630.0,620.0,620.0,6000
2012-10-12,630.0,630.0,600.0,600.0,5300
2012-10-15,610.0,610.0,610.0,610.0,400
2012-10-16,610.0,620.0,610.0,620.0,1600
2012-10-17,620.0,620.0,610.0,610.0,500
2012-10-18,620.0,620.0,620.0,620.0,600
2012-10-19,620.0,620.0,620.0,620.0,200
2012-10-22,630.0,640.0,630.0,640.0,2600
2012-10-23,650.0,650.0,650.0,650.0,2100
2012-10-24,650.0,660.0,650.0,660.0,1000
2012-10-25,670.0,680.0,660.0,670.0,2000
2012-10-26,670.0,670.0,670.0,670.0,4200
2012-10-29,670.0,680.0,670.0,680.0,2900
2012-10-30,690.0,690.0,680.0,680.0,1000
2012-10-31,680.0,680.0,670.0,670.0,2900
2012-11-01,680.0,680.0,660.0,660.0,500
2012-11-02,680.0,680.0,680.0,680.0,300
2012-11-05,680.0,680.0,680.0,680.0,200
2012-11-06,670.0,690.0,670.0,690.0,900
2012-11-07,680.0,690.0,660.0,690.0,2300
2012-11-08,640.0,660.0,640.0,660.0,3300
2012-11-09,640.0,670.0,640.0,670.0,1300
2012-11-12,660.0,660.0,650.0,660.0,400
2012-11-13,660.0,660.0,660.0,660.0,500
2012-11-14,660.0,660.0,660.0,660.0,500
2012-11-15,660.0,660.0,660.0,660.0,500
2012-11-16,660.0,660.0,660.0,660.0,500
2012-11-19,660.0,660.0,650.0,650.0,800
2012-11-20,650.0,650.0,650.0,650.0,800
2012-11-21,660.0,680.0,660.0,680.0,1800
2012-11-22,680.0,680.0,680.0,680.0,2500
2012-11-26,680.0,680.0,680.0,680.0,2100
2012-11-27,680.0,680.0,680.0,680.0,600
2012-11-28,680.0,680.0,640.0,660.0,9200
2012-11-29,660.0,660.0,650.0,650.0,1300
2012-11-30,660.0,660.0,650.0,650.0,2300
2012-12-03,660.0,670.0,660.0,660.0,400
2012-12-04,670.0,670.0,660.0,660.0,600
2012-12-05,650.0,660.0,650.0,650.0,1000
2012-12-06,660.0,660.0,660.0,660.0,900
2012-12-07,670.0,670.0,670.0,670.0,700
2012-12-10,670.0,680.0,670.0,670.0,1900
2012-12-11,670.0,670.0,670.0,670.0,1900
2012-12-12,660.0,670.0,660.0,670.0,2200
2012-12-13,670.0,680.0,670.0,680.0,3700
2012-12-14,680.0,690.0,670.0,680.0,5200
2012-12-17,680.0,680.0,670.0,670.0,900
2012-12-18,680.0,690.0,680.0,680.0,4400
2012-12-19,680.0,700.0,680.0,700.0,5700
2012-12-20,700.0,700.0,680.0,700.0,3800
2012-12-21,710.0,720.0,710.0,710.0,5400
2012-12-25,720.0,740.0,710.0,710.0,2300
2012-12-26,720.0,720.0,720.0,720.0,1100
2012-12-27,730.0,730.0,720.0,730.0,2600
2012-12-28,730.0,740.0,730.0,730.0,3200
2013-01-04,740.0,740.0,720.0,740.0,2300
2013-01-07,740.0,760.0,740.0,750.0,3500
2013-01-08,760.0,780.0,750.0,780.0,3300
2013-01-09,770.0,780.0,760.0,780.0,3600
2013-01-10,780.0,810.0,780.0,800.0,12800
2013-01-11,800.0,810.0,790.0,810.0,1500
2013-01-15,810.0,810.0,770.0,800.0,2300
2013-01-16,810.0,860.0,800.0,800.0,12000
2013-01-17,810.0,830.0,800.0,800.0,4600
2013-01-18,870.0,1030.0,860.0,890.0,139000
2013-01-21,890.0,920.0,860.0,880.0,25000
2013-01-22,890.0,890.0,860.0,890.0,10300
2013-01-23,890.0,920.0,880.0,900.0,9400
2013-01-24,900.0,900.0,870.0,870.0,2900
2013-01-25,890.0,890.0,870.0,890.0,7200
2013-01-28,890.0,890.0,870.0,890.0,4000
2013-01-29,880.0,890.0,830.0,880.0,7800
2013-01-30,860.0,880.0,860.0,880.0,2800
2013-01-31,880.0,880.0,860.0,860.0,2700
2013-02-01,860.0,890.0,860.0,880.0,1400
2013-02-04,880.0,890.0,870.0,890.0,1500
2013-02-05,890.0,910.0,890.0,910.0,4000
2013-02-06,910.0,920.0,890.0,910.0,5000
2013-02-07,900.0,900.0,900.0,900.0,1100
2013-02-08,890.0,890.0,870.0,890.0,2100
2013-02-12,890.0,900.0,890.0,900.0,1000
2013-02-13,880.0,880.0,850.0,870.0,3400
2013-02-14,850.0,870.0,830.0,870.0,3300
2013-02-15,850.0,860.0,820.0,860.0,3900
2013-02-18,830.0,830.0,830.0,830.0,1300
2013-02-19,820.0,840.0,820.0,830.0,1000
2013-02-20,840.0,870.0,840.0,860.0,2200
2013-02-21,870.0,870.0,860.0,860.0,2200
2013-02-22,860.0,870.0,860.0,870.0,200
2013-02-25,890.0,890.0,880.0,890.0,2600
2013-02-26,890.0,890.0,880.0,880.0,2500
2013-02-27,880.0,880.0,850.0,860.0,800
2013-02-28,870.0,880.0,870.0,870.0,400
2013-03-01,850.0,870.0,850.0,870.0,500
2013-03-04,850.0,880.0,850.0,880.0,2300
2013-03-05,870.0,870.0,870.0,870.0,400
2013-03-06,890.0,900.0,850.0,850.0,4800
2013-03-07,840.0,850.0,830.0,830.0,9800
2013-03-08,840.0,850.0,840.0,850.0,3200
2013-03-11,850.0,870.0,850.0,860.0,1800
2013-03-12,860.0,860.0,860.0,860.0,1300
2013-03-13,850.0,850.0,840.0,850.0,2500
2013-03-14,840.0,860.0,840.0,860.0,400
2013-03-15,850.0,870.0,850.0,850.0,1400
2013-03-18,850.0,860.0,840.0,850.0,2200
2013-03-19,860.0,880.0,840.0,860.0,7500
2013-03-21,860.0,860.0,850.0,860.0,3600
2013-03-22,860.0,860.0,850.0,860.0,1400
2013-03-25,870.0,870.0,830.0,860.0,9800
2013-03-26,860.0,880.0,860.0,880.0,8100
2013-03-27,890.0,910.0,870.0,910.0,4500
2013-03-28,900.0,920.0,880.0,910.0,3500
2013-03-29,910.0,940.0,900.0,910.0,10500
2013-04-01,910.0,930.0,880.0,880.0,4200
2013-04-02,860.0,880.0,810.0,860.0,7300
2013-04-03,870.0,880.0,850.0,860.0,1400
2013-04-04,860.0,860.0,840.0,860.0,1800
2013-04-05,860.0,910.0,860.0,890.0,1800
2013-04-08,910.0,920.0,880.0,900.0,6200
2013-04-09,920.0,930.0,890.0,910.0,7400
2013-04-10,910.0,980.0,900.0,970.0,10400
2013-04-11,1000.0,1020.0,960.0,960.0,17000
2013-04-12,960.0,970.0,930.0,950.0,4900
2013-04-15,930.0,930.0,920.0,930.0,1500
2013-04-16,930.0,960.0,910.0,960.0,4300
2013-04-17,970.0,980.0,960.0,960.0,3000
2013-04-18,970.0,980.0,950.0,960.0,6600
2013-04-19,970.0,970.0,950.0,970.0,4200
2013-04-22,970.0,980.0,960.0,980.0,4500
2013-04-23,970.0,970.0,950.0,960.0,4800
2013-04-24,970.0,980.0,950.0,970.0,4500
2013-04-25,970.0,970.0,950.0,960.0,3900
2013-04-26,960.0,970.0,950.0,960.0,3300
2013-04-30,950.0,1000.0,950.0,980.0,4400
2013-05-01,1000.0,1000.0,970.0,1000.0,3900
2013-05-02,960.0,990.0,960.0,970.0,1500
2013-05-07,980.0,990.0,980.0,990.0,2400
2013-05-08,1000.0,1030.0,990.0,990.0,7200
2013-05-09,1000.0,1000.0,980.0,1000.0,5000
2013-05-10,1000.0,1030.0,990.0,1000.0,4800
2013-05-13,1000.0,1010.0,990.0,1000.0,2700
2013-05-14,990.0,1040.0,990.0,1020.0,3200
2013-05-15,1020.0,1050.0,980.0,990.0,7300
2013-05-16,990.0,990.0,870.0,900.0,14000
2013-05-17,910.0,920.0,880.0,900.0,6500
2013-05-20,940.0,970.0,930.0,970.0,4800
2013-05-21,970.0,970.0,940.0,950.0,3500
2013-05-22,960.0,960.0,930.0,930.0,1900
2013-05-23,940.0,940.0,860.0,900.0,10600
2013-05-24,890.0,910.0,880.0,900.0,7800
2013-05-27,900.0,950.0,900.0,900.0,4300
2013-05-28,890.0,890.0,890.0,890.0,200
2013-05-29,900.0,910.0,890.0,910.0,600
2013-05-30,900.0,910.0,860.0,870.0,2400
2013-05-31,900.0,900.0,890.0,890.0,1200
2013-06-03,890.0,890.0,880.0,880.0,500
2013-06-04,850.0,870.0,850.0,870.0,600
2013-06-05,870.0,870.0,870.0,870.0,600
2013-06-06,840.0,850.0,800.0,810.0,3600
2013-06-07,770.0,800.0,750.0,760.0,2300
2013-06-10,790.0,810.0,780.0,790.0,3600
2013-06-11,790.0,800.0,790.0,800.0,1100
2013-06-12,790.0,790.0,780.0,790.0,900
2013-06-13,770.0,790.0,770.0,790.0,2600
2013-06-14,790.0,790.0,790.0,790.0,100
2013-06-17,790.0,820.0,790.0,810.0,1000
2013-06-18,820.0,820.0,790.0,800.0,1900
2013-06-19,800.0,810.0,800.0,810.0,500
2013-06-20,820.0,820.0,810.0,810.0,300
2013-06-21,820.0,820.0,820.0,820.0,500
2013-06-24,840.0,840.0,830.0,830.0,900
2013-06-25,830.0,830.0,810.0,810.0,2100
2013-06-26,820.0,820.0,810.0,810.0,3400
2013-06-27,810.0,810.0,760.0,790.0,3300
2013-06-28,810.0,810.0,810.0,810.0,100
2013-07-01,820.0,820.0,820.0,820.0,200
2013-07-02,820.0,820.0,820.0,820.0,100
2013-07-03,840.0,850.0,840.0,850.0,200
2013-07-04,820.0,830.0,820.0,830.0,500
2013-07-05,840.0,850.0,830.0,850.0,1100
2013-07-08,860.0,880.0,860.0,870.0,900
2013-07-09,900.0,920.0,900.0,920.0,3400
2013-07-10,920.0,920.0,870.0,900.0,4300
2013-07-11,910.0,910.0,910.0,910.0,400
2013-07-12,900.0,900.0,880.0,900.0,500
2013-07-16,910.0,910.0,910.0,910.0,200
2013-07-17,890.0,890.0,890.0,890.0,100
2013-07-18,890.0,890.0,890.0,890.0,100
2013-07-19,890.0,890.0,890.0,890.0,400
2013-07-22,900.0,900.0,890.0,890.0,2500
2013-07-23,890.0,890.0,880.0,880.0,200
2013-07-24,900.0,910.0,890.0,900.0,1100
2013-07-25,900.0,900.0,900.0,900.0,0
2013-07-26,900.0,900.0,890.0,900.0,2400
2013-07-29,880.0,880.0,870.0,870.0,2500
2013-07-30,870.0,870.0,870.0,870.0,300
2013-07-31,880.0,880.0,860.0,880.0,400
2013-08-01,860.0,870.0,850.0,860.0,1600
2013-08-02,880.0,880.0,880.0,880.0,100
2013-08-05,870.0,870.0,850.0,850.0,600
2013-08-06,860.0,880.0,860.0,880.0,500
2013-08-07,880.0,880.0,880.0,880.0,0
2013-08-08,860.0,860.0,860.0,860.0,100
2013-08-09,870.0,870.0,850.0,870.0,500
2013-08-12,880.0,880.0,850.0,870.0,700
2013-08-13,870.0,870.0,870.0,870.0,0
2013-08-14,850.0,860.0,850.0,860.0,400
2013-08-15,850.0,860.0,850.0,860.0,700
2013-08-16,860.0,860.0,860.0,860.0,0
2013-08-19,860.0,860.0,860.0,860.0,300
2013-08-20,860.0,860.0,860.0,860.0,100
2013-08-21,870.0,880.0,870.0,880.0,400
2013-08-22,880.0,880.0,880.0,880.0,1400
2013-08-23,870.0,900.0,870.0,900.0,1400
2013-08-26,900.0,900.0,900.0,900.0,1800
2013-08-27,900.0,900.0,900.0,900.0,100
2013-08-28,870.0,870.0,830.0,860.0,1900
2013-08-29,900.0,900.0,900.0,900.0,400
2013-08-30,870.0,870.0,870.0,870.0,400
2013-09-02,860.0,880.0,860.0,880.0,400
2013-09-03,860.0,860.0,860.0,860.0,200
2013-09-04,880.0,880.0,880.0,880.0,100
2013-09-05,880.0,880.0,880.0,880.0,0
2013-09-06,860.0,860.0,850.0,850.0,400
2013-09-09,860.0,870.0,860.0,870.0,200
2013-09-10,870.0,880.0,870.0,880.0,700
2013-09-11,870.0,900.0,870.0,900.0,2200
2013-09-12,900.0,910.0,900.0,900.0,6300
2013-09-13,890.0,900.0,890.0,900.0,200
2013-09-17,910.0,930.0,910.0,930.0,3900
2013-09-18,930.0,930.0,930.0,930.0,200
2013-09-19,930.0,930.0,910.0,920.0,1200
2013-09-20,920.0,940.0,920.0,940.0,1200
2013-09-24,940.0,940.0,920.0,940.0,1800
2013-09-25,940.0,1100.0,930.0,930.0,17500
2013-09-26,960.0,1090.0,960.0,1010.0,18100
2013-09-27,1020.0,1020.0,950.0,950.0,6000
2013-09-30,950.0,990.0,950.0,980.0,2500
2013-10-01,1030.0,1030.0,970.0,970.0,1900
2013-10-02,1010.0,1010.0,940.0,970.0,3900
2013-10-03,960.0,990.0,960.0,990.0,1400
2013-10-04,990.0,1000.0,980.0,1000.0,400
2013-10-07,1010.0,1010.0,980.0,980.0,500
2013-10-08,970.0,1000.0,960.0,1000.0,900
2013-10-09,1000.0,1090.0,990.0,1060.0,19500
2013-10-10,1070.0,1070.0,980.0,990.0,22000
2013-10-11,1010.0,1010.0,980.0,980.0,9400
2013-10-15,980.0,990.0,980.0,980.0,2000
2013-10-16,990.0,1000.0,970.0,980.0,3600
2013-10-17,970.0,970.0,960.0,970.0,3800
2013-10-18,960.0,960.0,960.0,960.0,1400
2013-10-21,990.0,1020.0,980.0,1020.0,8200
2013-10-22,1000.0,1020.0,1000.0,1020.0,2900
2013-10-23,1020.0,1030.0,1010.0,1010.0,1200
2013-10-24,1000.0,1030.0,1000.0,1030.0,1500
2013-10-25,1020.0,1040.0,1010.0,1040.0,1900
2013-10-28,1040.0,1060.0,1030.0,1060.0,7000
2013-10-29,1060.0,1060.0,1060.0,1060.0,0
2013-10-30,1040.0,1130.0,1020.0,1040.0,12900
2013-10-31,1040.0,1040.0,1040.0,1040.0,0
2013-11-01,1020.0,1020.0,990.0,1000.0,2900
2013-11-05,1030.0,1070.0,1000.0,1010.0,3600
2013-11-06,1010.0,1020.0,1010.0,1010.0,1400
2013-11-07,1050.0,1500.0,1050.0,1270.0,370500
2013-11-08,1220.0,1240.0,1150.0,1220.0,38200
2013-11-11,1220.0,1220.0,1070.0,1100.0,30300
2013-11-12,1100.0,1100.0,1050.0,1080.0,14500
2013-11-13,1080.0,1080.0,1040.0,1050.0,10200
2013-11-14,1070.0,1070.0,1040.0,1070.0,9600
2013-11-15,1080.0,1080.0,1060.0,1070.0,4400
2013-11-18,1080.0,1100.0,1060.0,1080.0,5000
2013-11-19,1080.0,1180.0,1070.0,1100.0,23500
2013-11-20,1120.0,1120.0,1080.0,1100.0,8400
2013-11-21,1150.0,1520.0,1130.0,1350.0,543400
2013-11-22,1250.0,1310.0,1160.0,1160.0,70400
2013-11-25,1170.0,1330.0,1170.0,1240.0,62400
2013-11-26,1240.0,1240.0,1140.0,1200.0,17500
2013-11-27,1190.0,1210.0,1180.0,1190.0,3700
2013-11-28,1240.0,1250.0,1170.0,1190.0,12800
2013-11-29,1200.0,1200.0,1180.0,1180.0,6100
2013-12-02,1180.0,1180.0,1150.0,1160.0,6800
2013-12-03,1170.0,1190.0,1150.0,1190.0,11500
2013-12-04,1180.0,1180.0,1160.0,1180.0,7100
2013-12-05,1180.0,1180.0,1160.0,1160.0,4200
2013-12-06,1160.0,1160.0,1150.0,1160.0,5000
2013-12-09,1160.0,1230.0,1150.0,1160.0,8300
2013-12-10,1180.0,1240.0,1180.0,1220.0,20500
2013-12-11,1200.0,1220.0,1180.0,1210.0,13700
2013-12-12,1190.0,1190.0,1160.0,1170.0,6400
2013-12-13,1170.0,1170.0,1150.0,1170.0,16400
2013-12-16,1170.0,1180.0,1150.0,1150.0,5000
2013-12-17,1150.0,1150.0,1120.0,1120.0,6200
2013-12-18,1120.0,1150.0,1120.0,1130.0,3400
2013-12-19,1140.0,1140.0,1120.0,1120.0,3200
2013-12-20,1120.0,1120.0,1100.0,1100.0,3200
2013-12-24,1110.0,1130.0,1100.0,1100.0,4400
2013-12-25,1090.0,1090.0,1070.0,1090.0,6800
2013-12-26,1100.0,1130.0,1100.0,1120.0,4800
2013-12-27,1140.0,1190.0,1120.0,1150.0,3200
2013-12-30,1150.0,1150.0,1150.0,1150.0,2200
2014-01-06,1140.0,1160.0,1110.0,1160.0,3700
2014-01-07,1140.0,1150.0,1120.0,1140.0,4500
2014-01-08,1150.0,1180.0,1150.0,1170.0,4100
2014-01-09,1150.0,1300.0,1150.0,1290.0,35500
2014-01-10,1290.0,1310.0,1240.0,1250.0,16600
2014-01-14,1240.0,1300.0,1230.0,1300.0,12600
2014-01-15,1330.0,1370.0,1280.0,1330.0,22200
2014-01-16,1340.0,1370.0,1290.0,1370.0,16600
2014-01-17,1270.0,1300.0,1250.0,1280.0,30500
2014-01-20,1580.0,1780.0,1450.0,1780.0,177200
2014-01-21,1830.0,1880.0,1530.0,1530.0,238600
2014-01-22,1520.0,1570.0,1480.0,1490.0,40400
2014-01-23,1500.0,1500.0,1430.0,1430.0,27000
2014-01-24,1400.0,1420.0,1370.0,1390.0,12600
2014-01-27,1360.0,1370.0,1320.0,1330.0,11000
2014-01-28,1350.0,1380.0,1330.0,1360.0,5900
2014-01-29,1460.0,1460.0,1390.0,1410.0,6100
2014-01-30,1380.0,1380.0,1350.0,1360.0,5700
2014-01-31,1360.0,1360.0,1310.0,1320.0,7000
2014-02-03,1320.0,1320.0,1230.0,1230.0,8800
2014-02-04,1200.0,1200.0,1080.0,1150.0,11300
2014-02-05,1160.0,1230.0,1130.0,1170.0,4800
2014-02-06,1210.0,1230.0,1180.0,1230.0,1800
2014-02-07,1230.0,1250.0,1230.0,1240.0,1700
2014-02-10,1260.0,1260.0,1250.0,1260.0,3700
2014-02-12,1270.0,1270.0,1250.0,1270.0,2700
2014-02-13,1270.0,1270.0,1240.0,1240.0,2900
2014-02-14,1230.0,1230.0,1180.0,1180.0,5200
2014-02-17,1180.0,1200.0,1170.0,1180.0,1000
2014-02-18,1180.0,1220.0,1170.0,1220.0,800
2014-02-19,1190.0,1190.0,1190.0,1190.0,300
2014-02-20,1190.0,1190.0,1180.0,1180.0,1400
2014-02-21,1190.0,1210.0,1190.0,1190.0,700
2014-02-24,1190.0,1220.0,1190.0,1220.0,1200
2014-02-25,1230.0,1260.0,1230.0,1260.0,4700
2014-02-26,1260.0,1350.0,1250.0,1330.0,22500
2014-02-27,1330.0,1330.0,1290.0,1300.0,5800
2014-02-28,1300.0,1300.0,1280.0,1300.0,3800
2014-03-03,1350.0,1460.0,1270.0,1320.0,26000
2014-03-04,1330.0,1390.0,1290.0,1300.0,11400
2014-03-05,1320.0,1330.0,1300.0,1300.0,1300
2014-03-06,1290.0,1320.0,1270.0,1290.0,6200
2014-03-07,1290.0,1300.0,1290.0,1290.0,1700
2014-03-10,1290.0,1290.0,1280.0,1280.0,1200
2014-03-11,1280.0,1310.0,1280.0,1290.0,2000
2014-03-12,1280.0,1290.0,1270.0,1270.0,2100
2014-03-13,1270.0,1270.0,1270.0,1270.0,700
2014-03-14,1260.0,1270.0,1250.0,1270.0,2900
2014-03-17,1250.0,1250.0,1250.0,1250.0,300
2014-03-18,1240.0,1250.0,1240.0,1240.0,2700
2014-03-19,1250.0,1260.0,1240.0,1260.0,1700
2014-03-20,1260.0,1260.0,1220.0,1220.0,700
2014-03-24,1220.0,1230.0,1210.0,1230.0,1300
2014-03-25,1240.0,1250.0,1240.0,1250.0,1700
2014-03-26,1260.0,1260.0,1240.0,1240.0,2100
2014-03-27,1230.0,1240.0,1230.0,1240.0,200
2014-03-28,1240.0,1250.0,1240.0,1250.0,200
2014-03-31,1250.0,1290.0,1250.0,1290.0,1200
2014-04-01,1280.0,1300.0,1280.0,1300.0,1400
2014-04-02,1300.0,1350.0,1300.0,1340.0,3600
2014-04-03,1320.0,1330.0,1300.0,1310.0,500
2014-04-04,1320.0,1330.0,1300.0,1300.0,700
2014-04-07,1320.0,1320.0,1300.0,1300.0,900
2014-04-08,1300.0,1300.0,1290.0,1300.0,1800
2014-04-09,1280.0,1300.0,1270.0,1280.0,2900
2014-04-10,1280.0,1300.0,1270.0,1270.0,5800
2014-04-11,1250.0,1250.0,1250.0,1250.0,900
2014-04-14,1260.0,1260.0,1260.0,1260.0,200
2014-04-15,1260.0,1280.0,1260.0,1280.0,1700
2014-04-16,1300.0,1300.0,1290.0,1300.0,800
2014-04-17,1300.0,1300.0,1270.0,1280.0,1100
2014-04-18,1270.0,1270.0,1260.0,1270.0,500
2014-04-21,1280.0,1280.0,1270.0,1270.0,1200
2014-04-22,1260.0,1260.0,1250.0,1250.0,800
2014-04-23,1250.0,1250.0,1250.0,1250.0,300
2014-04-24,1230.0,1250.0,1210.0,1230.0,3200
2014-04-25,1240.0,1240.0,1240.0,1240.0,400
2014-04-28,1240.0,1240.0,1240.0,1240.0,1200
2014-04-30,1220.0,1220.0,1210.0,1210.0,300
2014-05-01,1190.0,1210.0,1170.0,1210.0,3100
2014-05-02,1210.0,1210.0,1210.0,1210.0,0
2014-05-07,1200.0,1230.0,1200.0,1230.0,500
2014-05-08,1200.0,1210.0,1200.0,1210.0,300
2014-05-09,1190.0,1210.0,1190.0,1200.0,1500
2014-05-12,1210.0,1210.0,1210.0,1210.0,500
2014-05-13,1180.0,1190.0,1180.0,1180.0,6100
2014-05-14,1150.0,1180.0,1150.0,1160.0,1800
2014-05-15,1140.0,1160.0,1140.0,1160.0,600
2014-05-16,1140.0,1150.0,1110.0,1120.0,2200
2014-05-19,1100.0,1150.0,1100.0,1100.0,900
2014-05-20,1110.0,1110.0,1110.0,1110.0,1700
2014-05-21,1110.0,1110.0,1100.0,1100.0,1300
2014-05-22,1100.0,1110.0,1100.0,1110.0,400
2014-05-23,1120.0,1190.0,1120.0,1190.0,1200
2014-05-26,1150.0,1180.0,1150.0,1180.0,6500
2014-05-27,1200.0,1210.0,1200.0,1210.0,900
2014-05-28,1240.0,1260.0,1230.0,1240.0,1400
2014-05-29,1250.0,1250.0,1240.0,1250.0,300
2014-05-30,1250.0,1250.0,1230.0,1230.0,1700
2014-06-02,1250.0,1290.0,1250.0,1290.0,2300
2014-06-03,1300.0,1300.0,1280.0,1280.0,2100
2014-06-04,1290.0,1290.0,1290.0,1290.0,100
2014-06-05,1290.0,1290.0,1220.0,1230.0,2000
2014-06-06,1230.0,1230.0,1230.0,1230.0,0
2014-06-09,1200.0,1210.0,1190.0,1200.0,1800
2014-06-10,1200.0,1200.0,1200.0,1200.0,200
2014-06-11,1200.0,1200.0,1200.0,1200.0,0
2014-06-12,1220.0,1220.0,1220.0,1220.0,100
2014-06-13,1230.0,1250.0,1230.0,1250.0,700
2014-06-16,1250.0,1250.0,1250.0,1250.0,600
2014-06-17,1250.0,1270.0,1250.0,1250.0,600
2014-06-18,1250.0,1250.0,1250.0,1250.0,0
2014-06-19,1270.0,1300.0,1270.0,1300.0,1800
2014-06-20,1280.0,1300.0,1280.0,1300.0,1600
2014-06-23,1300.0,1300.0,1300.0,1300.0,1100
2014-06-24,1280.0,1300.0,1280.0,1300.0,400
2014-06-25,1300.0,1300.0,1290.0,1290.0,600
2014-06-26,1290.0,1300.0,1290.0,1290.0,1000
2014-06-27,1290.0,1290.0,1290.0,1290.0,100
2014-06-30,1290.0,1290.0,1290.0,1290.0,200
2014-07-01,1300.0,1300.0,1300.0,1300.0,600
2014-07-02,1340.0,1340.0,1310.0,1330.0,1400
2014-07-03,1330.0,1330.0,1300.0,1320.0,1400
2014-07-04,1320.0,1420.0,1320.0,1390.0,16000
2014-07-07,1420.0,1420.0,1370.0,1400.0,13200
2014-07-08,1450.0,1500.0,1320.0,1370.0,33400
2014-07-09,1310.0,1380.0,1310.0,1360.0,22400
2014-07-10,1330.0,1330.0,1270.0,1280.0,15500
2014-07-11,1250.0,1270.0,1240.0,1260.0,3200
2014-07-14,1270.0,1300.0,1240.0,1290.0,5500
2014-07-15,1310.0,1310.0,1300.0,1300.0,2700
2014-07-16,1300.0,1330.0,1300.0,1320.0,1200
2014-07-17,1310.0,1310.0,1290.0,1290.0,3100
2014-07-18,1270.0,1300.0,1260.0,1280.0,2200
2014-07-22,1280.0,1330.0,1280.0,1320.0,2100
2014-07-23,1320.0,1320.0,1320.0,1320.0,1700
2014-07-24,1330.0,1340.0,1330.0,1340.0,1100
2014-07-25,1340.0,1360.0,1330.0,1340.0,5700
2014-07-28,1350.0,1390.0,1320.0,1360.0,40600
2014-07-29,1360.0,1400.0,1350.0,1390.0,15800
2014-07-30,1400.0,1660.0,1390.0,1420.0,212000
2014-07-31,1440.0,1460.0,1350.0,1370.0,30300
2014-08-01,1320.0,1480.0,1320.0,1480.0,42700
2014-08-04,1470.0,1540.0,1450.0,1490.0,24400
2014-08-05,1500.0,1500.0,1360.0,1370.0,16500
2014-08-06,1400.0,1400.0,1370.0,1400.0,10100
2014-08-07,1440.0,1600.0,1430.0,1540.0,54500
2014-08-08,1500.0,1500.0,1280.0,1390.0,71600
2014-08-11,1430.0,1430.0,1360.0,1390.0,17600
2014-08-12,1360.0,1370.0,1320.0,1350.0,10700
2014-08-13,1350.0,1350.0,1320.0,1330.0,7900
2014-08-14,1340.0,1420.0,1300.0,1370.0,16600
2014-08-15,1380.0,1420.0,1370.0,1400.0,10000
2014-08-18,1400.0,1420.0,1390.0,1420.0,5200
2014-08-19,1440.0,1460.0,1400.0,1420.0,14800
2014-08-20,1420.0,1420.0,1380.0,1390.0,5900
2014-08-21,1390.0,1400.0,1370.0,1380.0,3500
2014-08-22,1380.0,1390.0,1360.0,1390.0,4500
2014-08-25,1380.0,1440.0,1380.0,1390.0,8200
2014-08-26,1400.0,1420.0,1400.0,1400.0,4500
2014-08-27,1410.0,1440.0,1410.0,1430.0,7400
2014-08-28,1450.0,1460.0,1420.0,1420.0,11300
2014-08-29,1430.0,1440.0,1410.0,1440.0,3800
2014-09-01,1440.0,1470.0,1430.0,1470.0,4500
2014-09-02,1490.0,1530.0,1470.0,1480.0,19800
2014-09-03,1470.0,1470.0,1450.0,1450.0,4900
2014-09-04,1450.0,1470.0,1420.0,1420.0,3200
2014-09-05,1420.0,1430.0,1370.0,1390.0,8500
2014-09-08,1390.0,1410.0,1390.0,1400.0,3100
2014-09-09,1410.0,1420.0,1390.0,1420.0,2600
2014-09-10,1410.0,1410.0,1380.0,1380.0,4500
2014-09-11,1380.0,1380.0,1370.0,1380.0,2100
2014-09-12,1370.0,1390.0,1370.0,1390.0,3200
2014-09-16,1380.0,1420.0,1370.0,1370.0,6100
2014-09-17,1390.0,1400.0,1390.0,1390.0,700
2014-09-18,1400.0,1400.0,1390.0,1390.0,1100
2014-09-19,1400.0,1420.0,1390.0,1400.0,1400
2014-09-22,1400.0,1430.0,1390.0,1430.0,10700
2014-09-24,1430.0,1440.0,1410.0,1420.0,6400
2014-09-25,1460.0,1520.0,1390.0,1470.0,52200
2014-09-26,1470.0,1600.0,1410.0,1580.0,63000
2014-09-29,1560.0,1620.0,1530.0,1530.0,23900
2014-09-30,1530.0,1560.0,1420.0,1520.0,22500
2014-10-01,1570.0,1600.0,1500.0,1500.0,25400
2014-10-02,1440.0,1460.0,1410.0,1420.0,18100
2014-10-03,1400.0,1430.0,1380.0,1400.0,23200
2014-10-06,1450.0,1550.0,1450.0,1520.0,25100
2014-10-07,1520.0,1520.0,1450.0,1510.0,13400
2014-10-08,1450.0,1500.0,1450.0,1470.0,8200
2014-10-09,1530.0,1530.0,1380.0,1380.0,23000
2014-10-10,1330.0,1350.0,1310.0,1340.0,7800
2014-10-14,1290.0,1300.0,1250.0,1290.0,8600
2014-10-15,1290.0,1320.0,1290.0,1320.0,6200
2014-10-16,1270.0,1280.0,1260.0,1270.0,6400
2014-10-17,1280.0,1290.0,1240.0,1240.0,6700
2014-10-20,1270.0,1290.0,1250.0,1280.0,2500
2014-10-21,1300.0,1300.0,1260.0,1260.0,3600
2014-10-22,1280.0,1290.0,1270.0,1280.0,3800
2014-10-23,1270.0,1290.0,1260.0,1280.0,4000
2014-10-24,1300.0,1300.0,1260.0,1270.0,4000
2014-10-27,1270.0,1270.0,1260.0,1260.0,3200
2014-10-28,1250.0,1260.0,1250.0,1260.0,700
2014-10-29,1270.0,1280.0,1270.0,1280.0,1100
2014-10-30,1280.0,1300.0,1270.0,1290.0,2300
2014-10-31,1290.0,1290.0,1270.0,1290.0,2000
2014-11-04,1310.0,1320.0,1290.0,1290.0,4600
2014-11-05,1290.0,1360.0,1290.0,1350.0,12100
2014-11-06,1330.0,1340.0,1320.0,1330.0,5500
2014-11-07,1350.0,1350.0,1320.0,1320.0,600
2014-11-10,1310.0,1310.0,1290.0,1300.0,2900
2014-11-11,1310.0,1310.0,1290.0,1310.0,1900
2014-11-12,1310.0,1320.0,1300.0,1320.0,1300
2014-11-13,1320.0,1320.0,1300.0,1300.0,900
2014-11-14,1300.0,1310.0,1280.0,1280.0,1800
2014-11-17,1280.0,1290.0,1260.0,1270.0,1800
2014-11-18,1290.0,1290.0,1280.0,1290.0,600
2014-11-19,1290.0,1290.0,1290.0,1290.0,1400
2014-11-20,1290.0,1310.0,1290.0,1310.0,800
2014-11-21,1310.0,1310.0,1310.0,1310.0,1400
2014-11-25,1310.0,1310.0,1260.0,1310.0,3300
2014-11-26,1310.0,1310.0,1300.0,1300.0,4100
2014-11-27,1310.0,1340.0,1310.0,1340.0,4100
2014-11-28,1340.0,1340.0,1330.0,1330.0,600
2014-12-01,1330.0,1330.0,1320.0,1330.0,1900
2014-12-02,1340.0,1350.0,1310.0,1350.0,10400
2014-12-03,1350.0,1390.0,1350.0,1360.0,16100
2014-12-04,1370.0,1370.0,1360.0,1360.0,1100
2014-12-05,1360.0,1360.0,1340.0,1340.0,1900
2014-12-08,1350.0,1380.0,1350.0,1380.0,2500
2014-12-09,1380.0,1380.0,1370.0,1380.0,2700
2014-12-10,1380.0,1380.0,1350.0,1350.0,2300
2014-12-11,1330.0,1360.0,1330.0,1360.0,600
2014-12-12,1380.0,1380.0,1340.0,1340.0,400
2014-12-15,1350.0,1350.0,1320.0,1320.0,1100
2014-12-16,1300.0,1300.0,1300.0,1300.0,300
2014-12-17,1300.0,1340.0,1300.0,1340.0,400
2014-12-18,1340.0,1340.0,1320.0,1320.0,800
2014-12-19,1320.0,1350.0,1310.0,1330.0,1000
2014-12-22,1330.0,1350.0,1330.0,1350.0,400
2014-12-24,1380.0,1380.0,1360.0,1360.0,2000
2014-12-25,1360.0,1360.0,1320.0,1330.0,4200
2014-12-26,1330.0,1340.0,1310.0,1340.0,3100
2014-12-29,1340.0,1340.0,1330.0,1330.0,400
2014-12-30,1340.0,1350.0,1330.0,1340.0,600
2015-01-05,1350.0,1360.0,1350.0,1360.0,400
2015-01-06,1350.0,1350.0,1340.0,1340.0,1000
2015-01-07,1340.0,1340.0,1340.0,1340.0,100
2015-01-08,1370.0,1370.0,1360.0,1360.0,200
2015-01-09,1380.0,1400.0,1330.0,1370.0,3100
2015-01-13,1360.0,1360.0,1330.0,1350.0,900
2015-01-14,1310.0,1340.0,1310.0,1330.0,900
2015-01-15,1340.0,1410.0,1320.0,1400.0,10300
2015-01-16,1420.0,1440.0,1390.0,1430.0,14100
2015-01-19,1570.0,1580.0,1460.0,1470.0,54700
2015-01-20,1480.0,1480.0,1400.0,1420.0,15700
2015-01-21,1420.0,1450.0,1400.0,1440.0,8600
2015-01-22,1450.0,1490.0,1430.0,1440.0,5700
2015-01-23,1480.0,1480.0,1410.0,1430.0,4500
2015-01-26,1430.0,1430.0,1400.0,1420.0,5300
2015-01-27,1420.0,1420.0,1400.0,1410.0,2500
2015-01-28,1410.0,1430.0,1410.0,1430.0,2100
2015-01-29,1420.0,1420.0,1390.0,1390.0,4100
2015-01-30,1390.0,1400.0,1370.0,1370.0,4000
2015-02-02,1370.0,1370.0,1340.0,1350.0,4000
2015-02-03,1360.0,1360.0,1330.0,1330.0,4500
2015-02-04,1340.0,1350.0,1330.0,1350.0,1600
2015-02-05,1360.0,1360.0,1350.0,1350.0,800
2015-02-06,1350.0,1360.0,1350.0,1360.0,1100
2015-02-09,1370.0,1370.0,1370.0,1370.0,600
2015-02-10,1370.0,1370.0,1330.0,1350.0,1700
2015-02-12,1350.0,1380.0,1350.0,1350.0,3800
2015-02-13,1350.0,1350.0,1350.0,1350.0,200
2015-02-16,1360.0,1360.0,1360.0,1360.0,500
2015-02-17,1360.0,1410.0,1360.0,1410.0,2300
2015-02-18,1400.0,1400.0,1390.0,1400.0,2400
2015-02-19,1420.0,1470.0,1400.0,1440.0,17000
2015-02-20,1450.0,1450.0,1430.0,1440.0,3500
2015-02-23,1440.0,1450.0,1420.0,1420.0,2900
2015-02-24,1420.0,1460.0,1410.0,1430.0,4800
2015-02-25,1440.0,1450.0,1430.0,1430.0,4500
2015-02-26,1430.0,1540.0,1430.0,1510.0,17500
2015-02-27,1490.0,1570.0,1480.0,1530.0,37000
2015-03-02,1550.0,1550.0,1490.0,1490.0,7300
2015-03-03,1490.0,1540.0,1440.0,1500.0,22100
2015-03-04,1520.0,1520.0,1490.0,1510.0,5300
2015-03-05,1520.0,1530.0,1500.0,1500.0,5200
2015-03-06,1510.0,1510.0,1480.0,1480.0,2800
2015-03-09,1470.0,1470.0,1440.0,1470.0,9100
2015-03-10,1470.0,1500.0,1460.0,1490.0,6000
2015-03-11,1490.0,1700.0,1480.0,1630.0,108600
2015-03-12,1680.0,1690.0,1550.0,1580.0,66100
2015-03-13,1580.0,1600.0,1530.0,1550.0,11100
2015-03-16,1590.0,1610.0,1550.0,1570.0,14600
2015-03-17,1620.0,1640.0,1590.0,1640.0,13400
2015-03-18,1620.0,1660.0,1600.0,1600.0,14300
2015-03-19,1580.0,1620.0,1580.0,1600.0,5100
2015-03-20,1610.0,1660.0,1610.0,1610.0,11900
2015-03-23,1630.0,2110.0,1620.0,1850.0,179600
2015-03-24,2160.0,2240.0,1850.0,2000.0,193000
2015-03-25,2060.0,2700.0,2060.0,2450.0,546000
2015-03-26,2230.0,2740.0,2230.0,2350.0,152300
2015-03-27,2500.0,2700.0,2280.0,2400.0,84000
2015-03-30,2340.0,3200.0,2240.0,2900.0,293900
2015-03-31,2740.0,2820.0,2600.0,2600.0,106600
2015-04-01,2680.0,3020.0,2640.0,2740.0,187100
2015-04-02,2780.0,2930.0,2710.0,2850.0,63000
2015-04-03,2920.0,3400.0,2820.0,3000.0,142600
2015-04-06,2760.0,2900.0,2410.0,2550.0,111100
2015-04-07,2570.0,2600.0,2440.0,2520.0,42700
2015-04-08,2510.0,2580.0,2400.0,2540.0,43700
2015-04-09,2700.0,2740.0,2520.0,2550.0,51600
2015-04-10,2470.0,2660.0,2250.0,2390.0,128500
2015-04-13,2610.0,3050.0,2550.0,2820.0,265700
2015-04-14,2740.0,2800.0,2620.0,2740.0,46300
2015-04-15,2730.0,2780.0,2650.0,2680.0,25500
2015-04-16,2670.0,2670.0,2550.0,2620.0,18900
2015-04-17,2610.0,2940.0,2520.0,2600.0,65300
2015-04-20,2830.0,3310.0,2750.0,3000.0,413900
2015-04-21,2920.0,3620.0,2910.0,3600.0,473900
2015-04-22,3680.0,4400.0,3410.0,4400.0,547200
2015-04-23,4240.0,4430.0,3880.0,3950.0,202900
2015-04-24,3750.0,4750.0,3550.0,4320.0,251500
2015-04-27,4160.0,5060.0,4150.0,4680.0,230700
2015-04-28,4750.0,4980.0,4410.0,4490.0,116500
2015-04-30,4350.0,4730.0,3710.0,4130.0,180900
2015-05-01,4370.0,4530.0,3970.0,4040.0,80500
2015-05-07,3960.0,4050.0,3750.0,3810.0,38400
2015-05-08,3970.0,3970.0,3410.0,3600.0,94600
2015-05-11,3600.0,3600.0,3370.0,3550.0,55500
2015-05-12,3600.0,3680.0,3510.0,3600.0,30600
2015-05-13,3600.0,3800.0,3420.0,3800.0,67600
2015-05-14,3720.0,3870.0,3670.0,3810.0,54700
2015-05-15,3730.0,3830.0,3180.0,3250.0,140700
2015-05-18,2930.0,2950.0,2760.0,2870.0,147800
2015-05-19,2880.0,2960.0,2830.0,2880.0,54300
2015-05-20,2870.0,2870.0,2800.0,2820.0,28600
2015-05-21,2820.0,2820.0,2650.0,2710.0,47400
2015-05-22,2800.0,2810.0,2670.0,2740.0,38500
2015-05-25,2720.0,2850.0,2670.0,2780.0,21400
2015-05-26,2750.0,2890.0,2750.0,2880.0,27600
2015-05-27,2800.0,2850.0,2720.0,2720.0,24800
2015-05-28,2750.0,2750.0,2660.0,2700.0,15800
2015-05-29,2670.0,2680.0,2620.0,2620.0,16200
2015-06-01,2620.0,2750.0,2620.0,2680.0,11500
2015-06-02,2720.0,2790.0,2640.0,2740.0,22500
2015-06-03,2710.0,3100.0,2710.0,3020.0,141000
2015-06-04,2910.0,2970.0,2850.0,2860.0,55800
2015-06-05,2940.0,3070.0,2900.0,2900.0,94000
2015-06-08,3060.0,3140.0,3020.0,3050.0,58200
2015-06-09,3130.0,3850.0,3120.0,3330.0,513800
2015-06-10,3240.0,3720.0,3180.0,3360.0,307400
2015-06-11,3600.0,3640.0,3350.0,3410.0,60300
2015-06-12,3410.0,3410.0,3010.0,3130.0,92100
2015-06-15,3030.0,3100.0,2940.0,2980.0,36700
2015-06-16,2950.0,2950.0,2770.0,2830.0,43100
2015-06-17,2890.0,3060.0,2860.0,3030.0,49800
2015-06-18,3180.0,3200.0,2860.0,2930.0,65100
2015-06-19,2920.0,2920.0,2820.0,2860.0,22700
2015-06-22,2830.0,2930.0,2800.0,2900.0,17100
2015-06-23,2900.0,2970.0,2850.0,2870.0,12100
2015-06-24,2940.0,2970.0,2900.0,2940.0,19500
2015-06-25,2960.0,2960.0,2850.0,2900.0,12000
2015-06-26,2900.0,2900.0,2810.0,2830.0,15800
2015-06-29,2600.0,2720.0,2490.0,2610.0,43500
2015-06-30,2540.0,2650.0,2540.0,2570.0,14200
2015-07-01,2650.0,2670.0,2590.0,2670.0,10600
2015-07-02,2720.0,2750.0,2650.0,2700.0,6800
2015-07-03,2650.0,2680.0,2610.0,2640.0,10300
2015-07-06,2610.0,2610.0,2530.0,2590.0,9600
2015-07-07,2620.0,2630.0,2580.0,2610.0,6100
2015-07-08,2610.0,2630.0,2490.0,2490.0,12500
2015-07-09,2270.0,2370.0,1900.0,2340.0,42900
2015-07-10,2400.0,2630.0,2400.0,2450.0,42700
2015-07-13,2440.0,2470.0,2400.0,2440.0,16100
2015-07-14,2490.0,2780.0,2490.0,2610.0,38300
2015-07-15,2650.0,2840.0,2650.0,2840.0,37700
2015-07-16,2900.0,2920.0,2820.0,2820.0,31800
2015-07-17,2830.0,2840.0,2650.0,2740.0,21700
2015-07-21,2740.0,2760.0,2670.0,2670.0,10600
2015-07-22,2610.0,2640.0,2550.0,2610.0,20900
2015-07-23,2610.0,2640.0,2580.0,2610.0,7500
2015-07-24,2590.0,2620.0,2540.0,2610.0,3100
2015-07-27,2610.0,2620.0,2510.0,2510.0,10100
2015-07-28,2400.0,2530.0,2360.0,2510.0,9500
2015-07-29,2550.0,2550.0,2430.0,2440.0,3900
2015-07-30,2360.0,2440.0,2360.0,2370.0,11800
2015-07-31,2360.0,2400.0,2300.0,2380.0,4900
2015-08-03,2330.0,2360.0,2320.0,2320.0,4900
2015-08-04,2300.0,2300.0,2250.0,2290.0,5700
2015-08-05,2280.0,2290.0,2250.0,2290.0,6100
2015-08-06,2270.0,2420.0,2270.0,2380.0,5900
2015-08-07,2380.0,2380.0,2310.0,2330.0,3900
2015-08-10,2280.0,2300.0,2220.0,2220.0,9800
2015-08-11,2220.0,2300.0,2220.0,2300.0,2300
2015-08-12,2230.0,2260.0,2230.0,2230.0,2400
2015-08-13,2220.0,2270.0,2220.0,2270.0,1200
2015-08-14,2220.0,2240.0,2210.0,2210.0,5500
2015-08-17,2200.0,2280.0,2200.0,2280.0,1500
2015-08-18,2280.0,2280.0,2230.0,2250.0,1500
2015-08-19,2210.0,2250.0,2200.0,2200.0,3100
2015-08-20,2200.0,2210.0,2160.0,2160.0,4000
2015-08-21,2150.0,2150.0,2020.0,2070.0,9200
2015-08-24,1840.0,1890.0,1630.0,1670.0,36100
2015-08-25,1550.0,1740.0,1420.0,1550.0,40600
2015-08-26,1600.0,2030.0,1600.0,2030.0,33400
2015-08-27,2100.0,2450.0,2070.0,2140.0,79600
2015-08-28,2210.0,2240.0,2160.0,2190.0,20900
2015-08-31,2260.0,2260.0,2110.0,2170.0,7500
2015-09-01,2110.0,2110.0,2020.0,2070.0,8200
2015-09-02,1900.0,2030.0,1900.0,1980.0,9800
2015-09-03,2030.0,2030.0,1940.0,1940.0,3500
2015-09-04,1970.0,1970.0,1840.0,1860.0,6700
2015-09-07,1810.0,1900.0,1730.0,1820.0,4400
2015-09-08,1820.0,1900.0,1760.0,1760.0,3700
2015-09-09,1820.0,1880.0,1820.0,1830.0,3600
2015-09-10,1820.0,1850.0,1810.0,1840.0,2500
2015-09-11,1810.0,1880.0,1810.0,1860.0,4100
2015-09-14,1860.0,1910.0,1840.0,1840.0,3100
2015-09-15,1870.0,1870.0,1840.0,1840.0,800
2015-09-16,1840.0,1900.0,1840.0,1850.0,3000
2015-09-17,1850.0,1920.0,1830.0,1900.0,3500
2015-09-18,1900.0,1960.0,1890.0,1930.0,3700
2015-09-24,1980.0,1980.0,1830.0,1830.0,4900
2015-09-25,1950.0,2000.0,1910.0,2000.0,12600
2015-09-28,2090.0,2100.0,2010.0,2060.0,12000
2015-09-29,2060.0,2060.0,1900.0,1920.0,10300
2015-09-30,1970.0,2040.0,1950.0,1960.0,5100
2015-10-01,1970.0,2010.0,1940.0,1970.0,2400
2015-10-02,2020.0,2020.0,1950.0,1970.0,2000
2015-10-05,1980.0,2010.0,1980.0,1980.0,1400
2015-10-06,1990.0,2000.0,1920.0,1970.0,4400
2015-10-07,1960.0,2090.0,1950.0,2070.0,10700
2015-10-08,2290.0,2390.0,2180.0,2190.0,68300
2015-10-09,2230.0,2230.0,2110.0,2140.0,7600
2015-10-13,2140.0,2140.0,2070.0,2110.0,3700
2015-10-14,2120.0,2120.0,2060.0,2060.0,2600
2015-10-15,2080.0,2090.0,2050.0,2050.0,1300
2015-10-16,2050.0,2050.0,1950.0,1970.0,8100
2015-10-19,1990.0,1990.0,1910.0,1940.0,4000
2015-10-20,1950.0,1950.0,1860.0,1890.0,10000
2015-10-21,1890.0,1910.0,1870.0,1900.0,5700
2015-10-22,1920.0,1920.0,1890.0,1890.0,2100
2015-10-23,1910.0,1920.0,1880.0,1880.0,3700
2015-10-26,1890.0,1920.0,1890.0,1920.0,4400
2015-10-27,1950.0,1970.0,1930.0,1940.0,4500
2015-10-28,1940.0,1950.0,1910.0,1910.0,5200
2015-10-29,1920.0,1920.0,1870.0,1890.0,4000
2015-10-30,1890.0,1920.0,1870.0,1900.0,4300
2015-11-02,1930.0,1930.0,1900.0,1900.0,1300
2015-11-04,1900.0,1900.0,1880.0,1880.0,3000
2015-11-05,1870.0,1880.0,1850.0,1870.0,3600
2015-11-06,1900.0,1900.0,1880.0,1880.0,700
2015-11-09,1860.0,1870.0,1850.0,1850.0,2800
2015-11-10,1860.0,1880.0,1840.0,1860.0,2600
2015-11-11,1890.0,1980.0,1890.0,1980.0,9400
2015-11-12,1980.0,2010.0,1930.0,1960.0,9400
2015-11-13,1910.0,1970.0,1910.0,1950.0,1300
2015-11-16,1950.0,1970.0,1910.0,1930.0,5100
2015-11-17,1950.0,1980.0,1930.0,1970.0,3900
2015-11-18,1970.0,1980.0,1900.0,1920.0,7900
2015-11-19,1930.0,1960.0,1900.0,1940.0,3900
2015-11-20,1940.0,2190.0,1940.0,2190.0,33300
2015-11-24,2270.0,2290.0,2110.0,2130.0,48900
2015-11-25,2140.0,2160.0,2000.0,2050.0,20500
2015-11-26,2080.0,2140.0,2080.0,2090.0,10600
2015-11-27,2120.0,2120.0,2010.0,2010.0,8100
2015-11-30,2050.0,2050.0,2010.0,2020.0,3800
2015-12-01,2020.0,2040.0,2000.0,2020.0,4600
2015-12-02,2030.0,2100.0,2030.0,2090.0,6200
2015-12-03,2070.0,2090.0,2040.0,2060.0,6700
2015-12-04,2020.0,2060.0,2020.0,2060.0,7300
2015-12-07,2070.0,2140.0,2070.0,2120.0,9300
2015-12-08,2100.0,2100.0,2050.0,2050.0,5900
2015-12-09,2020.0,2030.0,2000.0,2020.0,11300
2015-12-10,2000.0,2000.0,1950.0,1970.0,8700
2015-12-11,1970.0,2000.0,1970.0,1980.0,4800
2015-12-14,1920.0,1970.0,1910.0,1950.0,5800
2015-12-15,1960.0,1970.0,1920.0,1920.0,6400
2015-12-16,1920.0,1930.0,1860.0,1910.0,5400
2015-12-17,1940.0,1950.0,1910.0,1930.0,9600
2015-12-18,1920.0,1920.0,1890.0,1890.0,5100
2015-12-21,1920.0,1920.0,1860.0,1870.0,5600
2015-12-22,1860.0,1880.0,1840.0,1860.0,3300
2015-12-24,1860.0,1860.0,1790.0,1790.0,6100
2015-12-25,1790.0,1790.0,1790.0,1790.0,0
2015-12-28,1720.0,1760.0,1700.0,1740.0,5900
2015-12-29,1760.0,1910.0,1760.0,1900.0,7500
2015-12-30,1980.0,2020.0,1930.0,1930.0,11300
2016-01-04,1930.0,1960.0,1890.0,1950.0,5100
2016-01-05,1950.0,2000.0,1930.0,1980.0,5100
2016-01-06,2040.0,2040.0,1950.0,1980.0,6500
2016-01-07,1980.0,1980.0,1860.0,1890.0,4000
2016-01-08,1810.0,1910.0,1810.0,1910.0,5800
2016-01-12,1910.0,1910.0,1750.0,1810.0,6000
2016-01-13,1800.0,1880.0,1800.0,1840.0,2700
2016-01-14,1790.0,1980.0,1760.0,1960.0,12200
2016-01-15,1860.0,1890.0,1800.0,1820.0,13600
2016-01-18,1690.0,1690.0,1580.0,1630.0,23700
2016-01-19,1610.0,1670.0,1590.0,1660.0,4600
2016-01-20,1610.0,1620.0,1440.0,1480.0,12300
2016-01-21,1500.0,1520.0,1400.0,1400.0,6900
2016-01-22,1480.0,1490.0,1450.0,1470.0,3000
2016-01-25,1530.0,1530.0,1500.0,1530.0,1500
2016-01-26,1530.0,1530.0,1490.0,1490.0,2300
2016-01-27,1520.0,1540.0,1520.0,1520.0,1200
2016-01-28,1520.0,1540.0,1500.0,1520.0,1700
2016-01-29,1520.0,1530.0,1500.0,1520.0,1900
2016-02-01,1540.0,1560.0,1540.0,1550.0,2400
2016-02-02,1540.0,1560.0,1530.0,1560.0,1900
2016-02-03,1530.0,1530.0,1500.0,1520.0,2100
2016-02-04,1530.0,1600.0,1530.0,1560.0,6000
2016-02-05,1510.0,1510.0,1460.0,1480.0,9200
2016-02-08,1450.0,1490.0,1420.0,1490.0,2800
2016-02-09,1450.0,1480.0,1410.0,1440.0,6700
2016-02-10,1410.0,1420.0,1320.0,1330.0,7900
2016-02-12,1140.0,1170.0,1140.0,1150.0,12400
2016-02-15,1260.0,1260.0,1180.0,1250.0,6200
2016-02-16,1250.0,1290.0,1210.0,1260.0,3500
2016-02-17,1230.0,1260.0,1230.0,1230.0,6500
2016-02-18,1250.0,1270.0,1230.0,1240.0,4500
2016-02-19,1340.0,1740.0,1340.0,1740.0,247800
2016-02-22,2120.0,2180.0,1770.0,1850.0,548000
2016-02-23,1710.0,1710.0,1570.0,1610.0,79700
2016-02-24,1590.0,1780.0,1530.0,1680.0,140100
2016-02-25,1680.0,1710.0,1580.0,1580.0,32000
2016-02-26,1580.0,1590.0,1510.0,1510.0,16600
2016-02-29,1520.0,1660.0,1520.0,1520.0,63200
2016-03-01,1510.0,1540.0,1490.0,1530.0,7000
2016-03-02,1560.0,1610.0,1530.0,1540.0,18500
2016-03-03,1540.0,1570.0,1530.0,1540.0,11400
2016-03-04,1540.0,1600.0,1540.0,1560.0,15500
2016-03-07,1640.0,1980.0,1600.0,1830.0,359000
2016-03-08,1750.0,1770.0,1660.0,1670.0,43400
2016-03-09,1720.0,1840.0,1710.0,1760.0,94300
2016-03-10,1820.0,1910.0,1780.0,1790.0,63000
2016-03-11,1740.0,1820.0,1740.0,1740.0,14000
2016-03-14,1770.0,1770.0,1680.0,1690.0,9900
2016-03-15,1720.0,1720.0,1640.0,1660.0,8200
2016-03-16,1660.0,1680.0,1640.0,1660.0,4600
2016-03-17,1660.0,1680.0,1620.0,1630.0,7900
2016-03-18,1630.0,1640.0,1590.0,1610.0,5400
2016-03-22,1650.0,1660.0,1620.0,1630.0,4600
2016-03-23,1640.0,1640.0,1620.0,1620.0,6700
2016-03-24,1620.0,1620.0,1600.0,1600.0,4800
2016-03-25,1590.0,1590.0,1540.0,1550.0,7700
2016-03-28,1560.0,1560.0,1520.0,1520.0,5900
2016-03-29,1570.0,1590.0,1520.0,1560.0,5000
2016-03-30,1550.0,1590.0,1540.0,1540.0,4200
2016-03-31,1540.0,1570.0,1540.0,1550.0,2700
2016-04-01,1570.0,1580.0,1530.0,1540.0,5700
2016-04-04,1540.0,1670.0,1540.0,1640.0,21900
2016-04-05,1670.0,1670.0,1520.0,1530.0,23500
2016-04-06,1530.0,1740.0,1520.0,1630.0,62900
2016-04-07,1680.0,1690.0,1560.0,1570.0,22500
2016-04-08,1500.0,1670.0,1500.0,1550.0,32500
2016-04-11,1570.0,1620.0,1560.0,1580.0,25900
2016-04-12,1570.0,1580.0,1560.0,1570.0,6400
2016-04-13,1570.0,1580.0,1560.0,1570.0,8400
2016-04-14,1570.0,1660.0,1560.0,1600.0,18200
2016-04-15,1580.0,1620.0,1570.0,1580.0,6000
2016-04-18,1580.0,1580.0,1530.0,1540.0,7000
2016-04-19,1560.0,1570.0,1550.0,1550.0,4500
2016-04-20,1570.0,1570.0,1550.0,1550.0,4900
2016-04-21,1570.0,1580.0,1560.0,1570.0,2900
2016-04-22,1570.0,1610.0,1570.0,1600.0,5800
2016-04-25,1610.0,1610.0,1600.0,1610.0,3300
2016-04-26,1610.0,1620.0,1580.0,1580.0,3100
2016-04-27,1590.0,1590.0,1570.0,1580.0,1600
2016-04-28,1580.0,1590.0,1540.0,1550.0,4900
2016-05-02,1510.0,1540.0,1490.0,1530.0,3200
2016-05-06,1530.0,1550.0,1510.0,1550.0,2000
2016-05-09,1550.0,1580.0,1540.0,1580.0,1900
2016-05-10,1580.0,1590.0,1560.0,1570.0,1500
2016-05-11,1580.0,1580.0,1550.0,1560.0,2100
2016-05-12,1550.0,1560.0,1550.0,1550.0,1700
2016-05-13,1550.0,1550.0,1490.0,1510.0,5900
2016-05-16,1500.0,1500.0,1460.0,1460.0,6400
2016-05-17,1460.0,1480.0,1430.0,1430.0,5500
2016-05-18,1380.0,1420.0,1370.0,1390.0,9500
2016-05-19,1390.0,1410.0,1380.0,1380.0,2800
2016-05-20,1390.0,1400.0,1380.0,1390.0,4200
2016-05-23,1390.0,1440.0,1390.0,1440.0,5300
2016-05-24,1430.0,1430.0,1420.0,1430.0,2200
2016-05-25,1430.0,1440.0,1420.0,1430.0,4100
2016-05-26,1430.0,1500.0,1430.0,1440.0,10000
2016-05-27,1450.0,1450.0,1430.0,1450.0,2600
2016-05-30,1450.0,1460.0,1440.0,1450.0,4700
2016-05-31,1460.0,1470.0,1450.0,1450.0,1900
2016-06-01,1450.0,1450.0,1450.0,1450.0,1600
2016-06-02,1440.0,1440.0,1430.0,1430.0,1300
2016-06-03,1430.0,1430.0,1400.0,1410.0,5200
2016-06-06,1400.0,1420.0,1300.0,1420.0,2500
2016-06-07,1420.0,1420.0,1390.0,1390.0,800
2016-06-08,1380.0,1410.0,1380.0,1410.0,2400
2016-06-09,1380.0,1420.0,1380.0,1380.0,2500
2016-06-10,1380.0,1380.0,1370.0,1370.0,1100
2016-06-13,1320.0,1340.0,1320.0,1330.0,2100
2016-06-14,1320.0,1330.0,1250.0,1270.0,5400
2016-06-15,1270.0,1290.0,1240.0,1270.0,2900
2016-06-16,1260.0,1260.0,1190.0,1190.0,3900
2016-06-17,1210.0,1220.0,1190.0,1200.0,2000
2016-06-20,1210.0,1240.0,1210.0,1230.0,2400
2016-06-21,1240.0,1250.0,1240.0,1250.0,1900
2016-06-22,1250.0,1260.0,1240.0,1250.0,3500
2016-06-23,1240.0,1260.0,1240.0,1260.0,1000
2016-06-24,1280.0,1280.0,1090.0,1110.0,8700
2016-06-27,1110.0,1160.0,1110.0,1150.0,2300
2016-06-28,1150.0,1160.0,1140.0,1150.0,3300
2016-06-29,1140.0,1180.0,1140.0,1180.0,3300
2016-06-30,1180.0,1210.0,1180.0,1200.0,3200
2016-07-01,1210.0,1210.0,1190.0,1190.0,1400
2016-07-04,1170.0,1200.0,1170.0,1190.0,1200
2016-07-05,1200.0,1200.0,1180.0,1200.0,1800
2016-07-06,1180.0,1180.0,1160.0,1180.0,800
2016-07-07,1190.0,1190.0,1160.0,1160.0,1400
2016-07-08,1180.0,1180.0,1150.0,1150.0,600
2016-07-11,1150.0,1150.0,1150.0,1150.0,0
2016-07-12,1150.0,1180.0,1140.0,1170.0,11400
2016-07-13,1180.0,1200.0,1180.0,1200.0,5900
2016-07-14,1180.0,1230.0,1180.0,1220.0,3300
2016-07-15,1220.0,1220.0,1180.0,1180.0,3600
2016-07-19,1150.0,1170.0,1150.0,1160.0,3900
2016-07-20,1190.0,1200.0,1170.0,1200.0,7100
2016-07-21,1230.0,1700.0,1230.0,1700.0,212700
2016-07-22,2000.0,2200.0,1950.0,2200.0,719300
2016-07-25,2600.0,2750.0,2010.0,2070.0,378000
2016-07-26,1860.0,1910.0,1750.0,1810.0,80200
2016-07-27,1720.0,2280.0,1650.0,1800.0,226300
2016-07-28,1740.0,2070.0,1670.0,1720.0,173200
2016-07-29,1770.0,1980.0,1720.0,1900.0,101400
2016-08-01,1900.0,2260.0,1880.0,2000.0,216000
2016-08-02,2000.0,2040.0,1850.0,1870.0,43700
2016-08-03,1840.0,1840.0,1770.0,1780.0,16700
2016-08-04,1770.0,1850.0,1770.0,1850.0,13400
2016-08-05,1900.0,1920.0,1780.0,1790.0,10400
2016-08-08,1810.0,1810.0,1760.0,1770.0,9100
2016-08-09,1850.0,2050.0,1790.0,1850.0,98800
2016-08-10,1870.0,1970.0,1860.0,1870.0,22000
2016-08-12,1870.0,1910.0,1820.0,1870.0,8400
2016-08-15,1920.0,2030.0,1880.0,1960.0,21800
2016-08-16,1980.0,1980.0,1910.0,1960.0,9900
2016-08-17,1910.0,1960.0,1870.0,1880.0,12200
2016-08-18,1840.0,1890.0,1840.0,1850.0,5700
2016-08-19,1880.0,1920.0,1870.0,1910.0,10300
2016-08-22,1940.0,1960.0,1900.0,1950.0,16300
2016-08-23,1940.0,1940.0,1900.0,1900.0,12900
2016-08-24,1900.0,1970.0,1900.0,1910.0,8100
2016-08-25,1910.0,1910.0,1890.0,1890.0,3300
2016-08-26,1890.0,1920.0,1880.0,1890.0,5300
2016-08-29,1920.0,2000.0,1920.0,1950.0,17600
2016-08-30,1940.0,1960.0,1900.0,1910.0,9700
2016-08-31,1910.0,1910.0,1880.0,1890.0,8400
2016-09-01,1900.0,1900.0,1870.0,1870.0,5300
2016-09-02,1880.0,1910.0,1860.0,1860.0,5900
2016-09-05,1890.0,1900.0,1870.0,1870.0,5200
2016-09-06,1900.0,1900.0,1870.0,1890.0,3300
2016-09-07,1890.0,1960.0,1870.0,1910.0,10100
2016-09-08,1930.0,1950.0,1910.0,1940.0,9200
2016-09-09,1950.0,2050.0,1950.0,2040.0,39200
2016-09-12,2000.0,2020.0,1930.0,1950.0,15400
2016-09-13,1960.0,1990.0,1940.0,1950.0,8200
2016-09-14,2020.0,2120.0,1920.0,1920.0,49300
2016-09-15,1920.0,1980.0,1890.0,1950.0,22500
2016-09-16,1950.0,1970.0,1910.0,1950.0,9400
2016-09-20,1960.0,1970.0,1930.0,1940.0,4500
2016-09-21,1950.0,1980.0,1930.0,1950.0,6700
2016-09-23,1970.0,2040.0,1940.0,2030.0,29700
2016-09-26,2110.0,2260.0,1990.0,1990.0,51600
2016-09-27,2010.0,2130.0,2000.0,2130.0,15900
2016-09-28,2130.0,2160.0,2070.0,2110.0,11600
2016-09-29,2140.0,2220.0,2120.0,2200.0,25400
2016-09-30,2250.0,2570.0,2210.0,2260.0,94200
2016-10-03,2400.0,2420.0,2310.0,2400.0,28000
2016-10-04,2320.0,2400.0,2280.0,2320.0,29400
2016-10-05,2300.0,2300.0,2160.0,2170.0,24300
2016-10-06,2140.0,2200.0,2140.0,2170.0,17000
2016-10-07,2140.0,2250.0,2110.0,2170.0,23600
2016-10-11,2240.0,2260.0,2180.0,2180.0,17900
2016-10-12,2160.0,2170.0,2120.0,2120.0,15100
2016-10-13,2200.0,2250.0,2120.0,2160.0,28600
2016-10-14,2140.0,2150.0,2120.0,2130.0,6600
2016-10-17,2150.0,2150.0,2060.0,2080.0,13900
2016-10-18,2080.0,2090.0,1970.0,2040.0,10900
2016-10-19,2040.0,2040.0,1990.0,2010.0,6200
2016-10-20,1970.0,1980.0,1930.0,1960.0,9700
2016-10-21,1970.0,1990.0,1970.0,1980.0,7800
2016-10-24,2030.0,2040.0,2010.0,2020.0,7100
2016-10-25,2030.0,2060.0,2000.0,2000.0,7500
2016-10-26,2010.0,2030.0,2010.0,2010.0,2900
2016-10-27,2030.0,2030.0,2020.0,2020.0,2600
2016-10-28,2020.0,2030.0,2000.0,2000.0,4800
2016-10-31,2010.0,2040.0,2010.0,2020.0,1600
2016-11-01,2030.0,2190.0,2020.0,2060.0,35000
2016-11-02,2170.0,2200.0,2060.0,2140.0,46300
2016-11-04,2140.0,2160.0,2080.0,2080.0,11100
2016-11-07,2110.0,2120.0,2100.0,2100.0,4100
2016-11-08,2080.0,2100.0,2050.0,2050.0,16200
2016-11-09,2050.0,2050.0,1740.0,1790.0,37700
2016-11-10,1990.0,2040.0,1920.0,2020.0,14300
2016-11-11,2050.0,2060.0,1950.0,2010.0,7900
2016-11-14,1880.0,1970.0,1870.0,1940.0,13400
2016-11-15,1940.0,2170.0,1900.0,2120.0,27400
2016-11-16,2100.0,2100.0,1980.0,2060.0,18700
2016-11-17,2090.0,2210.0,2070.0,2200.0,28200
2016-11-18,2140.0,2180.0,2090.0,2120.0,14600
2016-11-21,2120.0,2120.0,2000.0,2010.0,26900
2016-11-22,2020.0,2260.0,2020.0,2190.0,67800
2016-11-24,2270.0,2340.0,2230.0,2340.0,62700
2016-11-25,2280.0,2330.0,2170.0,2200.0,39700
2016-11-28,2280.0,2390.0,2250.0,2280.0,51200
2016-11-29,2320.0,2330.0,2220.0,2280.0,30200
2016-11-30,2250.0,2320.0,2200.0,2210.0,37300
2016-12-01,2250.0,2270.0,2210.0,2250.0,16300
2016-12-02,2290.0,2530.0,2180.0,2180.0,120500
2016-12-05,2180.0,2220.0,2130.0,2130.0,18200
2016-12-06,2200.0,2200.0,2100.0,2120.0,8000
2016-12-07,2130.0,2130.0,2010.0,2030.0,17100
2016-12-08,2030.0,2030.0,1990.0,2000.0,12900
2016-12-09,2000.0,2020.0,1990.0,2000.0,6500
2016-12-12,2020.0,2030.0,2010.0,2020.0,5700
2016-12-13,2000.0,2010.0,1990.0,1990.0,5800
2016-12-14,2040.0,2050.0,1990.0,1990.0,13600
2016-12-15,2000.0,2000.0,1930.0,1940.0,16800
2016-12-16,1950.0,1960.0,1930.0,1940.0,12600
2016-12-19,1940.0,1940.0,1850.0,1870.0,13800
2016-12-20,1880.0,1880.0,1840.0,1840.0,6300
2016-12-21,1860.0,1870.0,1840.0,1840.0,4000
2016-12-22,1860.0,1860.0,1770.0,1790.0,18900
2016-12-26,1790.0,1810.0,1790.0,1800.0,3300
2016-12-27,1800.0,1860.0,1800.0,1820.0,6600
2016-12-28,1820.0,1890.0,1820.0,1860.0,2300
2016-12-29,1860.0,1860.0,1830.0,1840.0,3800
2016-12-30,1840.0,1840.0,1830.0,1830.0,1100
2017-01-04,1830.0,1850.0,1810.0,1840.0,4500
2017-01-05,1830.0,1880.0,1820.0,1850.0,8300
2017-01-06,1850.0,1880.0,1840.0,1860.0,5200
2017-01-10,1870.0,1890.0,1860.0,1880.0,4700
2017-01-11,1880.0,1910.0,1880.0,1900.0,3700
2017-01-12,1910.0,1910.0,1850.0,1850.0,4100
2017-01-13,1840.0,1850.0,1820.0,1840.0,6100
2017-01-16,1920.0,1950.0,1860.0,1880.0,29100
2017-01-17,1970.0,2010.0,1920.0,1920.0,53500
2017-01-18,1910.0,1910.0,1860.0,1880.0,14600
2017-01-19,1900.0,1900.0,1870.0,1880.0,7000
2017-01-20,1870.0,1870.0,1750.0,1830.0,29700
2017-01-23,1850.0,1880.0,1840.0,1870.0,10000
2017-01-24,1900.0,2070.0,1890.0,2000.0,93400
2017-01-25,1980.0,2010.0,1970.0,2010.0,31700
2017-01-26,2030.0,2040.0,1980.0,2000.0,21000
2017-01-27,1980.0,2000.0,1960.0,1990.0,8400
2017-01-30,1960.0,1970.0,1940.0,1960.0,9900
2017-01-31,1950.0,2030.0,1890.0,1890.0,43100
2017-02-01,1880.0,1900.0,1840.0,1890.0,17900
2017-02-02,1900.0,1900.0,1870.0,1890.0,3700
2017-02-03,1900.0,1910.0,1850.0,1870.0,6800
2017-02-06,1870.0,1900.0,1870.0,1900.0,3300
2017-02-07,1920.0,1930.0,1900.0,1910.0,3900
2017-02-08,1900.0,1920.0,1900.0,1910.0,5700
2017-02-09,1910.0,1930.0,1910.0,1920.0,4200
2017-02-10,1920.0,1940.0,1920.0,1930.0,3400
2017-02-13,1900.0,1920.0,1870.0,1910.0,9600
2017-02-14,1920.0,1920.0,1900.0,1920.0,6700
2017-02-15,1920.0,1920.0,1900.0,1900.0,1200
2017-02-16,1900.0,1900.0,1880.0,1890.0,5000
2017-02-17,1880.0,1890.0,1870.0,1890.0,2200
2017-02-20,1890.0,1890.0,1880.0,1880.0,2100
2017-02-21,1890.0,1920.0,1890.0,1890.0,5800
2017-02-22,1900.0,1900.0,1890.0,1890.0,2800
2017-02-23,1900.0,2040.0,1900.0,1940.0,68000
2017-02-24,1950.0,1980.0,1940.0,1940.0,8200
2017-02-27,1960.0,1960.0,1910.0,1920.0,13100
2017-02-28,1940.0,1960.0,1930.0,1940.0,4100
2017-03-01,1950.0,1950.0,1920.0,1930.0,5900
2017-03-02,1960.0,1960.0,1940.0,1940.0,6400
2017-03-03,1940.0,1950.0,1930.0,1930.0,3100
2017-03-06,1930.0,1930.0,1920.0,1920.0,2800
2017-03-07,1930.0,1930.0,1890.0,1900.0,7000
2017-03-08,1890.0,1980.0,1880.0,1900.0,19200
2017-03-09,1910.0,1910.0,1900.0,1900.0,3000
2017-03-10,1900.0,1910.0,1900.0,1900.0,3400
2017-03-13,1890.0,1900.0,1890.0,1890.0,3100
2017-03-14,1890.0,1890.0,1880.0,1880.0,1600
2017-03-15,1880.0,1880.0,1830.0,1840.0,12600
2017-03-16,1830.0,1850.0,1830.0,1840.0,3700
2017-03-17,1840.0,1870.0,1840.0,1840.0,2500
2017-03-21,1830.0,1830.0,1810.0,1830.0,3200
2017-03-22,1800.0,1820.0,1800.0,1810.0,4000
2017-03-23,1800.0,1800.0,1770.0,1770.0,6200
2017-03-24,1790.0,1790.0,1740.0,1770.0,7500
2017-03-27,1770.0,1770.0,1750.0,1760.0,3700
2017-03-28,1760.0,1760.0,1740.0,1740.0,3100
2017-03-29,1750.0,1770.0,1750.0,1770.0,3400
2017-03-30,1770.0,1770.0,1750.0,1760.0,4900
2017-03-31,1760.0,1820.0,1760.0,1780.0,8200
2017-04-03,1830.0,1850.0,1780.0,1790.0,14000
2017-04-04,1780.0,1780.0,1730.0,1750.0,11400
2017-04-05,1730.0,1740.0,1720.0,1720.0,6100
2017-04-06,1710.0,1710.0,1660.0,1700.0,6800
2017-04-07,1670.0,1670.0,1640.0,1650.0,9100
2017-04-10,1650.0,1670.0,1650.0,1660.0,2900
2017-04-11,1650.0,1690.0,1650.0,1670.0,1500
2017-04-12,1640.0,1640.0,1600.0,1600.0,10400
2017-04-13,1560.0,1560.0,1510.0,1530.0,7800
2017-04-14,1510.0,1520.0,1500.0,1500.0,6100
2017-04-17,1500.0,1550.0,1500.0,1540.0,2100
2017-04-18,1550.0,1590.0,1550.0,1550.0,5000
2017-04-19,1590.0,1610.0,1590.0,1610.0,2300
2017-04-20,1600.0,1620.0,1590.0,1600.0,1500
2017-04-21,1610.0,1620.0,1610.0,1610.0,800
2017-04-24,1640.0,1640.0,1590.0,1590.0,3400
2017-04-25,1620.0,1620.0,1590.0,1600.0,1700
2017-04-26,1610.0,1640.0,1610.0,1610.0,3500
2017-04-27,1620.0,1650.0,1610.0,1620.0,3600
2017-04-28,1630.0,1640.0,1630.0,1630.0,400
2017-05-01,1630.0,1640.0,1630.0,1630.0,800
2017-05-02,1630.0,1640.0,1610.0,1610.0,1800
2017-05-08,1620.0,1630.0,1610.0,1630.0,1500
2017-05-09,1610.0,1630.0,1600.0,1630.0,1800
2017-05-10,1630.0,1650.0,1630.0,1650.0,800
2017-05-11,1650.0,1670.0,1630.0,1650.0,2700
2017-05-12,1650.0,1650.0,1620.0,1630.0,1000
2017-05-15,1620.0,1620.0,1600.0,1610.0,1700
2017-05-16,1610.0,1650.0,1600.0,1600.0,2300
2017-05-17,1620.0,1630.0,1610.0,1620.0,1400
2017-05-18,1590.0,1610.0,1570.0,1580.0,3700
2017-05-19,1580.0,1610.0,1580.0,1610.0,1700
2017-05-22,1610.0,1610.0,1590.0,1590.0,3000
2017-05-23,1590.0,1620.0,1590.0,1620.0,2200
2017-05-24,1600.0,1630.0,1600.0,1610.0,2600
2017-05-25,1590.0,1600.0,1570.0,1590.0,11000
2017-05-26,1600.0,1620.0,1590.0,1600.0,4500
2017-05-29,1570.0,1570.0,1541.0,1541.0,4600
2017-05-30,1543.0,1569.0,1543.0,1543.0,3400
2017-05-31,1559.0,1559.0,1543.0,1543.0,1000
2017-06-01,1519.0,1543.0,1512.0,1543.0,6900
2017-06-02,1532.0,1543.0,1532.0,1536.0,2400
2017-06-05,1523.0,1532.0,1521.0,1521.0,1000
2017-06-06,1520.0,1520.0,1512.0,1512.0,2100
2017-06-07,1515.0,1515.0,1502.0,1504.0,4400
2017-06-08,1505.0,1515.0,1504.0,1504.0,2100
2017-06-09,1532.0,1538.0,1532.0,1534.0,1500
2017-06-12,1530.0,1530.0,1506.0,1508.0,2200
2017-06-13,1508.0,1518.0,1505.0,1514.0,2600
2017-06-14,1505.0,1505.0,1503.0,1503.0,1100
2017-06-15,1502.0,1518.0,1502.0,1508.0,1700
2017-06-16,1515.0,1515.0,1502.0,1502.0,800
2017-06-19,1517.0,1517.0,1504.0,1505.0,700
2017-06-20,1514.0,1515.0,1504.0,1507.0,2000
2017-06-21,1511.0,1513.0,1511.0,1513.0,300
2017-06-22,1513.0,1528.0,1513.0,1528.0,1300
2017-06-23,1533.0,1533.0,1504.0,1508.0,2700
2017-06-26,1508.0,1513.0,1508.0,1509.0,800
2017-06-27,1519.0,1519.0,1509.0,1509.0,700
2017-06-28,1521.0,1521.0,1509.0,1509.0,1200
2017-06-29,1510.0,1510.0,1505.0,1505.0,2200
2017-06-30,1504.0,1505.0,1502.0,1502.0,1900
2017-07-03,1502.0,1502.0,1502.0,1502.0,700
2017-07-04,1501.0,1510.0,1501.0,1504.0,800
2017-07-05,1504.0,1515.0,1504.0,1513.0,600
2017-07-06,1513.0,1513.0,1502.0,1513.0,2400
2017-07-07,1516.0,1525.0,1515.0,1524.0,3900
2017-07-10,1532.0,1532.0,1525.0,1531.0,2600
2017-07-11,1533.0,1550.0,1526.0,1534.0,4800
2017-07-12,1530.0,1530.0,1527.0,1528.0,1100
2017-07-13,1528.0,1528.0,1527.0,1527.0,800
2017-07-14,1535.0,1568.0,1535.0,1546.0,4000
2017-07-17,1546.0,1546.0,1546.0,1546.0,0
2017-07-18,1546.0,1548.0,1517.0,1538.0,2900
2017-07-19,1520.0,1522.0,1520.0,1522.0,1000
2017-07-20,1522.0,1537.0,1505.0,1513.0,4000
2017-07-21,1517.0,1517.0,1513.0,1513.0,1200
2017-07-24,1513.0,1520.0,1513.0,1514.0,500
2017-07-25,1523.0,1523.0,1514.0,1514.0,800
2017-07-26,1515.0,1523.0,1515.0,1515.0,600
2017-07-27,1520.0,1520.0,1515.0,1515.0,900
2017-07-28,1522.0,1522.0,1515.0,1515.0,2000
2017-07-31,1512.0,1512.0,1506.0,1506.0,700
2017-08-01,1505.0,1505.0,1504.0,1504.0,1600
2017-08-02,1503.0,1510.0,1501.0,1501.0,1100
2017-08-03,1500.0,1534.0,1500.0,1504.0,3800
2017-08-04,1519.0,1519.0,1503.0,1519.0,2000
2017-08-07,1511.0,1511.0,1498.0,1498.0,700
2017-08-08,1500.0,1501.0,1500.0,1500.0,1300
2017-08-09,1501.0,1501.0,1495.0,1500.0,800
2017-08-10,1498.0,1499.0,1494.0,1494.0,4700
2017-08-11,1494.0,1494.0,1494.0,1494.0,0
2017-08-14,1486.0,1486.0,1481.0,1481.0,1400
2017-08-15,1484.0,1484.0,1480.0,1480.0,2600
2017-08-16,1500.0,1522.0,1481.0,1482.0,2500
2017-08-17,1500.0,1500.0,1500.0,1500.0,100
2017-08-18,1485.0,1500.0,1485.0,1500.0,1500
2017-08-21,1500.0,1502.0,1487.0,1487.0,1200
2017-08-22,1483.0,1484.0,1482.0,1482.0,900
2017-08-23,1482.0,1488.0,1479.0,1488.0,1400
2017-08-24,1483.0,1483.0,1483.0,1483.0,1300
2017-08-25,1481.0,1481.0,1480.0,1480.0,1200
2017-08-28,1490.0,1496.0,1490.0,1494.0,2300
2017-08-29,1494.0,1495.0,1493.0,1493.0,1700
2017-08-30,1500.0,1500.0,1500.0,1500.0,200
2017-08-31,1494.0,1494.0,1494.0,1494.0,300
2017-09-01,1493.0,1493.0,1488.0,1491.0,300
2017-09-04,1494.0,1494.0,1487.0,1487.0,1900
2017-09-05,1487.0,1487.0,1480.0,1480.0,1100
2017-09-06,1478.0,1478.0,1468.0,1474.0,900
2017-09-07,1473.0,1473.0,1473.0,1473.0,100
2017-09-08,1466.0,1470.0,1466.0,1469.0,1200
2017-09-11,1478.0,1478.0,1478.0,1478.0,200
2017-09-12,1478.0,1478.0,1468.0,1468.0,1800
2017-09-13,1470.0,1475.0,1470.0,1475.0,400
2017-09-14,1482.0,1490.0,1481.0,1484.0,1700
2017-09-15,1478.0,1492.0,1478.0,1492.0,700
2017-09-18,1492.0,1492.0,1492.0,1492.0,0
2017-09-19,1490.0,1490.0,1484.0,1484.0,1600
2017-09-20,1490.0,1490.0,1480.0,1489.0,700
2017-09-21,1490.0,1490.0,1489.0,1490.0,1300
2017-09-22,1490.0,1490.0,1479.0,1480.0,1600
2017-09-25,1475.0,1475.0,1475.0,1475.0,100
2017-09-26,1475.0,1480.0,1475.0,1480.0,1700
2017-09-27,1481.0,1485.0,1481.0,1485.0,300
2017-09-28,1507.0,1507.0,1486.0,1486.0,2700
2017-09-29,1489.0,1499.0,1489.0,1499.0,1800
2017-10-02,1500.0,1514.0,1499.0,1514.0,2400
2017-10-03,1525.0,1580.0,1525.0,1550.0,6100
2017-10-04,1566.0,1566.0,1532.0,1538.0,1900
2017-10-05,1538.0,1538.0,1514.0,1514.0,600
2017-10-06,1524.0,1542.0,1523.0,1542.0,2600
2017-10-09,1542.0,1542.0,1542.0,1542.0,0
2017-10-10,1534.0,1535.0,1515.0,1527.0,2600
2017-10-11,1521.0,1521.0,1505.0,1510.0,2700
2017-10-12,1508.0,1510.0,1495.0,1508.0,3800
2017-10-13,1494.0,1502.0,1494.0,1500.0,3100
2017-10-16,1503.0,1517.0,1502.0,1502.0,1100
2017-10-17,1516.0,1516.0,1501.0,1501.0,2000
2017-10-18,1516.0,1520.0,1503.0,1505.0,2000
2017-10-19,1506.0,1510.0,1503.0,1503.0,1100
2017-10-20,1507.0,1515.0,1504.0,1504.0,3000
2017-10-23,1529.0,1529.0,1510.0,1510.0,1500
2017-10-24,1530.0,1530.0,1515.0,1520.0,1400
2017-10-25,1520.0,1520.0,1520.0,1520.0,0
2017-10-26,1527.0,1530.0,1525.0,1530.0,1800
2017-10-27,1535.0,1535.0,1530.0,1530.0,2700
2017-10-30,1570.0,1570.0,1548.0,1556.0,4100
2017-10-31,1556.0,1556.0,1535.0,1555.0,4400
2017-11-01,1555.0,1560.0,1545.0,1560.0,2500
2017-11-02,1560.0,1560.0,1550.0,1550.0,1600
2017-11-03,1550.0,1550.0,1550.0,1550.0,0
2017-11-06,1555.0,1558.0,1555.0,1556.0,2400
2017-11-07,1566.0,1566.0,1551.0,1551.0,1900
2017-11-08,1551.0,1551.0,1551.0,1551.0,0
2017-11-09,1548.0,1567.0,1548.0,1551.0,4500
2017-11-10,1548.0,1551.0,1535.0,1551.0,2000
2017-11-13,1542.0,1558.0,1542.0,1543.0,4200
2017-11-14,1554.0,1554.0,1540.0,1541.0,2100
2017-11-15,1541.0,1546.0,1539.0,1539.0,6000
2017-11-16,1540.0,1543.0,1536.0,1543.0,800
2017-11-17,1544.0,1552.0,1544.0,1549.0,1300
2017-11-20,1549.0,1557.0,1548.0,1557.0,1500
2017-11-21,1557.0,1560.0,1557.0,1557.0,2000
2017-11-22,1558.0,1567.0,1558.0,1567.0,4600
2017-11-23,1567.0,1567.0,1567.0,1567.0,0
2017-11-24,1567.0,1579.0,1567.0,1568.0,5500
2017-11-27,1573.0,1596.0,1572.0,1596.0,6600
2017-11-28,1511.0,1531.0,1511.0,1524.0,12700
2017-11-29,1519.0,1519.0,1500.0,1505.0,4800
2017-11-30,1505.0,1506.0,1505.0,1506.0,700
2017-12-01,1500.0,1502.0,1471.0,1498.0,4600
2017-12-04,1503.0,1503.0,1420.0,1459.0,6300
2017-12-05,1463.0,1474.0,1463.0,1463.0,3400
2017-12-06,1466.0,1473.0,1463.0,1463.0,1700
2017-12-07,1463.0,1463.0,1435.0,1441.0,4000
2017-12-08,1441.0,1441.0,1438.0,1438.0,1000
2017-12-11,1441.0,1448.0,1427.0,1427.0,3400
2017-12-12,1427.0,1432.0,1421.0,1421.0,6200
2017-12-13,1427.0,1427.0,1421.0,1421.0,2300
2017-12-14,1420.0,1420.0,1405.0,1412.0,6900
2017-12-15,1405.0,1409.0,1405.0,1409.0,1700
2017-12-18,1409.0,1409.0,1409.0,1409.0,0
2017-12-19,1411.0,1415.0,1410.0,1410.0,1500
2017-12-20,1409.0,1409.0,1401.0,1401.0,6500
2017-12-21,1402.0,1404.0,1400.0,1402.0,5400
2017-12-22,1401.0,1403.0,1400.0,1402.0,2900
2017-12-25,1409.0,1409.0,1402.0,1402.0,1700
2017-12-26,1402.0,1403.0,1400.0,1403.0,7400
2017-12-27,1405.0,1405.0,1400.0,1403.0,4400
2017-12-28,1405.0,1410.0,1400.0,1409.0,4000
2017-12-29,1411.0,1411.0,1403.0,1403.0,1700
2018-01-01,1403.0,1403.0,1403.0,1403.0,0
2018-01-02,1403.0,1403.0,1403.0,1403.0,0
2018-01-03,1403.0,1403.0,1403.0,1403.0,0
2018-01-04,1422.0,1422.0,1407.0,1420.0,1900
2018-01-05,1413.0,1425.0,1413.0,1425.0,1800
2018-01-08,1425.0,1425.0,1425.0,1425.0,0
2018-01-09,1430.0,1439.0,1425.0,1432.0,6400
2018-01-10,1436.0,1436.0,1424.0,1424.0,500
2018-01-11,1430.0,1440.0,1430.0,1440.0,1200
2018-01-12,1441.0,1455.0,1441.0,1455.0,5000
2018-01-15,1442.0,1449.0,1440.0,1449.0,900
2018-01-16,1449.0,1449.0,1449.0,1449.0,0
2018-01-17,1439.0,1439.0,1436.0,1436.0,800
2018-01-18,1450.0,1450.0,1439.0,1444.0,900
2018-01-19,1432.0,1448.0,1424.0,1424.0,7500
2018-01-22,1724.0,1724.0,1724.0,1724.0,23200
2018-01-23,1651.0,1762.0,1620.0,1699.0,116700
2018-01-24,1659.0,1681.0,1640.0,1640.0,14000
2018-01-25,1646.0,1650.0,1597.0,1602.0,13700
2018-01-26,1600.0,1618.0,1598.0,1606.0,3600
2018-01-29,1607.0,1608.0,1554.0,1559.0,7300
2018-01-30,1593.0,1593.0,1547.0,1556.0,1000
2018-01-31,1556.0,1556.0,1556.0,1556.0,0
2018-02-01,1556.0,1556.0,1533.0,1533.0,1200
2018-02-02,1541.0,1541.0,1520.0,1520.0,1800
2018-02-05,1513.0,1542.0,1496.0,1513.0,1500
2018-02-06,1508.0,1508.0,1464.0,1464.0,800
2018-02-07,1464.0,1464.0,1464.0,1464.0,0
2018-02-08,1469.0,1469.0,1454.0,1457.0,900
2018-02-09,1432.0,1434.0,1404.0,1411.0,4800
2018-02-12,1411.0,1411.0,1411.0,1411.0,0
2018-02-13,1431.0,1431.0,1431.0,1431.0,200
2018-02-14,1422.0,1440.0,1422.0,1428.0,1900
2018-02-15,1430.0,1450.0,1430.0,1450.0,1000
2018-02-16,1450.0,1450.0,1450.0,1450.0,0
2018-02-19,1474.0,1474.0,1474.0,1474.0,200
2018-02-20,1474.0,1474.0,1474.0,1474.0,0
2018-02-21,1480.0,1495.0,1480.0,1488.0,1200
2018-02-22,1488.0,1499.0,1488.0,1499.0,800
2018-02-23,1500.0,1505.0,1500.0,1502.0,900
2018-02-26,1502.0,1502.0,1502.0,1502.0,0
2018-02-27,1510.0,1510.0,1504.0,1504.0,1000
2018-02-28,1504.0,1504.0,1504.0,1504.0,0
2018-03-01,1504.0,1505.0,1504.0,1505.0,300
2018-03-02,1505.0,1505.0,1465.0,1465.0,2100
2018-03-05,1465.0,1465.0,1431.0,1431.0,900
2018-03-06,1431.0,1431.0,1431.0,1431.0,0
2018-03-07,1450.0,1450.0,1450.0,1450.0,100
2018-03-08,1450.0,1450.0,1450.0,1450.0,0
2018-03-09,1455.0,1474.0,1455.0,1473.0,1200
2018-03-12,1477.0,1477.0,1445.0,1459.0,1300
2018-03-13,1459.0,1459.0,1459.0,1459.0,0
2018-03-14,1470.0,1483.0,1470.0,1483.0,200
2018-03-15,1470.0,1495.0,1447.0,1463.0,3500
2018-03-16,1450.0,1451.0,1450.0,1451.0,1600
2018-03-19,1451.0,1451.0,1451.0,1451.0,0
2018-03-20,1441.0,1443.0,1441.0,1443.0,300
2018-03-21,1443.0,1443.0,1443.0,1443.0,0
2018-03-22,1443.0,1443.0,1443.0,1443.0,0
2018-03-23,1443.0,1444.0,1431.0,1431.0,1900
2018-03-26,1431.0,1431.0,1431.0,1431.0,0
2018-03-27,1431.0,1431.0,1431.0,1431.0,0
2018-03-28,1431.0,1431.0,1431.0,1431.0,0
2018-03-29,1431.0,1431.0,1431.0,1431.0,0
2018-03-30,1431.0,1431.0,1431.0,1431.0,0
2018-04-02,1468.0,1546.0,1468.0,1515.0,1700
2018-04-03,1500.0,1500.0,1413.0,1446.0,8900
2018-04-04,1461.0,1485.0,1461.0,1470.0,2500
2018-04-05,1468.0,1479.0,1456.0,1478.0,2100
2018-04-06,1482.0,1550.0,1482.0,1548.0,11600
2018-04-09,1430.0,1433.0,1384.0,1405.0,38800
2018-04-10,1410.0,1415.0,1399.0,1405.0,3800
2018-04-11,1404.0,1408.0,1400.0,1400.0,2300
2018-04-12,1402.0,1402.0,1399.0,1400.0,700
2018-04-13,1413.0,1413.0,1400.0,1400.0,2400
2018-04-16,1401.0,1401.0,1395.0,1395.0,1500
2018-04-17,1400.0,1400.0,1385.0,1387.0,3900
2018-04-18,1391.0,1397.0,1391.0,1396.0,800
2018-04-19,1404.0,1404.0,1390.0,1390.0,1600
2018-04-20,1396.0,1418.0,1396.0,1410.0,2200
2018-04-23,1410.0,1410.0,1410.0,1410.0,0
2018-04-24,1427.0,1442.0,1425.0,1441.0,2700
2018-04-25,1425.0,1439.0,1425.0,1439.0,1300
2018-04-26,1441.0,1441.0,1437.0,1437.0,1700
2018-04-27,1437.0,1437.0,1428.0,1430.0,700
2018-04-30,1430.0,1430.0,1430.0,1430.0,0
2018-05-01,1421.0,1441.0,1421.0,1441.0,600
2018-05-02,1441.0,1441.0,1441.0,1441.0,0
2018-05-03,1441.0,1441.0,1441.0,1441.0,0
2018-05-04,1441.0,1441.0,1441.0,1441.0,0
2018-05-07,1441.0,1441.0,1441.0,1441.0,0
2018-05-08,1441.0,1441.0,1441.0,1441.0,0
2018-05-09,1441.0,1441.0,1441.0,1441.0,0
2018-05-10,1441.0,1441.0,1441.0,1441.0,0
2018-05-11,1441.0,1441.0,1441.0,1441.0,0
2018-05-14,1441.0,1441.0,1441.0,1441.0,0
2018-05-15,1428.0,1440.0,1427.0,1440.0,500
2018-05-16,1440.0,1440.0,1440.0,1440.0,0
2018-05-17,1439.0,1439.0,1428.0,1438.0,700
2018-05-18,1432.0,1438.0,1430.0,1438.0,1000
2018-05-21,1438.0,1455.0,1438.0,1455.0,1600
2018-05-22,1464.0,1464.0,1462.0,1462.0,600
2018-05-23,1462.0,1462.0,1451.0,1451.0,2400
2018-05-24,1451.0,1451.0,1451.0,1451.0,0
2018-05-25,1451.0,1451.0,1451.0,1451.0,0
2018-05-28,1451.0,1451.0,1451.0,1451.0,0
2018-05-29,1439.0,1446.0,1427.0,1446.0,1600
2018-05-30,1446.0,1446.0,1446.0,1446.0,0
2018-05-31,1446.0,1446.0,1446.0,1446.0,0
2018-06-01,1446.0,1446.0,1446.0,1446.0,0
2018-06-04,1446.0,1446.0,1446.0,1446.0,0
2018-06-05,1442.0,1442.0,1424.0,1424.0,2500
2018-06-06,1423.0,1426.0,1423.0,1424.0,1400
2018-06-07,1418.0,1418.0,1417.0,1417.0,300
2018-06-08,1425.0,1430.0,1425.0,1430.0,1200
2018-06-11,1444.0,1447.0,1444.0,1447.0,700
2018-06-12,1450.0,1489.0,1450.0,1489.0,1600
2018-06-13,1474.0,1490.0,1470.0,1485.0,2800
2018-06-14,1462.0,1486.0,1460.0,1469.0,1000
2018-06-15,1469.0,1469.0,1469.0,1469.0,0
2018-06-18,1465.0,1465.0,1411.0,1411.0,2500
2018-06-19,1465.0,1465.0,1430.0,1430.0,1300
2018-06-20,1430.0,1430.0,1430.0,1430.0,0
2018-06-21,1436.0,1452.0,1436.0,1452.0,300
2018-06-22,1452.0,1458.0,1431.0,1431.0,1600
2018-06-25,1428.0,1451.0,1428.0,1435.0,1200
2018-06-26,1435.0,1435.0,1435.0,1435.0,0
2018-06-27,1452.0,1452.0,1418.0,1427.0,1200
2018-06-28,1427.0,1427.0,1427.0,1427.0,0
2018-06-29,1427.0,1427.0,1427.0,1427.0,0
2018-07-02,1449.0,1449.0,1429.0,1445.0,300
2018-07-03,1424.0,1424.0,1422.0,1422.0,200
2018-07-04,1422.0,1422.0,1422.0,1422.0,0
2018-07-05,1410.0,1410.0,1410.0,1410.0,1000
2018-07-06,1410.0,1410.0,1410.0,1410.0,0
2018-07-09,1442.0,1442.0,1442.0,1442.0,100
2018-07-10,1442.0,1442.0,1442.0,1442.0,0
2018-07-11,1422.0,1422.0,1406.0,1406.0,800
2018-07-12,1406.0,1450.0,1406.0,1436.0,3000
2018-07-13,1447.0,1447.0,1421.0,1421.0,900
2018-07-16,1421.0,1421.0,1421.0,1421.0,0
2018-07-17,1438.0,1438.0,1411.0,1412.0,1600
2018-07-18,1412.0,1416.0,1410.0,1416.0,800
2018-07-19,1416.0,1416.0,1416.0,1416.0,0
2018-07-20,1416.0,1416.0,1416.0,1416.0,0
2018-07-23,1404.0,1408.0,1402.0,1402.0,2700
2018-07-24,1396.0,1408.0,1396.0,1408.0,600
2018-07-25,1408.0,1408.0,1408.0,1408.0,0
2018-07-26,1408.0,1408.0,1408.0,1408.0,0
2018-07-27,1412.0,1414.0,1412.0,1414.0,1300
2018-07-30,1414.0,1414.0,1414.0,1414.0,0
2018-07-31,1414.0,1414.0,1414.0,1414.0,0
2018-08-01,1418.0,1418.0,1415.0,1415.0,600
2018-08-02,1421.0,1421.0,1417.0,1420.0,800
2018-08-03,1420.0,1420.0,1420.0,1420.0,0
2018-08-06,1405.0,1405.0,1404.0,1404.0,200
2018-08-07,1420.0,1420.0,1420.0,1420.0,300
2018-08-08,1424.0,1425.0,1420.0,1425.0,700
2018-08-09,1425.0,1426.0,1425.0,1426.0,200
2018-08-10,1425.0,1425.0,1425.0,1425.0,500
2018-08-13,1427.0,1427.0,1405.0,1419.0,1700
2018-08-14,1426.0,1426.0,1423.0,1424.0,1300
2018-08-15,1410.0,1426.0,1400.0,1426.0,4000
2018-08-16,1408.0,1412.0,1398.0,1398.0,2700
2018-08-17,1428.0,1428.0,1408.0,1419.0,500
2018-08-20,1419.0,1419.0,1419.0,1419.0,0
2018-08-21,1419.0,1419.0,1419.0,1419.0,0
2018-08-22,1419.0,1419.0,1419.0,1419.0,0
2018-08-23,1419.0,1419.0,1419.0,1419.0,0
2018-08-24,1399.0,1411.0,1399.0,1400.0,1500
2018-08-27,1420.0,1420.0,1419.0,1419.0,400
2018-08-28,1425.0,1425.0,1419.0,1424.0,1700
2018-08-29,1424.0,1424.0,1401.0,1423.0,1200
2018-08-30,1405.0,1407.0,1402.0,1405.0,900
2018-08-31,1406.0,1438.0,1404.0,1438.0,1000
2018-09-03,1401.0,1447.0,1401.0,1417.0,1200
2018-09-04,1417.0,1417.0,1417.0,1417.0,0
2018-09-05,1417.0,1417.0,1417.0,1417.0,0
2018-09-06,1417.0,1417.0,1417.0,1417.0,0
2018-09-07,1417.0,1417.0,1417.0,1417.0,0
2018-09-10,1417.0,1417.0,1417.0,1417.0,0
2018-09-11,1408.0,1414.0,1408.0,1414.0,300
2018-09-12,1414.0,1414.0,1414.0,1414.0,0
2018-09-13,1411.0,1411.0,1411.0,1411.0,500
2018-09-14,1417.0,1417.0,1414.0,1414.0,1200
2018-09-17,1414.0,1414.0,1414.0,1414.0,0
2018-09-18,1420.0,1420.0,1420.0,1420.0,400
2018-09-19,1420.0,1420.0,1420.0,1420.0,100
2018-09-20,1420.0,1420.0,1420.0,1420.0,0
2018-09-21,1427.0,1430.0,1427.0,1430.0,800
2018-09-24,1430.0,1430.0,1430.0,1430.0,0
2018-09-25,1435.0,1435.0,1431.0,1431.0,1100
2018-09-26,1438.0,1439.0,1438.0,1438.0,900
2018-09-27,1438.0,1438.0,1438.0,1438.0,0
2018-09-28,1438.0,1438.0,1438.0,1438.0,0
2018-10-01,1445.0,1445.0,1445.0,1445.0,100
2018-10-02,1445.0,1445.0,1443.0,1443.0,900
2018-10-03,1445.0,1488.0,1445.0,1475.0,2700
2018-10-04,1470.0,1500.0,1447.0,1453.0,4400
2018-10-05,1448.0,1448.0,1448.0,1448.0,100
2018-10-08,1448.0,1448.0,1448.0,1448.0,0
2018-10-09,1448.0,1448.0,1448.0,1448.0,0
2018-10-10,1450.0,1459.0,1450.0,1459.0,200
2018-10-11,1445.0,1445.0,1410.0,1433.0,2000
2018-10-12,1433.0,1433.0,1432.0,1432.0,400
2018-10-15,1425.0,1433.0,1425.0,1433.0,200
2018-10-16,1433.0,1433.0,1433.0,1433.0,0
2018-10-17,1433.0,1433.0,1433.0,1433.0,0
2018-10-18,1433.0,1433.0,1433.0,1433.0,0
2018-10-19,1433.0,1433.0,1433.0,1433.0,0
2018-10-22,1458.0,1458.0,1440.0,1440.0,1300
2018-10-23,1437.0,1437.0,1435.0,1435.0,400
2018-10-24,1422.0,1436.0,1422.0,1430.0,1600
2018-10-25,1411.0,1437.0,1403.0,1412.0,3100
2018-10-26,1412.0,1412.0,1412.0,1412.0,0
2018-10-29,1408.0,1425.0,1408.0,1421.0,500
2018-10-30,1406.0,1449.0,1406.0,1422.0,1500
2018-10-31,1420.0,1433.0,1412.0,1433.0,1300
2018-11-01,1428.0,1433.0,1410.0,1430.0,2500
2018-11-02,1418.0,1441.0,1418.0,1432.0,600
2018-11-05,1440.0,1440.0,1435.0,1435.0,500
2018-11-06,1435.0,1435.0,1435.0,1435.0,0
2018-11-07,1435.0,1435.0,1435.0,1435.0,0
2018-11-08,1459.0,1459.0,1451.0,1457.0,1000
2018-11-09,1480.0,1480.0,1445.0,1457.0,1300
2018-11-12,1455.0,1484.0,1455.0,1483.0,2500
2018-11-13,1460.0,1460.0,1459.0,1459.0,200
2018-11-14,1459.0,1459.0,1459.0,1459.0,0
2018-11-15,1448.0,1448.0,1443.0,1443.0,200
2018-11-16,1443.0,1443.0,1443.0,1443.0,0
2018-11-19,1443.0,1446.0,1441.0,1446.0,1300
2018-11-20,1445.0,1450.0,1440.0,1442.0,1000
2018-11-21,1442.0,1444.0,1442.0,1444.0,1000
2018-11-22,1444.0,1459.0,1438.0,1438.0,2400
2018-11-23,1438.0,1438.0,1438.0,1438.0,0
2018-11-26,1568.0,1568.0,1438.0,1470.0,10100
2018-11-27,1470.0,1564.0,1451.0,1470.0,15300
2018-11-28,1410.0,1418.0,1407.0,1416.0,600
2018-11-29,1416.0,1416.0,1416.0,1416.0,0
2018-11-30,1415.0,1415.0,1401.0,1401.0,900
2018-12-03,1401.0,1415.0,1396.0,1399.0,3100
2018-12-04,1396.0,1396.0,1392.0,1392.0,4000
2018-12-05,1392.0,1392.0,1392.0,1392.0,0
2018-12-06,1400.0,1400.0,1400.0,1400.0,300
2018-12-07,1400.0,1400.0,1400.0,1400.0,0
2018-12-10,1310.0,1318.0,1302.0,1318.0,2400
2018-12-11,1325.0,1325.0,1298.0,1298.0,1500
2018-12-12,1292.0,1347.0,1292.0,1317.0,700
2018-12-13,1317.0,1347.0,1317.0,1347.0,300
2018-12-14,1297.0,1297.0,1295.0,1295.0,500
2018-12-17,1276.0,1276.0,1122.0,1150.0,3700
2018-12-18,1199.0,1234.0,1139.0,1232.0,3000
2018-12-19,1173.0,1211.0,1173.0,1211.0,800
2018-12-20,1180.0,1197.0,1050.0,1110.0,2100
2018-12-21,1110.0,1170.0,1110.0,1110.0,2600
2018-12-24,1110.0,1110.0,1110.0,1110.0,0
2018-12-25,1050.0,1050.0,953.0,953.0,2700
2018-12-26,1097.0,1097.0,1007.0,1035.0,800
2018-12-27,1065.0,1065.0,1035.0,1035.0,1800
2018-12-28,1035.0,1035.0,1035.0,1035.0,0
2018-12-31,1035.0,1035.0,1035.0,1035.0,0
2019-01-04,1095.0,1095.0,1094.0,1095.0,600
2019-01-07,1198.0,1198.0,1187.0,1188.0,800
2019-01-08,1188.0,1188.0,1188.0,1188.0,0
2019-01-09,1136.0,1136.0,1136.0,1136.0,200
2019-01-10,1106.0,1106.0,1090.0,1090.0,1200
2019-01-11,1090.0,1090.0,1090.0,1090.0,0
2019-01-15,1090.0,1090.0,1090.0,1090.0,0
2019-01-16,1101.0,1135.0,1101.0,1135.0,600
2019-01-17,1147.0,1151.0,1140.0,1151.0,2500
2019-01-18,1151.0,1153.0,1121.0,1153.0,600
2019-01-21,1153.0,1153.0,1153.0,1153.0,0
2019-01-22,1084.0,1098.0,1080.0,1081.0,7100
2019-01-23,1079.0,1079.0,1079.0,1079.0,3600
2019-01-24,1079.0,1079.0,1079.0,1079.0,0
2019-01-25,1080.0,1110.0,1061.0,1080.0,1400
2019-01-28,1080.0,1080.0,1080.0,1080.0,0
2019-01-29,1088.0,1088.0,1088.0,1088.0,100
2019-01-30,1088.0,1088.0,1088.0,1088.0,0
2019-01-31,1088.0,1088.0,1081.0,1081.0,400
2019-02-01,1081.0,1081.0,1081.0,1081.0,0
2019-02-04,1081.0,1081.0,1081.0,1081.0,0
2019-02-05,1085.0,1098.0,1071.0,1075.0,1500
2019-02-06,1092.0,1110.0,1092.0,1110.0,400
2019-02-07,1110.0,1110.0,1110.0,1110.0,0
2019-02-08,1080.0,1106.0,1080.0,1102.0,300
2019-02-12,1049.0,1079.0,1041.0,1041.0,700
2019-02-13,1030.0,1054.0,1030.0,1054.0,1300
2019-02-14,1032.0,1032.0,1032.0,1032.0,400
2019-02-15,1032.0,1032.0,1032.0,1032.0,0
2019-02-18,1091.0,1140.0,1078.0,1140.0,2000
2019-02-19,1080.0,1110.0,1080.0,1110.0,500
2019-02-20,1075.0,1097.0,1071.0,1097.0,400
2019-02-21,1097.0,1097.0,1097.0,1097.0,0
2019-02-22,1097.0,1117.0,1067.0,1074.0,1900
2019-02-25,1074.0,1074.0,1074.0,1074.0,0
2019-02-26,1074.0,1089.0,1074.0,1074.0,900
2019-02-27,1074.0,1074.0,1074.0,1074.0,0
2019-02-28,1074.0,1074.0,1074.0,1074.0,0
2019-03-01,1074.0,1074.0,1074.0,1074.0,0
2019-03-04,1074.0,1104.0,1074.0,1095.0,1300
2019-03-05,1095.0,1095.0,1095.0,1095.0,0
2019-03-06,1095.0,1095.0,1095.0,1095.0,0
2019-03-07,1034.0,1035.0,1034.0,1035.0,300
2019-03-08,1035.0,1035.0,1035.0,1035.0,0
2019-03-11,1086.0,1086.0,1086.0,1086.0,100
2019-03-12,1056.0,1056.0,1056.0,1056.0,200
2019-03-13,1056.0,1056.0,1056.0,1056.0,0
2019-03-14,1056.0,1056.0,1056.0,1056.0,0
2019-03-15,1002.0,1059.0,1002.0,1030.0,2600
2019-03-18,1037.0,1077.0,1037.0,1073.0,300
2019-03-19,1073.0,1073.0,1073.0,1073.0,0
2019-03-20,1073.0,1073.0,1073.0,1073.0,0
2019-03-22,1073.0,1073.0,1073.0,1073.0,800
2019-03-25,1043.0,1060.0,1043.0,1055.0,1800
2019-03-26,1060.0,1060.0,1055.0,1055.0,1800
2019-03-27,1055.0,1055.0,1043.0,1043.0,500
2019-03-28,1012.0,1013.0,1012.0,1013.0,200
2019-03-29,1012.0,1013.0,1011.0,1011.0,500
2019-04-01,980.0,999.0,980.0,999.0,700
2019-04-02,999.0,999.0,999.0,999.0,0
2019-04-03,987.0,1000.0,985.0,985.0,3000
2019-04-04,999.0,1006.0,999.0,1006.0,700
2019-04-05,1006.0,1006.0,1006.0,1006.0,0
2019-04-08,989.0,989.0,989.0,989.0,100
2019-04-09,983.0,983.0,975.0,975.0,1600
2019-04-10,982.0,982.0,981.0,981.0,200
2019-04-11,981.0,981.0,981.0,981.0,100
2019-04-12,981.0,981.0,981.0,981.0,200
2019-04-15,1011.0,1026.0,965.0,1020.0,3700
2019-04-16,1020.0,1020.0,1020.0,1020.0,0
2019-04-17,990.0,991.0,990.0,990.0,400
2019-04-18,990.0,990.0,990.0,990.0,0
2019-04-19,975.0,1005.0,975.0,999.0,300
2019-04-22,999.0,1001.0,999.0,999.0,1200
2019-04-23,984.0,984.0,976.0,976.0,700
2019-04-24,976.0,976.0,962.0,965.0,900
2019-04-25,965.0,965.0,960.0,961.0,1800
2019-04-26,962.0,970.0,961.0,961.0,1500
2019-05-07,961.0,964.0,961.0,964.0,1100
2019-05-08,964.0,965.0,964.0,964.0,300
2019-05-09,964.0,964.0,937.0,950.0,1900
2019-05-10,950.0,950.0,950.0,950.0,0
2019-05-13,939.0,939.0,939.0,939.0,800
2019-05-14,932.0,932.0,916.0,930.0,1800
2019-05-15,915.0,916.0,915.0,916.0,300
2019-05-16,911.0,911.0,911.0,911.0,200
2019-05-17,918.0,918.0,918.0,918.0,100
2019-05-20,916.0,940.0,914.0,921.0,1200
2019-05-21,951.0,951.0,931.0,931.0,800
2019-05-22,940.0,953.0,940.0,953.0,200
2019-05-23,953.0,953.0,953.0,953.0,800
2019-05-24,910.0,925.0,910.0,925.0,800
2019-05-27,926.0,940.0,926.0,926.0,500
2019-05-28,926.0,940.0,926.0,928.0,1500
2019-05-29,928.0,938.0,928.0,938.0,1000
2019-05-30,938.0,938.0,938.0,938.0,0
2019-05-31,939.0,940.0,938.0,938.0,1400
2019-06-03,938.0,938.0,938.0,938.0,300
2019-06-04,938.0,938.0,938.0,938.0,0
2019-06-05,938.0,938.0,923.0,923.0,2200
2019-06-06,923.0,923.0,923.0,923.0,0
2019-06-07,911.0,911.0,911.0,911.0,100
2019-06-10,911.0,911.0,911.0,911.0,0
2019-06-11,925.0,930.0,916.0,916.0,600
2019-06-12,910.0,911.0,910.0,911.0,200
2019-06-13,911.0,911.0,908.0,908.0,200
2019-06-14,903.0,903.0,903.0,903.0,400
2019-06-17,903.0,903.0,903.0,903.0,300
2019-06-18,903.0,903.0,903.0,903.0,0
2019-06-19,913.0,915.0,913.0,915.0,400
2019-06-20,915.0,915.0,915.0,915.0,500
2019-06-21,915.0,919.0,915.0,917.0,300
2019-06-24,919.0,923.0,919.0,923.0,300
2019-06-25,923.0,923.0,923.0,923.0,0
2019-06-26,923.0,923.0,923.0,923.0,200
2019-06-27,923.0,923.0,923.0,923.0,0
2019-06-28,923.0,923.0,923.0,923.0,0
2019-07-01,925.0,931.0,925.0,931.0,200
2019-07-02,931.0,931.0,931.0,931.0,800
2019-07-03,934.0,934.0,934.0,934.0,200
2019-07-04,934.0,944.0,934.0,944.0,1200
2019-07-05,950.0,957.0,945.0,956.0,900
2019-07-08,956.0,956.0,956.0,956.0,300
2019-07-09,956.0,956.0,954.0,954.0,1400
2019-07-10,939.0,945.0,939.0,945.0,300
2019-07-11,945.0,945.0,945.0,945.0,100
2019-07-12,945.0,945.0,945.0,945.0,0
2019-07-16,959.0,970.0,959.0,964.0,400
2019-07-17,960.0,962.0,960.0,961.0,800
2019-07-18,968.0,968.0,960.0,960.0,800
2019-07-19,962.0,962.0,962.0,962.0,200
2019-07-22,962.0,971.0,962.0,971.0,600
2019-07-23,975.0,975.0,975.0,975.0,500
2019-07-24,979.0,985.0,979.0,985.0,900
2019-07-25,987.0,988.0,987.0,988.0,300
2019-07-26,992.0,992.0,991.0,991.0,300
2019-07-29,999.0,1026.0,999.0,1000.0,600
2019-07-30,1000.0,1000.0,1000.0,1000.0,100
2019-07-31,1010.0,1010.0,1005.0,1005.0,300
2019-08-01,1005.0,1005.0,1005.0,1005.0,0
2019-08-02,1005.0,1005.0,1005.0,1005.0,0
2019-08-05,970.0,970.0,970.0,970.0,100
2019-08-06,970.0,970.0,970.0,970.0,0
2019-08-07,994.0,994.0,994.0,994.0,100
2019-08-08,994.0,994.0,994.0,994.0,0
2019-08-09,964.0,964.0,964.0,964.0,100
2019-08-13,937.0,937.0,928.0,928.0,500
2019-08-14,938.0,938.0,935.0,935.0,200
2019-08-15,935.0,935.0,935.0,935.0,0
2019-08-16,920.0,920.0,920.0,920.0,100
2019-08-19,916.0,923.0,904.0,904.0,2300
2019-08-20,913.0,913.0,913.0,913.0,100
2019-08-21,919.0,927.0,913.0,913.0,1900
2019-08-22,914.0,930.0,914.0,922.0,500
2019-08-23,922.0,928.0,913.0,920.0,1700
2019-08-26,920.0,952.0,920.0,952.0,800
2019-08-27,955.0,971.0,955.0,970.0,800
2019-08-28,973.0,974.0,970.0,970.0,1000
2019-08-29,978.0,978.0,977.0,977.0,400
2019-08-30,977.0,977.0,977.0,977.0,100
2019-09-02,977.0,977.0,977.0,977.0,100
2019-09-03,977.0,977.0,977.0,977.0,0
2019-09-04,977.0,977.0,977.0,977.0,0
2019-09-05,977.0,977.0,977.0,977.0,0
2019-09-06,946.0,946.0,937.0,937.0,600
2019-09-09,938.0,949.0,938.0,949.0,300
2019-09-10,950.0,950.0,935.0,943.0,400
2019-09-11,943.0,943.0,943.0,943.0,0
2019-09-12,943.0,943.0,943.0,943.0,0
2019-09-13,950.0,950.0,950.0,950.0,100
2019-09-17,934.0,934.0,934.0,934.0,100
2019-09-18,949.0,950.0,949.0,950.0,200
2019-09-19,950.0,950.0,950.0,950.0,0
2019-09-20,935.0,943.0,935.0,941.0,600
2019-09-24,941.0,941.0,941.0,941.0,100
2019-09-25,944.0,948.0,941.0,948.0,600
2019-09-26,952.0,952.0,952.0,952.0,200
2019-09-27,960.0,992.0,960.0,990.0,1800
2019-09-30,991.0,994.0,991.0,994.0,700
2019-10-01,994.0,994.0,994.0,994.0,3200
2019-10-02,994.0,994.0,994.0,994.0,600
2019-10-03,994.0,994.0,994.0,994.0,1600
2019-10-04,993.0,993.0,948.0,948.0,1100
2019-10-07,963.0,963.0,943.0,948.0,1100
2019-10-08,948.0,948.0,948.0,948.0,0
2019-10-09,948.0,948.0,948.0,948.0,0
2019-10-10,941.0,941.0,941.0,941.0,100
2019-10-11,955.0,957.0,955.0,957.0,300
2019-10-15,957.0,957.0,957.0,957.0,0
2019-10-16,942.0,957.0,942.0,957.0,1100
2019-10-17,957.0,957.0,957.0,957.0,0
2019-10-18,942.0,949.0,942.0,949.0,500
2019-10-21,949.0,949.0,949.0,949.0,0
2019-10-23,961.0,961.0,961.0,961.0,100
2019-10-24,962.0,970.0,962.0,970.0,800
2019-10-25,970.0,970.0,970.0,970.0,0
2019-10-28,970.0,970.0,970.0,970.0,0
2019-10-29,980.0,980.0,980.0,980.0,100
2019-10-30,989.0,990.0,980.0,988.0,800
2019-10-31,990.0,990.0,988.0,990.0,300
2019-11-01,990.0,990.0,990.0,990.0,1600
2019-11-05,960.0,970.0,955.0,960.0,700
2019-11-06,960.0,960.0,960.0,960.0,0
2019-11-07,960.0,960.0,960.0,960.0,0
2019-11-08,960.0,960.0,960.0,960.0,0
2019-11-11,961.0,961.0,961.0,961.0,100
2019-11-12,961.0,961.0,958.0,960.0,300
2019-11-13,965.0,987.0,965.0,972.0,1300
2019-11-14,972.0,972.0,972.0,972.0,0
2019-11-15,972.0,972.0,972.0,972.0,0
2019-11-18,972.0,972.0,972.0,972.0,0
2019-11-19,981.0,981.0,981.0,981.0,200
2019-11-20,982.0,982.0,967.0,979.0,800
2019-11-21,979.0,979.0,979.0,979.0,300
2019-11-22,979.0,979.0,979.0,979.0,400
2019-11-25,992.0,1015.0,992.0,992.0,1700
2019-11-26,992.0,992.0,992.0,992.0,200
2019-11-27,992.0,992.0,992.0,992.0,200
2019-11-28,992.0,992.0,992.0,992.0,400
2019-11-29,992.0,992.0,992.0,992.0,400
2019-12-02,995.0,995.0,982.0,982.0,800
2019-12-03,995.0,995.0,982.0,982.0,800
2019-12-04,981.0,981.0,976.0,976.0,800
2019-12-05,1006.0,1017.0,987.0,1003.0,2100
2019-12-06,1006.0,1017.0,987.0,1003.0,2100
2019-12-09,1003.0,1003.0,1003.0,1003.0,0
2019-12-10,969.0,969.0,962.0,962.0,500
2019-12-11,969.0,969.0,962.0,962.0,500
2019-12-12,962.0,962.0,960.0,960.0,200
2019-12-13,957.0,957.0,957.0,957.0,500
2019-12-16,957.0,965.0,957.0,965.0,800
2019-12-17,957.0,965.0,957.0,965.0,800
2019-12-18,960.0,960.0,957.0,957.0,200
2019-12-19,957.0,957.0,954.0,954.0,800
2019-12-20,957.0,957.0,954.0,954.0,800
2019-12-23,955.0,955.0,941.0,942.0,1800
2019-12-24,950.0,950.0,941.0,941.0,200
2019-12-25,940.0,940.0,922.0,922.0,1300
2019-12-26,922.0,930.0,911.0,913.0,6300
2019-12-27,918.0,925.0,918.0,924.0,800
2019-12-30,939.0,939.0,932.0,932.0,500
2020-01-06,930.0,930.0,930.0,930.0,300
2020-01-07,930.0,930.0,930.0,930.0,300
2020-01-08,931.0,931.0,929.0,929.0,1800
2020-01-09,929.0,929.0,929.0,929.0,0
2020-01-10,929.0,929.0,929.0,929.0,0
2020-01-14,935.0,965.0,935.0,965.0,500
2020-01-15,940.0,961.0,940.0,961.0,500
2020-01-16,960.0,976.0,960.0,960.0,700
2020-01-17,1099.0,1110.0,1070.0,1110.0,26400
2020-01-20,1030.0,1032.0,980.0,983.0,42100
2020-01-21,984.0,984.0,963.0,969.0,8400
2020-01-22,960.0,960.0,932.0,952.0,3900
2020-01-23,954.0,955.0,934.0,934.0,2900
2020-01-24,925.0,945.0,924.0,926.0,3600
2020-01-27,926.0,930.0,920.0,920.0,3000
2020-01-28,913.0,915.0,913.0,915.0,900
2020-01-29,914.0,929.0,914.0,923.0,1100
2020-01-30,923.0,926.0,908.0,908.0,1500
2020-01-31,907.0,921.0,906.0,908.0,900
2020-02-03,900.0,900.0,874.0,890.0,1800
2020-02-04,875.0,884.0,875.0,882.0,1300
2020-02-05,876.0,917.0,876.0,903.0,700
2020-02-06,876.0,917.0,876.0,903.0,700
2020-02-07,888.0,894.0,886.0,888.0,400
2020-02-10,888.0,888.0,888.0,888.0,100
2020-02-12,880.0,880.0,880.0,880.0,200
2020-02-13,876.0,876.0,862.0,866.0,700
2020-02-14,866.0,877.0,866.0,877.0,400
2020-02-17,878.0,878.0,877.0,877.0,1100
2020-02-18,877.0,877.0,863.0,863.0,400
2020-02-19,864.0,870.0,864.0,870.0,300
2020-02-20,870.0,870.0,870.0,870.0,100
2020-02-21,870.0,875.0,870.0,872.0,500
2020-02-25,865.0,865.0,850.0,853.0,1800
2020-02-26,853.0,855.0,840.0,840.0,3700
2020-02-27,839.0,840.0,806.0,806.0,1600
2020-02-28,803.0,803.0,730.0,735.0,5800
2020-03-02,705.0,732.0,687.0,732.0,3800
2020-03-03,739.0,739.0,712.0,712.0,3300
2020-03-04,710.0,711.0,708.0,708.0,1100
2020-03-05,711.0,711.0,711.0,711.0,100
2020-03-06,707.0,707.0,680.0,680.0,3100
2020-03-09,677.0,677.0,616.0,616.0,2000
2020-03-10,556.0,616.0,556.0,616.0,2600
2020-03-11,601.0,626.0,601.0,624.0,1400
2020-03-12,573.0,581.0,573.0,580.0,700
2020-03-13,552.0,552.0,492.0,512.0,2500
2020-03-16,512.0,512.0,500.0,500.0,700
2020-03-17,482.0,483.0,470.0,473.0,2100
2020-03-18,489.0,489.0,483.0,483.0,300
2020-03-19,491.0,501.0,481.0,500.0,3800
2020-03-23,515.0,515.0,515.0,515.0,100
2020-03-24,516.0,537.0,516.0,537.0,2000
2020-03-25,567.0,567.0,533.0,533.0,3200
2020-03-26,543.0,543.0,533.0,533.0,3300
2020-03-27,531.0,531.0,530.0,530.0,700
2020-03-30,482.0,535.0,482.0,534.0,2600
2020-03-31,550.0,550.0,550.0,550.0,400
2020-04-01,520.0,530.0,520.0,530.0,700
2020-04-02,578.0,578.0,578.0,578.0,100
2020-04-03,567.0,567.0,567.0,567.0,100
2020-04-06,509.0,509.0,509.0,509.0,200
2020-04-07,550.0,620.0,545.0,620.0,9600
2020-04-08,630.0,630.0,560.0,601.0,7900
2020-04-09,627.0,638.0,594.0,594.0,1000
2020-04-10,630.0,630.0,590.0,599.0,3300
2020-04-13,599.0,599.0,585.0,585.0,1400
2020-04-14,586.0,591.0,586.0,591.0,500
2020-04-15,591.0,591.0,580.0,580.0,400
2020-04-16,580.0,591.0,570.0,591.0,900
2020-04-17,571.0,581.0,571.0,581.0,400
2020-04-20,579.0,580.0,570.0,576.0,600
2020-04-21,576.0,577.0,576.0,577.0,1600
2020-04-22,577.0,577.0,577.0,577.0,300
2020-04-23,579.0,579.0,579.0,579.0,100
2020-04-24,580.0,580.0,580.0,580.0,100
2020-04-27,583.0,603.0,583.0,584.0,600
2020-04-28,584.0,584.0,584.0,584.0,600
2020-04-30,595.0,596.0,595.0,596.0,500
2020-05-01,596.0,596.0,596.0,596.0,2500
2020-05-07,596.0,596.0,596.0,596.0,0
2020-05-08,596.0,596.0,596.0,596.0,0
2020-05-11,586.0,636.0,586.0,596.0,1000
2020-05-12,586.0,596.0,576.0,595.0,2100
2020-05-13,595.0,595.0,595.0,595.0,300
2020-05-14,596.0,596.0,595.0,595.0,400
2020-05-15,585.0,600.0,585.0,600.0,900
2020-05-18,600.0,600.0,590.0,590.0,500
2020-05-19,595.0,600.0,595.0,600.0,400
2020-05-20,591.0,591.0,591.0,591.0,300
2020-05-21,600.0,610.0,600.0,610.0,300
2020-05-22,628.0,628.0,615.0,615.0,700
2020-05-25,630.0,633.0,630.0,632.0,300
2020-05-26,639.0,640.0,632.0,632.0,1500
2020-05-27,642.0,642.0,632.0,641.0,1600
2020-05-28,645.0,657.0,643.0,657.0,1100
2020-05-29,660.0,671.0,660.0,671.0,1200
2020-06-01,672.0,734.0,672.0,726.0,1900
2020-06-02,741.0,779.0,726.0,756.0,4900
2020-06-03,753.0,761.0,746.0,761.0,500
2020-06-04,761.0,761.0,745.0,745.0,500
2020-06-05,750.0,750.0,735.0,735.0,700
2020-06-08,726.0,726.0,711.0,720.0,3500
2020-06-09,720.0,720.0,706.0,706.0,700
2020-06-10,719.0,719.0,717.0,717.0,200
2020-06-11,717.0,717.0,717.0,717.0,0
2020-06-12,717.0,717.0,717.0,717.0,0
2020-06-15,719.0,719.0,719.0,719.0,300
2020-06-16,697.0,697.0,697.0,697.0,400
2020-06-17,696.0,696.0,675.0,690.0,1200
2020-06-18,690.0,690.0,690.0,690.0,0
2020-06-19,683.0,683.0,680.0,680.0,700
2020-06-22,680.0,680.0,680.0,680.0,0
2020-06-23,683.0,683.0,680.0,680.0,500
2020-06-24,690.0,695.0,685.0,695.0,400
2020-06-25,695.0,695.0,676.0,676.0,1800
2020-06-26,680.0,715.0,680.0,715.0,700
2020-06-29,719.0,723.0,716.0,716.0,900
2020-06-30,717.0,717.0,716.0,716.0,1000
2020-07-01,716.0,720.0,716.0,716.0,2600
2020-07-02,716.0,716.0,716.0,716.0,200
2020-07-03,718.0,723.0,716.0,716.0,500
2020-07-06,716.0,716.0,716.0,716.0,0
2020-07-07,716.0,716.0,716.0,716.0,0
2020-07-08,716.0,716.0,716.0,716.0,0
2020-07-09,697.0,697.0,697.0,697.0,100
2020-07-10,697.0,697.0,697.0,697.0,0
2020-07-13,697.0,697.0,697.0,697.0,0
2020-07-14,715.0,715.0,700.0,700.0,200
2020-07-15,703.0,745.0,703.0,745.0,1000
2020-07-16,745.0,745.0,706.0,725.0,2500
2020-07-17,711.0,724.0,711.0,724.0,200
2020-07-20,739.0,739.0,739.0,739.0,100
2020-07-21,739.0,744.0,739.0,739.0,1400
2020-07-22,739.0,739.0,735.0,735.0,500
2020-07-27,735.0,735.0,735.0,735.0,900
2020-07-28,735.0,735.0,735.0,735.0,0
2020-07-29,735.0,735.0,735.0,735.0,1800
2020-07-30,735.0,735.0,735.0,735.0,0
2020-07-31,735.0,735.0,735.0,735.0,0
2020-08-03,690.0,701.0,690.0,700.0,600
2020-08-04,700.0,700.0,700.0,700.0,0
2020-08-05,700.0,700.0,700.0,700.0,0
2020-08-06,700.0,700.0,700.0,700.0,0
2020-08-07,700.0,700.0,700.0,700.0,0
2020-08-11,700.0,700.0,700.0,700.0,0
2020-08-12,700.0,700.0,700.0,700.0,0
2020-08-13,700.0,700.0,700.0,700.0,0
2020-08-14,698.0,698.0,674.0,697.0,1000
2020-08-17,697.0,697.0,697.0,697.0,0
2020-08-18,684.0,684.0,684.0,684.0,100
2020-08-19,684.0,684.0,684.0,684.0,0
2020-08-20,684.0,684.0,684.0,684.0,0
2020-08-21,684.0,684.0,684.0,684.0,100
2020-08-24,684.0,689.0,684.0,689.0,400
2020-08-25,695.0,698.0,689.0,689.0,800
2020-08-26,690.0,700.0,690.0,700.0,400
2020-08-27,702.0,720.0,702.0,720.0,500
2020-08-28,720.0,725.0,720.0,720.0,1900
2020-08-31,720.0,720.0,720.0,720.0,500
2020-09-01,720.0,720.0,720.0,720.0,600
2020-09-02,720.0,720.0,720.0,720.0,0
2020-09-03,690.0,690.0,681.0,686.0,1100
2020-09-04,686.0,686.0,686.0,686.0,0
2020-09-07,686.0,686.0,686.0,686.0,0
2020-09-08,686.0,686.0,686.0,686.0,0
2020-09-09,686.0,686.0,686.0,686.0,0
2020-09-10,687.0,689.0,678.0,678.0,700
2020-09-11,678.0,678.0,678.0,678.0,0
2020-09-14,690.0,703.0,690.0,703.0,600
2020-09-15,733.0,733.0,728.0,728.0,800
2020-09-16,750.0,750.0,739.0,740.0,3000
2020-09-17,740.0,740.0,740.0,740.0,0
2020-09-18,750.0,750.0,740.0,740.0,1400
2020-09-23,740.0,750.0,740.0,740.0,1700
2020-09-24,740.0,740.0,725.0,725.0,600
2020-09-25,725.0,725.0,725.0,725.0,0
2020-09-28,727.0,727.0,727.0,727.0,100
2020-09-29,727.0,727.0,727.0,727.0,0
2020-09-30,727.0,740.0,727.0,740.0,700
2020-10-02,740.0,759.0,740.0,750.0,900
2020-10-05,720.0,730.0,715.0,716.0,3600
2020-10-06,717.0,745.0,717.0,718.0,700
2020-10-07,709.0,755.0,708.0,740.0,1000
2020-10-08,726.0,726.0,726.0,726.0,300
2020-10-09,718.0,718.0,718.0,718.0,100
2020-10-12,718.0,718.0,718.0,718.0,0
2020-10-13,704.0,719.0,686.0,696.0,1500
2020-10-14,690.0,690.0,672.0,673.0,2000
2020-10-15,670.0,673.0,670.0,671.0,700
2020-10-16,729.0,771.0,729.0,771.0,25100
2020-10-19,831.0,919.0,775.0,903.0,39600
2020-10-20,858.0,890.0,816.0,840.0,7600
2020-10-21,850.0,850.0,817.0,830.0,2400
2020-10-22,815.0,815.0,810.0,810.0,700
2020-10-23,810.0,810.0,800.0,802.0,900
2020-10-26,804.0,838.0,804.0,838.0,1300
2020-10-27,840.0,855.0,840.0,852.0,700
2020-10-28,852.0,864.0,852.0,852.0,1900
2020-10-29,848.0,861.0,833.0,861.0,2200
2020-10-30,860.0,860.0,780.0,780.0,3000
2020-11-02,740.0,760.0,721.0,726.0,4800
2020-11-04,724.0,750.0,724.0,750.0,700
2020-11-05,750.0,750.0,729.0,744.0,900
2020-11-06,730.0,730.0,728.0,730.0,900
2020-11-09,733.0,733.0,723.0,725.0,600
2020-11-10,744.0,744.0,729.0,741.0,400
2020-11-11,715.0,715.0,715.0,715.0,100
2020-11-12,715.0,718.0,715.0,718.0,400
2020-11-13,718.0,718.0,718.0,718.0,0
2020-11-16,713.0,713.0,713.0,713.0,100
2020-11-17,713.0,713.0,713.0,713.0,0
2020-11-18,717.0,717.0,702.0,703.0,400
2020-11-19,703.0,703.0,703.0,703.0,0
2020-11-20,703.0,703.0,703.0,703.0,100
2020-11-24,703.0,703.0,703.0,703.0,0
2020-11-25,705.0,718.0,705.0,718.0,500
2020-11-26,721.0,729.0,721.0,729.0,300
2020-11-27,730.0,745.0,729.0,745.0,1600
2020-11-30,745.0,748.0,745.0,745.0,2700
2020-12-01,760.0,768.0,745.0,768.0,1200
2020-12-02,768.0,768.0,768.0,768.0,0
2020-12-03,768.0,768.0,768.0,768.0,0
2020-12-04,768.0,768.0,768.0,768.0,0
2020-12-07,760.0,760.0,760.0,760.0,100
2020-12-08,751.0,751.0,751.0,751.0,100
2020-12-09,751.0,751.0,751.0,751.0,0
2020-12-10,751.0,751.0,751.0,751.0,0
2020-12-11,751.0,751.0,751.0,751.0,0
2020-12-14,745.0,745.0,745.0,745.0,100
2020-12-15,715.0,724.0,710.0,723.0,1100
2020-12-16,723.0,723.0,723.0,723.0,0
2020-12-17,730.0,730.0,720.0,720.0,200
2020-12-18,720.0,720.0,720.0,720.0,0
2020-12-21,720.0,720.0,715.0,715.0,1300
2020-12-22,703.0,703.0,700.0,700.0,900
2020-12-23,700.0,700.0,700.0,700.0,300
2020-12-24,685.0,697.0,685.0,697.0,1000
2020-12-25,687.0,687.0,687.0,687.0,100
2020-12-28,688.0,690.0,687.0,687.0,2600
2020-12-29,687.0,687.0,687.0,687.0,0
2020-12-30,688.0,688.0,688.0,688.0,200
2021-01-04,700.0,700.0,690.0,690.0,200
2021-01-05,692.0,692.0,692.0,692.0,100
2021-01-06,704.0,709.0,704.0,709.0,300
2021-01-07,709.0,709.0,709.0,709.0,0
2021-01-08,720.0,720.0,709.0,709.0,300
2021-01-12,723.0,723.0,721.0,722.0,600
2021-01-13,727.0,739.0,727.0,732.0,2800
2021-01-14,732.0,733.0,732.0,733.0,200
2021-01-15,733.0,733.0,733.0,733.0,0
2021-01-18,724.0,748.0,724.0,744.0,1100
2021-01-19,752.0,852.0,752.0,847.0,17200
2021-01-20,757.0,819.0,751.0,765.0,17900
2021-01-21,779.0,779.0,750.0,769.0,2100
2021-01-22,763.0,777.0,761.0,777.0,500
2021-01-25,747.0,759.0,747.0,759.0,300
2021-01-26,759.0,766.0,759.0,759.0,2600
2021-01-27,744.0,744.0,737.0,743.0,1100
2021-01-28,742.0,742.0,731.0,735.0,1000
2021-01-29,765.0,765.0,764.0,764.0,2000
2021-02-01,764.0,764.0,764.0,764.0,0
2021-02-02,755.0,755.0,755.0,755.0,300
2021-02-03,755.0,755.0,755.0,755.0,0
2021-02-04,755.0,755.0,755.0,755.0,0
2021-02-05,725.0,730.0,715.0,730.0,400
2021-02-08,728.0,730.0,728.0,729.0,2600
2021-02-09,729.0,729.0,729.0,729.0,400
2021-02-10,725.0,726.0,725.0,726.0,600
2021-02-12,732.0,732.0,730.0,730.0,400
2021-02-15,720.0,720.0,720.0,720.0,1400
2021-02-16,730.0,730.0,720.0,721.0,1900
2021-02-17,721.0,721.0,721.0,721.0,1200
2021-02-18,722.0,725.0,716.0,716.0,3700
2021-02-19,716.0,720.0,716.0,718.0,400
2021-02-22,721.0,722.0,720.0,720.0,700
2021-02-24,720.0,721.0,720.0,720.0,1200
2021-02-25,721.0,721.0,718.0,718.0,700
2021-02-26,719.0,720.0,718.0,719.0,1100
2021-03-01,723.0,730.0,719.0,719.0,2800
2021-03-02,719.0,722.0,719.0,721.0,900
2021-03-03,721.0,721.0,721.0,721.0,0
2021-03-04,730.0,730.0,730.0,730.0,400
2021-03-05,731.0,742.0,730.0,742.0,1200
2021-03-08,737.0,737.0,730.0,730.0,300
2021-03-09,730.0,730.0,730.0,730.0,0
2021-03-10,721.0,721.0,720.0,720.0,200
2021-03-11,721.0,721.0,721.0,721.0,300
2021-03-12,721.0,730.0,721.0,730.0,1200
2021-03-15,724.0,729.0,723.0,723.0,300
2021-03-16,723.0,723.0,723.0,723.0,0
2021-03-17,723.0,724.0,715.0,724.0,1400
2021-03-18,729.0,729.0,722.0,722.0,300
2021-03-19,721.0,740.0,721.0,740.0,800
2021-03-22,740.0,768.0,735.0,750.0,2500
2021-03-23,765.0,765.0,750.0,750.0,300
2021-03-24,748.0,748.0,747.0,747.0,300
2021-03-25,729.0,738.0,729.0,738.0,700
2021-03-26,739.0,750.0,738.0,750.0,2000
2021-03-29,750.0,751.0,750.0,751.0,1100
2021-03-30,751.0,753.0,751.0,751.0,700
2021-03-31,751.0,751.0,751.0,751.0,800
2021-04-01,751.0,751.0,751.0,751.0,0
2021-04-02,741.0,741.0,741.0,741.0,100
2021-04-05,740.0,740.0,740.0,740.0,500
2021-04-06,752.0,752.0,752.0,752.0,200
2021-04-07,740.0,755.0,740.0,755.0,1900
2021-04-08,768.0,798.0,756.0,762.0,3800
2021-04-09,777.0,777.0,764.0,766.0,700
2021-04-12,784.0,916.0,779.0,916.0,16200
2021-04-13,1066.0,1066.0,1020.0,1066.0,58900
2021-04-14,1058.0,1090.0,932.0,1078.0,107600
2021-04-15,1018.0,1032.0,912.0,928.0,46500
2021-04-16,913.0,918.0,840.0,842.0,38800
2021-04-19,832.0,832.0,800.0,809.0,15200
2021-04-20,809.0,815.0,800.0,812.0,5300
2021-04-21,812.0,812.0,781.0,788.0,5500
2021-04-22,833.0,880.0,810.0,829.0,17500
2021-04-23,794.0,803.0,790.0,793.0,9900
2021-04-26,796.0,816.0,796.0,806.0,2600
2021-04-27,810.0,833.0,807.0,807.0,4900
2021-04-28,807.0,825.0,807.0,819.0,3200
2021-04-30,819.0,838.0,802.0,802.0,5400
2021-05-06,802.0,815.0,802.0,802.0,1100
2021-05-07,815.0,815.0,793.0,800.0,2700
2021-05-10,797.0,799.0,792.0,793.0,1500
2021-05-11,789.0,793.0,780.0,787.0,2900
2021-05-12,790.0,790.0,769.0,770.0,3100
2021-05-13,743.0,763.0,743.0,751.0,2400
2021-05-14,751.0,751.0,750.0,751.0,2500
2021-05-17,751.0,751.0,744.0,745.0,1000
2021-05-18,748.0,748.0,744.0,745.0,1700
2021-05-19,744.0,749.0,744.0,748.0,600
2021-05-20,753.0,755.0,752.0,755.0,500
2021-05-21,755.0,777.0,755.0,776.0,1400
2021-05-24,780.0,780.0,776.0,776.0,900
2021-05-25,761.0,773.0,758.0,773.0,500
2021-05-26,773.0,778.0,773.0,778.0,900
2021-05-27,778.0,778.0,778.0,778.0,2200
2021-05-28,748.0,775.0,745.0,775.0,900
2021-05-31,784.0,784.0,784.0,784.0,100
2021-06-01,775.0,775.0,759.0,763.0,900
2021-06-02,778.0,779.0,778.0,779.0,200
2021-06-03,780.0,780.0,745.0,745.0,2700
2021-06-04,746.0,762.0,746.0,757.0,3600
2021-06-07,756.0,770.0,755.0,763.0,2000
2021-06-08,763.0,773.0,762.0,771.0,800
2021-06-09,753.0,753.0,753.0,753.0,100
2021-06-10,768.0,768.0,768.0,768.0,100
2021-06-11,758.0,758.0,758.0,758.0,100
2021-06-14,761.0,761.0,761.0,761.0,300
2021-06-15,754.0,754.0,754.0,754.0,100
2021-06-16,754.0,754.0,754.0,754.0,100
2021-06-17,763.0,763.0,763.0,763.0,100
2021-06-18,754.0,776.0,754.0,766.0,2500
2021-06-21,766.0,766.0,762.0,762.0,1400
2021-06-22,759.0,759.0,759.0,759.0,100
2021-06-23,760.0,765.0,756.0,765.0,1700
2021-06-24,770.0,770.0,760.0,760.0,1600
2021-06-25,757.0,761.0,754.0,754.0,4900
2021-06-28,755.0,760.0,754.0,754.0,1300
2021-06-29,760.0,760.0,754.0,754.0,1200
2021-06-30,761.0,765.0,754.0,760.0,1200
2021-07-01,761.0,761.0,756.0,756.0,1100
2021-07-02,756.0,756.0,753.0,753.0,1500
2021-07-05,758.0,758.0,753.0,753.0,1400
2021-07-06,752.0,752.0,752.0,752.0,100
2021-07-07,758.0,758.0,749.0,750.0,1600
2021-07-08,760.0,762.0,750.0,753.0,2000
2021-07-09,753.0,770.0,753.0,770.0,1200
2021-07-12,777.0,777.0,763.0,763.0,300
2021-07-13,757.0,767.0,757.0,760.0,900
2021-07-14,762.0,762.0,758.0,758.0,700
2021-07-15,770.0,770.0,751.0,751.0,1600
2021-07-16,766.0,779.0,750.0,750.0,22500
2021-07-19,750.0,752.0,737.0,737.0,1900
2021-07-20,737.0,738.0,705.0,708.0,8600
2021-07-21,710.0,742.0,710.0,727.0,3300
2021-07-26,738.0,738.0,720.0,720.0,4200
2021-07-27,723.0,723.0,703.0,703.0,2000
2021-07-28,708.0,708.0,687.0,694.0,4900
2021-07-29,691.0,691.0,679.0,680.0,8800
2021-07-30,688.0,689.0,680.0,689.0,1000
2021-08-02,683.0,683.0,676.0,676.0,1000
2021-08-03,674.0,681.0,671.0,681.0,600
2021-08-04,685.0,694.0,685.0,694.0,300
2021-08-05,699.0,699.0,699.0,699.0,100
2021-08-06,679.0,689.0,661.0,662.0,13200
2021-08-10,672.0,690.0,672.0,682.0,1600
2021-08-11,683.0,683.0,683.0,683.0,300
2021-08-12,681.0,685.0,681.0,685.0,800
2021-08-13,701.0,701.0,697.0,697.0,200
2021-08-16,696.0,696.0,696.0,696.0,300
2021-08-17,696.0,696.0,655.0,665.0,3700
2021-08-18,661.0,661.0,651.0,656.0,1400
2021-08-19,656.0,656.0,647.0,647.0,8000
2021-08-20,645.0,650.0,635.0,645.0,1000
2021-08-23,654.0,666.0,654.0,660.0,1000
2021-08-24,660.0,675.0,660.0,663.0,1600
2021-08-25,658.0,671.0,657.0,665.0,700
2021-08-26,666.0,676.0,666.0,670.0,500
2021-08-27,671.0,674.0,671.0,674.0,200
2021-08-30,682.0,682.0,671.0,671.0,2500
2021-08-31,671.0,671.0,670.0,671.0,500
2021-09-01,663.0,665.0,662.0,662.0,700
2021-09-02,669.0,669.0,663.0,663.0,400
2021-09-03,661.0,661.0,661.0,661.0,100
2021-09-06,664.0,665.0,664.0,664.0,300
2021-09-07,665.0,665.0,665.0,665.0,400
2021-09-08,670.0,671.0,666.0,671.0,800
2021-09-09,663.0,663.0,663.0,663.0,100
2021-09-10,673.0,682.0,673.0,681.0,900
2021-09-13,685.0,685.0,676.0,677.0,1200
2021-09-14,681.0,720.0,678.0,678.0,5500
2021-09-15,678.0,686.0,678.0,686.0,1000
2021-09-16,686.0,690.0,682.0,682.0,1700
2021-09-17,682.0,682.0,682.0,682.0,0
2021-09-21,682.0,683.0,676.0,676.0,2800
2021-09-22,668.0,674.0,668.0,674.0,600
2021-09-24,675.0,682.0,670.0,682.0,1000
2021-09-27,682.0,682.0,676.0,676.0,2900
2021-09-28,676.0,678.0,676.0,677.0,300
2021-09-29,676.0,676.0,676.0,676.0,200
2021-09-30,672.0,672.0,672.0,672.0,300
2021-10-01,676.0,682.0,672.0,674.0,1700
2021-10-04,675.0,675.0,675.0,675.0,200
2021-10-05,673.0,675.0,672.0,672.0,800
2021-10-06,675.0,676.0,673.0,673.0,300
2021-10-07,673.0,673.0,668.0,668.0,1900
2021-10-08,668.0,669.0,668.0,668.0,2800
2021-10-11,685.0,685.0,674.0,675.0,1000
2021-10-12,674.0,678.0,669.0,669.0,1400
2021-10-13,675.0,685.0,673.0,679.0,1000
2021-10-14,685.0,688.0,675.0,675.0,1600
2021-10-15,675.0,695.0,675.0,685.0,6700
2021-10-18,678.0,680.0,674.0,674.0,3500
2021-10-19,673.0,676.0,668.0,669.0,2400
2021-10-20,670.0,671.0,670.0,671.0,300
2021-10-21,672.0,672.0,660.0,660.0,4300
2021-10-22,670.0,675.0,670.0,675.0,200
2021-10-25,675.0,675.0,654.0,654.0,2400
2021-10-26,659.0,666.0,658.0,666.0,1200
2021-10-27,667.0,680.0,667.0,670.0,800
2021-10-28,670.0,670.0,670.0,670.0,2000
2021-10-29,670.0,670.0,670.0,670.0,0
2021-11-01,670.0,670.0,670.0,670.0,0
2021-11-02,665.0,665.0,665.0,665.0,100
2021-11-04,670.0,670.0,670.0,670.0,300
2021-11-05,665.0,679.0,665.0,679.0,1200
2021-11-08,680.0,680.0,680.0,680.0,200
2021-11-09,679.0,679.0,673.0,673.0,400
2021-11-10,673.0,675.0,673.0,675.0,300
2021-11-11,670.0,670.0,670.0,670.0,100
2021-11-12,667.0,670.0,667.0,670.0,300
2021-11-15,666.0,666.0,665.0,665.0,200
2021-11-16,665.0,665.0,663.0,665.0,800
2021-11-17,663.0,663.0,661.0,661.0,200
2021-11-18,661.0,665.0,661.0,661.0,1500
2021-11-19,661.0,661.0,661.0,661.0,100
2021-11-22,661.0,665.0,661.0,665.0,1400
2021-11-24,665.0,665.0,659.0,659.0,800
2021-11-25,665.0,665.0,665.0,665.0,100
2021-11-26,665.0,666.0,665.0,665.0,3200
2021-11-29,665.0,665.0,650.0,650.0,4400
2021-11-30,651.0,651.0,651.0,651.0,400
2021-12-01,650.0,650.0,641.0,641.0,1500
2021-12-02,645.0,645.0,645.0,645.0,100
2021-12-03,645.0,645.0,645.0,645.0,100
2021-12-06,645.0,645.0,625.0,625.0,800
2021-12-07,640.0,640.0,627.0,627.0,600
2021-12-08,637.0,637.0,626.0,626.0,600
2021-12-09,618.0,650.0,618.0,625.0,5000
2021-12-10,620.0,632.0,610.0,610.0,8200
2021-12-13,608.0,608.0,600.0,600.0,8400
2021-12-14,600.0,600.0,598.0,598.0,600
2021-12-15,597.0,597.0,578.0,588.0,2700
2021-12-16,590.0,590.0,586.0,586.0,500
2021-12-17,582.0,582.0,579.0,579.0,500
2021-12-20,582.0,582.0,575.0,575.0,8700
2021-12-21,577.0,578.0,576.0,576.0,1800
2021-12-22,576.0,576.0,576.0,576.0,1500
2021-12-23,578.0,578.0,566.0,568.0,4200
2021-12-24,565.0,566.0,564.0,564.0,1700
2021-12-27,565.0,570.0,559.0,570.0,7300
2021-12-28,566.0,566.0,551.0,551.0,7200
2021-12-29,557.0,557.0,552.0,556.0,700
2021-12-30,551.0,557.0,551.0,557.0,3300
2022-01-04,558.0,558.0,555.0,555.0,300
2022-01-05,555.0,555.0,555.0,555.0,500
2022-01-06,555.0,555.0,551.0,551.0,2700
2022-01-07,555.0,555.0,555.0,555.0,100
2022-01-11,551.0,556.0,551.0,556.0,200
2022-01-12,558.0,570.0,558.0,570.0,1200
2022-01-13,572.0,580.0,570.0,580.0,600
2022-01-14,580.0,580.0,576.0,579.0,800
2022-01-17,580.0,596.0,580.0,593.0,4200
2022-01-18,593.0,600.0,552.0,561.0,8400
2022-01-19,555.0,560.0,555.0,560.0,1300
2022-01-20,560.0,565.0,560.0,562.0,900
2022-01-21,562.0,570.0,562.0,566.0,1100
2022-01-24,566.0,567.0,566.0,567.0,500
2022-01-25,567.0,567.0,555.0,555.0,800
2022-01-26,558.0,560.0,558.0,560.0,400
2022-01-27,561.0,568.0,548.0,562.0,3100
2022-01-28,560.0,560.0,551.0,551.0,700
2022-01-31,552.0,562.0,552.0,562.0,200
2022-02-01,570.0,570.0,570.0,570.0,200
2022-02-02,560.0,565.0,555.0,556.0,1100
2022-02-03,552.0,561.0,552.0,554.0,500
2022-02-04,554.0,564.0,553.0,553.0,500
2022-02-07,553.0,553.0,553.0,553.0,0
2022-02-08,554.0,554.0,554.0,554.0,100
2022-02-09,554.0,554.0,554.0,554.0,0
2022-02-10,554.0,554.0,554.0,554.0,0
2022-02-14,564.0,564.0,564.0,564.0,300
2022-02-15,556.0,556.0,556.0,556.0,300
2022-02-16,556.0,556.0,556.0,556.0,400
2022-02-17,560.0,560.0,551.0,555.0,1700
2022-02-18,555.0,555.0,552.0,552.0,400
2022-02-21,560.0,560.0,560.0,560.0,200
2022-02-22,560.0,560.0,560.0,560.0,1400
2022-02-24,551.0,551.0,551.0,551.0,200
2022-02-25,551.0,551.0,551.0,551.0,0
2022-02-28,551.0,553.0,551.0,552.0,500
2022-03-01,562.0,562.0,562.0,562.0,100
2022-03-02,562.0,562.0,562.0,562.0,1000
2022-03-03,562.0,562.0,562.0,562.0,0
2022-03-04,562.0,562.0,562.0,562.0,100
2022-03-07,562.0,562.0,552.0,552.0,1400
2022-03-08,552.0,552.0,552.0,552.0,200
2022-03-09,553.0,553.0,551.0,551.0,400
2022-03-10,551.0,551.0,551.0,551.0,0
2022-03-11,551.0,551.0,551.0,551.0,0
2022-03-14,552.0,552.0,552.0,552.0,100
2022-03-15,552.0,552.0,552.0,552.0,0
2022-03-16,552.0,552.0,552.0,552.0,0
2022-03-17,553.0,554.0,553.0,554.0,300
2022-03-18,554.0,554.0,554.0,554.0,0
2022-03-22,560.0,560.0,554.0,556.0,1000
2022-03-23,565.0,570.0,565.0,570.0,400
2022-03-24,580.0,580.0,572.0,572.0,300
2022-03-25,572.0,572.0,566.0,566.0,700
2022-03-28,568.0,575.0,568.0,568.0,800
2022-03-29,568.0,568.0,568.0,568.0,0
2022-03-30,575.0,579.0,575.0,579.0,800
2022-03-31,585.0,588.0,585.0,588.0,600
2022-04-01,588.0,588.0,581.0,581.0,2000
2022-04-04,575.0,575.0,567.0,567.0,600
2022-04-05,567.0,567.0,567.0,567.0,0
2022-04-06,563.0,563.0,563.0,563.0,100
2022-04-07,563.0,563.0,563.0,563.0,900
2022-04-08,563.0,563.0,563.0,563.0,0
2022-04-11,563.0,563.0,563.0,563.0,0
2022-04-12,566.0,566.0,566.0,566.0,200
2022-04-13,566.0,566.0,566.0,566.0,100
2022-04-14,576.0,585.0,576.0,582.0,700
2022-04-15,581.0,581.0,566.0,567.0,800
2022-04-18,569.0,569.0,569.0,569.0,100
2022-04-19,570.0,580.0,570.0,576.0,600
2022-04-20,576.0,588.0,576.0,587.0,1100
2022-04-21,587.0,587.0,582.0,582.0,1200
2022-04-22,588.0,588.0,582.0,583.0,700
2022-04-25,580.0,580.0,580.0,580.0,300
2022-04-26,581.0,581.0,576.0,576.0,2000
2022-04-27,576.0,576.0,576.0,576.0,0
2022-04-28,576.0,576.0,576.0,576.0,400
2022-05-02,576.0,576.0,576.0,576.0,0
2022-05-06,576.0,576.0,576.0,576.0,0
2022-05-09,572.0,572.0,572.0,572.0,300
2022-05-10,571.0,571.0,560.0,570.0,1800
2022-05-11,570.0,570.0,570.0,570.0,0
2022-05-12,570.0,570.0,570.0,570.0,0
2022-05-13,580.0,580.0,578.0,578.0,200
2022-05-16,568.0,568.0,568.0,568.0,300
2022-05-17,568.0,568.0,568.0,568.0,0
2022-05-18,570.0,570.0,570.0,570.0,100
2022-05-19,570.0,570.0,570.0,570.0,0
2022-05-20,570.0,570.0,570.0,570.0,0
2022-05-23,572.0,572.0,572.0,572.0,200
2022-05-24,576.0,576.0,576.0,576.0,100
2022-05-25,576.0,576.0,568.0,571.0,1000
2022-05-26,572.0,572.0,571.0,571.0,300
2022-05-27,572.0,584.0,572.0,584.0,3400
2022-05-30,584.0,586.0,584.0,585.0,2200
2022-05-31,585.0,585.0,585.0,585.0,500
2022-06-01,583.0,585.0,574.0,585.0,500
2022-06-02,588.0,590.0,588.0,590.0,600
2022-06-03,595.0,595.0,595.0,595.0,100
2022-06-06,588.0,588.0,588.0,588.0,300
2022-06-07,578.0,578.0,578.0,578.0,300
2022-06-08,578.0,578.0,578.0,578.0,400
2022-06-09,588.0,588.0,557.0,566.0,4900
2022-06-10,572.0,572.0,562.0,563.0,2200
2022-06-13,560.0,562.0,560.0,562.0,1000
2022-06-14,559.0,562.0,559.0,559.0,300
2022-06-15,559.0,560.0,559.0,559.0,1800
2022-06-16,579.0,579.0,579.0,579.0,100
2022-06-17,560.0,560.0,548.0,551.0,700
2022-06-20,551.0,563.0,551.0,562.0,1700
2022-06-21,562.0,562.0,555.0,555.0,2200
2022-06-22,549.0,549.0,548.0,549.0,800
2022-06-23,545.0,545.0,545.0,545.0,300
2022-06-24,545.0,546.0,545.0,546.0,300
2022-06-27,546.0,546.0,546.0,546.0,400
2022-06-28,547.0,554.0,547.0,554.0,500
2022-06-29,554.0,554.0,554.0,554.0,0
2022-06-30,556.0,556.0,555.0,555.0,500
2022-07-01,556.0,561.0,540.0,540.0,3900
2022-07-04,540.0,540.0,540.0,540.0,0
2022-07-05,560.0,560.0,559.0,559.0,200
2022-07-06,559.0,559.0,558.0,558.0,300
2022-07-07,558.0,558.0,558.0,558.0,0
2022-07-08,558.0,558.0,558.0,558.0,0
2022-07-11,550.0,550.0,550.0,550.0,100
2022-07-12,550.0,550.0,550.0,550.0,100
2022-07-13,550.0,550.0,550.0,550.0,500
2022-07-14,550.0,550.0,545.0,545.0,1600
2022-07-15,545.0,545.0,545.0,545.0,0
2022-07-19,545.0,545.0,544.0,544.0,1600
2022-07-20,544.0,545.0,542.0,543.0,800
2022-07-21,543.0,546.0,543.0,545.0,2100
2022-07-22,549.0,549.0,549.0,549.0,200
2022-07-25,549.0,550.0,546.0,547.0,2800
2022-07-26,547.0,548.0,547.0,547.0,1100
2022-07-27,557.0,557.0,547.0,547.0,2500
2022-07-28,547.0,547.0,547.0,547.0,0
2022-07-29,547.0,547.0,547.0,547.0,100
2022-08-01,553.0,553.0,553.0,553.0,2000
2022-08-02,553.0,553.0,546.0,546.0,1500
2022-08-03,546.0,546.0,546.0,546.0,0
2022-08-04,548.0,548.0,548.0,548.0,900
2022-08-05,543.0,543.0,542.0,543.0,600
2022-08-08,552.0,552.0,543.0,548.0,500
2022-08-09,548.0,548.0,548.0,548.0,100
2022-08-10,548.0,548.0,548.0,548.0,0
2022-08-12,548.0,549.0,546.0,549.0,900
2022-08-15,550.0,557.0,548.0,548.0,2500
2022-08-16,548.0,548.0,548.0,548.0,0
2022-08-17,549.0,549.0,548.0,549.0,900
2022-08-18,555.0,555.0,549.0,550.0,1200
2022-08-19,549.0,575.0,549.0,564.0,6000
2022-08-22,563.0,563.0,553.0,553.0,1100
2022-08-23,561.0,561.0,555.0,555.0,200
2022-08-24,551.0,562.0,551.0,560.0,1700
2022-08-25,560.0,560.0,556.0,556.0,900
2022-08-26,557.0,564.0,557.0,562.0,4000
2022-08-29,562.0,574.0,562.0,568.0,3800
2022-08-30,569.0,580.0,568.0,568.0,4900
2022-08-31,560.0,570.0,557.0,570.0,28700
2022-09-01,562.0,562.0,545.0,551.0,7100
2022-09-02,552.0,554.0,546.0,546.0,1400
2022-09-05,546.0,546.0,545.0,545.0,2500
2022-09-06,545.0,545.0,545.0,545.0,500
2022-09-07,545.0,545.0,541.0,541.0,2800
2022-09-08,541.0,545.0,540.0,542.0,2000
2022-09-09,543.0,545.0,541.0,542.0,1700
2022-09-12,543.0,543.0,542.0,542.0,500
2022-09-13,543.0,543.0,543.0,543.0,1100
2022-09-14,540.0,542.0,537.0,537.0,3200
2022-09-15,539.0,539.0,538.0,538.0,1100
2022-09-16,539.0,542.0,538.0,538.0,700
2022-09-20,538.0,542.0,534.0,534.0,1700
2022-09-21,538.0,547.0,532.0,532.0,3700
2022-09-22,538.0,538.0,528.0,528.0,1700
2022-09-26,534.0,534.0,523.0,523.0,3100
2022-09-27,533.0,539.0,529.0,529.0,2400
2022-09-28,525.0,525.0,525.0,525.0,700
2022-09-29,525.0,525.0,525.0,525.0,0
2022-09-30,523.0,523.0,523.0,523.0,100
2022-10-03,520.0,520.0,520.0,520.0,100
2022-10-04,520.0,520.0,520.0,520.0,0
2022-10-05,520.0,520.0,520.0,520.0,0
2022-10-06,520.0,520.0,520.0,520.0,0
2022-10-07,521.0,527.0,521.0,522.0,1000
2022-10-11,522.0,522.0,522.0,522.0,0
2022-10-12,522.0,522.0,522.0,522.0,300
2022-10-13,521.0,521.0,520.0,520.0,400
2022-10-14,520.0,520.0,520.0,520.0,100
2022-10-17,520.0,520.0,520.0,520.0,0
2022-10-18,520.0,520.0,508.0,508.0,6300
2022-10-19,510.0,518.0,510.0,518.0,2300
2022-10-20,518.0,518.0,518.0,518.0,0
2022-10-21,518.0,520.0,517.0,517.0,2800
2022-10-24,517.0,517.0,517.0,517.0,0
2022-10-25,522.0,522.0,522.0,522.0,200
2022-10-26,523.0,524.0,523.0,524.0,400
2022-10-27,529.0,529.0,524.0,529.0,800
2022-10-28,529.0,530.0,529.0,530.0,800
2022-10-31,527.0,530.0,524.0,526.0,1500
2022-11-01,526.0,526.0,526.0,526.0,0
2022-11-02,532.0,532.0,532.0,532.0,500
2022-11-04,530.0,530.0,530.0,530.0,200
2022-11-07,530.0,530.0,530.0,530.0,0
2022-11-08,520.0,526.0,517.0,520.0,7900
2022-11-09,517.0,525.0,503.0,508.0,5000
2022-11-10,502.0,505.0,502.0,505.0,600
2022-11-11,512.0,512.0,508.0,508.0,1800
2022-11-14,507.0,507.0,507.0,507.0,600
2022-11-15,506.0,506.0,506.0,506.0,400
2022-11-16,502.0,502.0,496.0,502.0,2300
2022-11-17,502.0,502.0,502.0,502.0,0
2022-11-18,502.0,502.0,502.0,502.0,0
2022-11-21,505.0,506.0,504.0,504.0,500
2022-11-22,506.0,506.0,506.0,506.0,200
2022-11-24,508.0,510.0,500.0,500.0,3000
2022-11-25,502.0,502.0,502.0,502.0,3600
2022-11-28,502.0,503.0,502.0,502.0,1000
2022-11-29,502.0,502.0,500.0,500.0,2000
2022-11-30,500.0,502.0,500.0,502.0,300
2022-12-01,501.0,501.0,501.0,501.0,100
2022-12-02,501.0,502.0,500.0,500.0,800
2022-12-05,500.0,500.0,494.0,495.0,600
2022-12-06,495.0,496.0,495.0,496.0,700
2022-12-07,498.0,498.0,495.0,495.0,700
2022-12-08,497.0,498.0,496.0,496.0,300
2022-12-09,496.0,497.0,495.0,495.0,2300
2022-12-12,495.0,497.0,495.0,497.0,600
2022-12-13,496.0,497.0,495.0,495.0,600
2022-12-14,495.0,495.0,493.0,494.0,6800
2022-12-15,495.0,495.0,495.0,495.0,300
2022-12-16,495.0,495.0,495.0,495.0,0
2022-12-19,494.0,494.0,491.0,491.0,400
2022-12-20,491.0,491.0,490.0,491.0,1300
2022-12-21,491.0,493.0,491.0,492.0,1500
2022-12-22,492.0,493.0,491.0,491.0,800
2022-12-23,483.0,492.0,482.0,492.0,8700
2022-12-26,491.0,491.0,469.0,475.0,4900
2022-12-27,477.0,477.0,470.0,472.0,1100
2022-12-28,472.0,472.0,460.0,460.0,7000
2022-12-29,460.0,460.0,460.0,460.0,1200
2022-12-30,456.0,462.0,456.0,460.0,2800
2023-01-04,461.0,461.0,460.0,460.0,3000
2023-01-05,464.0,464.0,461.0,462.0,5400
2023-01-06,461.0,461.0,443.0,444.0,3400
2023-01-10,448.0,448.0,445.0,445.0,1900
2023-01-11,440.0,440.0,439.0,439.0,2800
2023-01-12,439.0,442.0,437.0,438.0,8700
2023-01-13,438.0,444.0,438.0,440.0,1500
2023-01-16,441.0,450.0,438.0,441.0,6500
2023-01-17,435.0,436.0,424.0,424.0,7000
2023-01-18,424.0,432.0,424.0,432.0,1900
2023-01-19,427.0,437.0,427.0,431.0,5100
2023-01-20,429.0,434.0,429.0,431.0,800
2023-01-23,443.0,443.0,431.0,431.0,4300
2023-01-24,431.0,434.0,427.0,427.0,3300
2023-01-25,428.0,430.0,428.0,430.0,4500
2023-01-26,430.0,430.0,429.0,429.0,5400
2023-01-27,430.0,430.0,425.0,425.0,6500
2023-01-30,430.0,431.0,427.0,427.0,1600
2023-01-31,428.0,431.0,427.0,427.0,3100
2023-02-01,431.0,431.0,427.0,429.0,2400
2023-02-02,428.0,450.0,427.0,433.0,8100
2023-02-03,433.0,433.0,428.0,429.0,4800
2023-02-06,429.0,429.0,428.0,428.0,900
2023-02-07,430.0,430.0,426.0,429.0,3300
2023-02-08,427.0,432.0,427.0,427.0,2600
2023-02-09,428.0,428.0,428.0,428.0,1100
2023-02-10,428.0,428.0,428.0,428.0,1700
2023-02-13,429.0,429.0,408.0,412.0,14400
2023-02-14,415.0,419.0,415.0,419.0,5600
2023-02-15,419.0,419.0,419.0,419.0,0
2023-02-16,421.0,423.0,421.0,423.0,400
2023-02-17,424.0,426.0,419.0,420.0,4300
2023-02-20,420.0,420.0,419.0,420.0,1600
2023-02-21,420.0,423.0,420.0,420.0,5200
2023-02-22,421.0,427.0,420.0,425.0,3500
2023-02-24,425.0,426.0,424.0,424.0,1200
2023-02-27,432.0,432.0,425.0,426.0,3800
2023-02-28,425.0,428.0,425.0,426.0,1400
2023-03-01,426.0,429.0,425.0,429.0,1500
2023-03-02,429.0,429.0,425.0,426.0,2200
2023-03-03,426.0,426.0,424.0,424.0,1100
2023-03-06,425.0,426.0,424.0,424.0,1600
2023-03-07,426.0,427.0,424.0,424.0,1700
2023-03-08,424.0,426.0,424.0,425.0,1700
2023-03-09,425.0,427.0,425.0,427.0,4900
2023-03-10,424.0,427.0,424.0,427.0,2100
2023-03-13,427.0,427.0,427.0,427.0,1300
2023-03-14,424.0,424.0,422.0,422.0,2200
2023-03-15,422.0,426.0,422.0,423.0,1000
2023-03-16,420.0,425.0,420.0,425.0,1600
2023-03-17,425.0,428.0,424.0,426.0,1500
2023-03-20,426.0,427.0,422.0,427.0,1500
2023-03-22,430.0,433.0,426.0,430.0,3800
2023-03-23,428.0,429.0,428.0,429.0,200
2023-03-24,429.0,431.0,428.0,431.0,2100
2023-03-27,433.0,433.0,427.0,427.0,3900
2023-03-28,427.0,428.0,427.0,427.0,600
2023-03-29,425.0,425.0,425.0,425.0,400
2023-03-30,426.0,426.0,423.0,423.0,800
2023-03-31,503.0,503.0,503.0,503.0,20000
2023-04-03,603.0,603.0,585.0,603.0,164000
2023-04-04,603.0,653.0,510.0,522.0,283600
2023-04-05,520.0,622.0,502.0,622.0,323200
2023-04-06,692.0,722.0,680.0,722.0,103500
2023-04-07,682.0,872.0,639.0,648.0,1854600
2023-04-10,758.0,758.0,758.0,758.0,45300
2023-04-11,771.0,906.0,720.0,761.0,1730100
2023-04-12,821.0,911.0,792.0,911.0,1573800
2023-04-13,1018.0,1061.0,974.0,1061.0,897400
2023-04-14,1011.0,1159.0,915.0,949.0,1369000
2023-04-17,1050.0,1050.0,851.0,863.0,737700
2023-04-18,835.0,856.0,792.0,792.0,332400
2023-04-19,803.0,819.0,755.0,761.0,156700
2023-04-20,746.0,774.0,725.0,733.0,124800
2023-04-21,719.0,737.0,699.0,720.0,104000
2023-04-24,719.0,749.0,709.0,718.0,63100
2023-04-25,723.0,756.0,719.0,736.0,48600
2023-04-26,721.0,760.0,700.0,736.0,48900
2023-04-27,760.0,790.0,748.0,783.0,67400
2023-04-28,768.0,773.0,690.0,702.0,138700
2023-05-01,691.0,695.0,660.0,687.0,93800
2023-05-02,667.0,697.0,667.0,673.0,48800
2023-05-08,667.0,698.0,667.0,685.0,32200
2023-05-09,682.0,706.0,675.0,698.0,25500
2023-05-10,693.0,693.0,668.0,676.0,15500
2023-05-11,670.0,678.0,662.0,678.0,8200
2023-05-12,678.0,678.0,636.0,648.0,24700
2023-05-15,640.0,659.0,633.0,634.0,18400
2023-05-16,634.0,651.0,633.0,643.0,13300
2023-05-17,641.0,643.0,620.0,633.0,9000
2023-05-18,625.0,629.0,615.0,623.0,9900
2023-05-19,623.0,710.0,623.0,673.0,100100
2023-05-22,718.0,773.0,680.0,773.0,240800
2023-05-23,798.0,839.0,694.0,738.0,470000
2023-05-24,740.0,740.0,683.0,693.0,51500
2023-05-25,686.0,708.0,668.0,684.0,56000
2023-05-26,695.0,699.0,655.0,656.0,58700
2023-05-29,656.0,707.0,656.0,702.0,30700
2023-05-30,717.0,717.0,679.0,694.0,12600
2023-05-31,694.0,720.0,682.0,717.0,18900
2023-06-01,723.0,726.0,690.0,700.0,15600
2023-06-02,692.0,699.0,675.0,678.0,30400
2023-06-05,680.0,680.0,641.0,661.0,49700
2023-06-06,670.0,691.0,663.0,683.0,18100
2023-06-07,683.0,687.0,668.0,674.0,9500
2023-06-08,674.0,678.0,655.0,656.0,9500
2023-06-09,653.0,663.0,649.0,658.0,11200
2023-06-12,655.0,662.0,650.0,660.0,9300
2023-06-13,665.0,668.0,657.0,667.0,3100
2023-06-14,669.0,682.0,667.0,675.0,6300
2023-06-15,682.0,687.0,672.0,675.0,7800
2023-06-16,682.0,684.0,670.0,674.0,8500
2023-06-19,668.0,685.0,661.0,674.0,11300
2023-06-20,694.0,697.0,672.0,689.0,18700
2023-06-21,708.0,763.0,699.0,718.0,79700
2023-06-22,710.0,715.0,692.0,693.0,21900
2023-06-23,700.0,704.0,663.0,680.0,10600
2023-06-26,690.0,691.0,670.0,671.0,6600
2023-06-27,671.0,679.0,670.0,671.0,4600
2023-06-28,680.0,684.0,673.0,675.0,3200
2023-06-29,684.0,698.0,683.0,694.0,5900
2023-06-30,692.0,693.0,687.0,690.0,3100
2023-07-03,695.0,757.0,693.0,734.0,43200
2023-07-04,738.0,745.0,730.0,741.0,6300
2023-07-05,743.0,781.0,733.0,764.0,27800
2023-07-06,779.0,914.0,764.0,914.0,318500
2023-07-07,869.0,978.0,845.0,902.0,266400
2023-07-10,932.0,1045.0,927.0,1025.0,428700
2023-07-11,1024.0,1024.0,900.0,917.0,170800
2023-07-12,925.0,1010.0,864.0,873.0,166600
2023-07-13,870.0,938.0,848.0,895.0,82800
2023-07-14,880.0,927.0,874.0,913.0,43100
2023-07-18,923.0,986.0,880.0,962.0,87700
2023-07-19,898.0,907.0,854.0,856.0,167800
2023-07-20,857.0,857.0,827.0,854.0,47500
2023-07-21,849.0,849.0,829.0,836.0,20400
2023-07-24,836.0,861.0,829.0,829.0,16600
2023-07-25,832.0,838.0,822.0,822.0,5500
2023-07-26,822.0,825.0,776.0,810.0,25800
2023-07-27,810.0,836.0,809.0,813.0,12200
2023-07-28,813.0,815.0,792.0,794.0,6900
2023-07-31,798.0,812.0,790.0,807.0,9700
2023-08-01,807.0,819.0,792.0,801.0,4400
2023-08-02,799.0,806.0,795.0,803.0,4300
2023-08-03,800.0,804.0,785.0,793.0,7100
2023-08-04,791.0,830.0,788.0,820.0,13600
2023-08-07,805.0,821.0,798.0,820.0,8700
2023-08-08,808.0,859.0,808.0,859.0,20000
2023-08-09,846.0,854.0,791.0,816.0,17000
2023-08-10,819.0,820.0,801.0,801.0,3000
2023-08-14,799.0,844.0,799.0,832.0,10300
2023-08-15,832.0,832.0,810.0,810.0,4500
2023-08-16,825.0,825.0,810.0,823.0,4200
2023-08-17,811.0,825.0,811.0,813.0,2500
2023-08-18,813.0,827.0,798.0,803.0,4700
2023-08-21,807.0,852.0,795.0,849.0,12800
2023-08-22,849.0,869.0,849.0,862.0,18300
2023-08-23,867.0,876.0,836.0,853.0,9400
2023-08-24,853.0,869.0,817.0,869.0,7400
2023-08-25,844.0,865.0,844.0,864.0,1600
2023-08-28,866.0,882.0,862.0,880.0,12000
2023-08-29,882.0,903.0,852.0,880.0,16100
2023-08-30,870.0,896.0,851.0,861.0,12900
2023-08-31,882.0,1011.0,841.0,846.0,455200
2023-09-01,842.0,907.0,833.0,833.0,105100
2023-09-04,835.0,903.0,835.0,872.0,61500
2023-09-05,872.0,900.0,872.0,886.0,15900
2023-09-06,886.0,930.0,880.0,921.0,26100
2023-09-07,920.0,947.0,910.0,916.0,17500
2023-09-08,931.0,979.0,927.0,966.0,28600
2023-09-11,966.0,966.0,901.0,913.0,20300
2023-09-12,915.0,925.0,904.0,912.0,6100
2023-09-13,906.0,919.0,875.0,884.0,5400
2023-09-14,899.0,922.0,899.0,910.0,8000
2023-09-15,900.0,913.0,896.0,913.0,2400
2023-09-19,911.0,926.0,874.0,923.0,5800
2023-09-20,937.0,937.0,908.0,922.0,2600
2023-09-21,922.0,930.0,887.0,903.0,4900
2023-09-22,898.0,914.0,898.0,904.0,7400
2023-09-25,904.0,930.0,900.0,929.0,6900
2023-09-26,937.0,953.0,916.0,946.0,12400
2023-09-27,927.0,945.0,927.0,933.0,4900
2023-09-28,940.0,940.0,936.0,936.0,200
2023-09-29,936.0,940.0,921.0,935.0,1900
2023-10-02,935.0,936.0,920.0,936.0,2800
2023-10-03,926.0,935.0,895.0,911.0,3400
2023-10-04,896.0,918.0,896.0,918.0,3500
2023-10-05,933.0,937.0,915.0,915.0,2300
2023-10-06,915.0,915.0,915.0,915.0,0
2023-10-10,916.0,935.0,915.0,915.0,1400
2023-10-11,915.0,927.0,915.0,924.0,1600
2023-10-12,894.0,915.0,894.0,914.0,4300
2023-10-13,893.0,912.0,891.0,912.0,3100
2023-10-16,912.0,917.0,895.0,916.0,5900
2023-10-17,841.0,920.0,823.0,840.0,37100
2023-10-18,840.0,844.0,824.0,843.0,9600
2023-10-19,836.0,847.0,835.0,837.0,2300
2023-10-20,827.0,863.0,827.0,856.0,5900
2023-10-23,869.0,877.0,852.0,866.0,3600
2023-10-24,868.0,883.0,845.0,856.0,5000
2023-10-25,857.0,857.0,846.0,855.0,1800
2023-10-26,853.0,853.0,841.0,846.0,3500
2023-10-27,831.0,855.0,831.0,855.0,2800
2023-10-30,843.0,843.0,837.0,839.0,1100
2023-10-31,837.0,837.0,824.0,825.0,3600
2023-11-01,821.0,828.0,810.0,820.0,3600
2023-11-02,820.0,820.0,820.0,820.0,0
2023-11-06,820.0,827.0,813.0,827.0,2600
2023-11-07,820.0,857.0,816.0,818.0,8500
2023-11-08,818.0,818.0,818.0,818.0,0
2023-11-09,817.0,820.0,816.0,816.0,1100
2023-11-10,816.0,822.0,808.0,808.0,1300
2023-11-13,807.0,825.0,807.0,823.0,3300
2023-11-14,837.0,837.0,807.0,820.0,3300
2023-11-15,809.0,809.0,806.0,806.0,1100
2023-11-16,810.0,810.0,809.0,809.0,500
2023-11-17,820.0,831.0,814.0,823.0,3400
2023-11-20,827.0,835.0,826.0,826.0,1100
2023-11-21,831.0,845.0,831.0,843.0,6900
2023-11-22,828.0,843.0,828.0,835.0,2500
2023-11-24,840.0,846.0,835.0,841.0,900
2023-11-27,850.0,857.0,838.0,853.0,4600
2023-11-28,853.0,860.0,852.0,860.0,400
2023-11-29,854.0,860.0,851.0,860.0,900
2023-11-30,860.0,862.0,841.0,860.0,1100
2023-12-01,865.0,879.0,864.0,869.0,3500
2023-12-04,875.0,917.0,875.0,886.0,5500
2023-12-05,883.0,900.0,883.0,891.0,2500
2023-12-06,893.0,893.0,892.0,893.0,500
2023-12-07,896.0,910.0,889.0,910.0,2200
2023-12-08,910.0,920.0,910.0,910.0,1400
2023-12-11,910.0,910.0,880.0,881.0,1100
2023-12-12,895.0,895.0,890.0,890.0,400
2023-12-13,867.0,877.0,853.0,853.0,4600
2023-12-14,852.0,882.0,852.0,868.0,400
2023-12-15,876.0,876.0,853.0,858.0,1000
2023-12-18,813.0,816.0,796.0,814.0,6400
2023-12-19,807.0,837.0,807.0,834.0,3300
2023-12-20,838.0,840.0,830.0,838.0,500
2023-12-21,837.0,845.0,819.0,845.0,1700
2023-12-22,845.0,858.0,838.0,838.0,3400
2023-12-25,838.0,852.0,823.0,852.0,2000
2023-12-26,855.0,856.0,832.0,840.0,2400
2023-12-27,833.0,833.0,805.0,805.0,2000
2023-12-28,810.0,829.0,807.0,829.0,700
2023-12-29,830.0,840.0,830.0,833.0,400
2024-01-04,833.0,850.0,833.0,850.0,300
2024-01-05,835.0,836.0,815.0,822.0,16800
2024-01-09,828.0,833.0,820.0,823.0,2100
2024-01-10,826.0,855.0,826.0,843.0,5600
2024-01-11,840.0,852.0,825.0,845.0,3900
2024-01-12,836.0,845.0,830.0,835.0,5800
2024-01-15,834.0,848.0,833.0,848.0,1000
2024-01-16,834.0,888.0,815.0,860.0,20100
2024-01-17,868.0,878.0,863.0,863.0,1700
2024-01-18,848.0,863.0,848.0,851.0,2700
2024-01-19,845.0,845.0,826.0,833.0,2000
2024-01-22,847.0,847.0,847.0,847.0,700
2024-01-23,839.0,852.0,839.0,843.0,3000
2024-01-24,848.0,850.0,848.0,849.0,500
2024-01-25,852.0,864.0,843.0,853.0,700
2024-01-26,863.0,863.0,840.0,840.0,2000
2024-01-29,845.0,845.0,841.0,841.0,200
2024-01-30,850.0,855.0,850.0,855.0,1000
2024-01-31,855.0,858.0,832.0,832.0,6600
2024-02-01,845.0,845.0,833.0,833.0,2700
2024-02-02,833.0,833.0,822.0,824.0,1300
2024-02-05,824.0,830.0,810.0,810.0,1900
2024-02-06,810.0,820.0,805.0,809.0,5400
2024-02-07,811.0,811.0,800.0,800.0,4700
2024-02-08,792.0,792.0,777.0,788.0,4300
2024-02-09,788.0,788.0,770.0,780.0,5800
2024-02-13,778.0,797.0,776.0,794.0,4400
2024-02-14,790.0,801.0,790.0,790.0,1200
2024-02-15,801.0,801.0,744.0,760.0,9400
2024-02-16,760.0,765.0,755.0,765.0,800
2024-02-19,765.0,777.0,758.0,777.0,1600
2024-02-20,777.0,790.0,777.0,783.0,2000
2024-02-21,798.0,798.0,790.0,792.0,2200
2024-02-22,795.0,796.0,795.0,795.0,900
2024-02-26,800.0,800.0,782.0,782.0,4000
2024-02-27,782.0,790.0,781.0,790.0,3400
2024-02-28,790.0,820.0,784.0,809.0,6200
2024-02-29,809.0,818.0,799.0,815.0,3000
2024-03-01,815.0,818.0,800.0,813.0,3700
2024-03-04,813.0,820.0,813.0,820.0,1400
2024-03-05,819.0,832.0,818.0,820.0,3400
2024-03-06,811.0,830.0,811.0,825.0,10600
2024-03-07,821.0,827.0,821.0,824.0,1200
2024-03-08,820.0,824.0,820.0,824.0,1300
2024-03-11,809.0,813.0,801.0,806.0,7800
2024-03-12,806.0,808.0,802.0,808.0,1100
2024-03-13,815.0,818.0,808.0,809.0,7000
2024-03-14,803.0,811.0,803.0,811.0,1000
2024-03-15,811.0,811.0,803.0,803.0,1000
2024-03-18,812.0,823.0,809.0,819.0,2400
2024-03-19,819.0,834.0,819.0,834.0,4200
2024-03-21,846.0,850.0,835.0,850.0,4000
2024-03-22,852.0,858.0,844.0,858.0,3400
2024-03-25,859.0,859.0,851.0,854.0,2300
2024-03-26,860.0,860.0,850.0,857.0,2700
2024-03-27,852.0,866.0,852.0,857.0,8900
2024-03-28,870.0,888.0,857.0,887.0,10700
2024-03-29,887.0,893.0,875.0,890.0,8000
2024-04-01,883.0,909.0,883.0,888.0,7000
2024-04-02,897.0,905.0,886.0,899.0,4000
2024-04-03,899.0,899.0,890.0,898.0,3000
2024-04-04,898.0,898.0,890.0,892.0,2400
2024-04-05,891.0,891.0,878.0,890.0,5300
2024-04-08,890.0,890.0,865.0,866.0,3200
2024-04-09,871.0,888.0,869.0,869.0,2900
2024-04-10,887.0,887.0,871.0,886.0,4200
2024-04-11,890.0,898.0,890.0,898.0,4600
2024-04-12,898.0,899.0,884.0,899.0,3500
2024-04-15,890.0,906.0,889.0,890.0,13300
2024-04-16,894.0,894.0,871.0,885.0,4100
2024-04-17,884.0,884.0,853.0,853.0,2800
2024-04-18,861.0,861.0,860.0,860.0,300
2024-04-19,860.0,860.0,836.0,836.0,3600
2024-04-22,834.0,840.0,834.0,840.0,2800
2024-04-23,845.0,845.0,845.0,845.0,500
2024-04-24,815.0,840.0,815.0,827.0,16600
2024-04-25,823.0,838.0,821.0,832.0,3800
2024-04-26,851.0,851.0,841.0,841.0,1800
2024-04-30,842.0,842.0,836.0,836.0,2100
2024-05-01,836.0,837.0,836.0,837.0,1100
2024-05-02,837.0,838.0,833.0,833.0,1000
2024-05-07,833.0,838.0,833.0,837.0,500
2024-05-08,838.0,838.0,838.0,838.0,600
2024-05-09,839.0,839.0,839.0,839.0,300
2024-05-10,839.0,839.0,839.0,839.0,200
2024-05-13,840.0,842.0,806.0,818.0,5200
2024-05-14,819.0,826.0,819.0,821.0,1900
2024-05-15,836.0,836.0,818.0,818.0,800
2024-05-16,825.0,825.0,810.0,810.0,1100
2024-05-17,812.0,833.0,801.0,813.0,2600
2024-05-20,821.0,821.0,804.0,810.0,2200
2024-05-21,812.0,840.0,812.0,840.0,900
2024-05-22,839.0,839.0,819.0,820.0,3400
2024-05-23,820.0,820.0,820.0,820.0,0
2024-05-24,820.0,833.0,808.0,833.0,2300
2024-05-27,838.0,845.0,836.0,843.0,3100
2024-05-28,842.0,842.0,839.0,839.0,700
2024-05-29,838.0,838.0,811.0,816.0,3900
2024-05-30,817.0,825.0,817.0,825.0,900
2024-05-31,840.0,840.0,840.0,840.0,100
2024-06-03,840.0,844.0,820.0,844.0,4400
2024-06-04,842.0,849.0,842.0,848.0,1600
2024-06-05,845.0,848.0,840.0,840.0,1600
2024-06-06,841.0,843.0,841.0,843.0,200
2024-06-07,847.0,847.0,843.0,843.0,1100
2024-06-10,843.0,850.0,841.0,848.0,1400
2024-06-11,848.0,848.0,848.0,848.0,0
2024-06-12,837.0,842.0,829.0,842.0,600
2024-06-13,841.0,844.0,834.0,841.0,1500
2024-06-14,840.0,840.0,840.0,840.0,200
2024-06-17,840.0,865.0,840.0,850.0,6700
2024-06-18,857.0,887.0,857.0,877.0,4200
2024-06-19,884.0,1027.0,871.0,1027.0,70800
2024-06-20,1117.0,1327.0,1066.0,1327.0,1147000
2024-06-21,1387.0,1432.0,1172.0,1258.0,426800
2024-06-24,1174.0,1558.0,1160.0,1558.0,1816100
2024-06-25,1758.0,1919.0,1252.0,1265.0,2567500
2024-06-26,1235.0,1240.0,1140.0,1147.0,368400
2024-06-27,1125.0,1198.0,1113.0,1149.0,279000
2024-06-28,1263.0,1345.0,1131.0,1178.0,902300
2024-07-01,1167.0,1169.0,1120.0,1131.0,118500
2024-07-02,1132.0,1160.0,1092.0,1119.0,109800
2024-07-03,1117.0,1149.0,1107.0,1149.0,42700
2024-07-04,1131.0,1158.0,1124.0,1145.0,36900
2024-07-05,1151.0,1158.0,1134.0,1156.0,24400
2024-07-08,1159.0,1195.0,1143.0,1194.0,84100
2024-07-09,1224.0,1251.0,1114.0,1118.0,253500
2024-07-10,1117.0,1117.0,1034.0,1042.0,82900
2024-07-11,1037.0,1049.0,1022.0,1029.0,23100
2024-07-12,1017.0,1040.0,1007.0,1034.0,26500
2024-07-16,1045.0,1141.0,1040.0,1140.0,161200
2024-07-17,1050.0,1117.0,1044.0,1056.0,173000
2024-07-18,1026.0,1043.0,990.0,997.0,68900
2024-07-19,1002.0,1004.0,956.0,971.0,43200
2024-07-22,971.0,971.0,942.0,954.0,31200
2024-07-23,956.0,988.0,948.0,948.0,24100
2024-07-24,948.0,955.0,917.0,927.0,24000
2024-07-25,915.0,919.0,902.0,911.0,23700
2024-07-26,915.0,946.0,891.0,931.0,40800
2024-07-29,931.0,943.0,918.0,943.0,11400
2024-07-30,940.0,954.0,925.0,932.0,16400
2024-07-31,927.0,960.0,915.0,926.0,16700
2024-08-01,924.0,924.0,861.0,866.0,26900
2024-08-02,830.0,830.0,793.0,793.0,24100
2024-08-05,720.0,745.0,643.0,643.0,80900
2024-08-06,718.0,743.0,692.0,743.0,28300
2024-08-07,751.0,893.0,751.0,830.0,93100
2024-08-08,788.0,837.0,788.0,823.0,36700
2024-08-09,853.0,856.0,791.0,805.0,25400
2024-08-13,835.0,848.0,818.0,842.0,12200
2024-08-14,842.0,866.0,842.0,866.0,14700
2024-08-15,853.0,887.0,853.0,870.0,12700
2024-08-16,885.0,920.0,875.0,920.0,14900
2024-08-19,935.0,935.0,877.0,896.0,12400
2024-08-20,891.0,920.0,866.0,885.0,10400
2024-08-21,900.0,900.0,884.0,885.0,3300
2024-08-22,870.0,919.0,870.0,894.0,9400
2024-08-23,894.0,910.0,888.0,910.0,5500
2024-08-26,910.0,915.0,887.0,913.0,10300
2024-08-27,913.0,917.0,910.0,910.0,1700
2024-08-28,925.0,930.0,891.0,927.0,15900
2024-08-29,927.0,940.0,901.0,935.0,9500
2024-08-30,935.0,940.0,926.0,929.0,3400
2024-09-02,920.0,935.0,912.0,917.0,4500
2024-09-03,902.0,944.0,902.0,917.0,5100
2024-09-04,894.0,912.0,886.0,887.0,9100
2024-09-05,874.0,922.0,874.0,904.0,3200
2024-09-06,915.0,915.0,889.0,890.0,1100
2024-09-09,912.0,1040.0,901.0,916.0,864300
2024-09-10,930.0,1026.0,897.0,930.0,549600
2024-09-11,915.0,938.0,836.0,848.0,144900
2024-09-12,861.0,880.0,842.0,857.0,23400
2024-09-13,859.0,867.0,840.0,841.0,15200
2024-09-17,836.0,848.0,821.0,821.0,15200
2024-09-18,822.0,833.0,815.0,815.0,9700
2024-09-19,830.0,850.0,823.0,834.0,7200
2024-09-20,849.0,855.0,844.0,855.0,5000
2024-09-24,870.0,872.0,857.0,862.0,7800
2024-09-25,877.0,890.0,868.0,885.0,26200
2024-09-26,886.0,894.0,881.0,894.0,10100
2024-09-27,894.0,906.0,891.0,906.0,9400
2024-09-30,876.0,900.0,876.0,889.0,5400
2024-10-01,893.0,910.0,893.0,910.0,5800
2024-10-02,901.0,910.0,885.0,888.0,6600
2024-10-03,903.0,908.0,890.0,890.0,4200
2024-10-04,885.0,903.0,885.0,901.0,3900
2024-10-07,906.0,915.0,906.0,911.0,12300
2024-10-08,906.0,913.0,895.0,904.0,4800
2024-10-09,904.0,911.0,902.0,908.0,4800
2024-10-10,905.0,912.0,893.0,906.0,5000
2024-10-11,910.0,1012.0,910.0,925.0,79500
2024-10-15,970.0,998.0,949.0,997.0,63900
2024-10-16,902.0,908.0,853.0,859.0,71600
2024-10-17,860.0,865.0,827.0,828.0,16400
2024-10-18,832.0,837.0,808.0,814.0,10500
2024-10-21,827.0,827.0,811.0,814.0,1100
2024-10-22,810.0,815.0,800.0,803.0,4600
2024-10-23,801.0,814.0,778.0,784.0,5100
2024-10-24,791.0,793.0,785.0,793.0,3200
2024-10-25,781.0,793.0,757.0,766.0,6000
2024-10-28,771.0,780.0,740.0,772.0,19600
2024-10-29,779.0,796.0,769.0,796.0,3500
2024-10-30,796.0,797.0,789.0,790.0,2300
2024-10-31,788.0,788.0,773.0,780.0,6000
2024-11-01,783.0,785.0,778.0,778.0,700
2024-11-05,780.0,780.0,765.0,775.0,2500
2024-11-06,775.0,779.0,770.0,776.0,3000
2024-11-07,761.0,778.0,761.0,766.0,3000
2024-11-08,776.0,776.0,739.0,749.0,8500
2024-11-11,749.0,750.0,735.0,746.0,3900
2024-11-12,758.0,758.0,735.0,755.0,3100
2024-11-13,756.0,757.0,741.0,754.0,1700
2024-11-14,748.0,751.0,740.0,750.0,1700
2024-11-15,742.0,742.0,732.0,732.0,2500
2024-11-18,733.0,735.0,723.0,725.0,3400
2024-11-19,725.0,725.0,722.0,724.0,5700
2024-11-20,724.0,759.0,724.0,745.0,4900
2024-11-21,755.0,755.0,739.0,747.0,3200
2024-11-22,748.0,748.0,740.0,741.0,800
2024-11-25,754.0,754.0,739.0,747.0,3500
2024-11-26,897.0,897.0,897.0,897.0,11200
2024-11-27,972.0,1024.0,849.0,897.0,335000
2024-11-28,850.0,866.0,833.0,848.0,37600
2024-11-29,841.0,850.0,823.0,845.0,14800
2024-12-02,836.0,838.0,808.0,817.0,18900
2024-12-03,811.0,821.0,805.0,805.0,11600
2024-12-04,805.0,809.0,796.0,809.0,4700
2024-12-05,810.0,810.0,796.0,796.0,3400
2024-12-06,796.0,796.0,788.0,791.0,4700
2024-12-09,793.0,793.0,783.0,787.0,3500
2024-12-10,795.0,795.0,783.0,785.0,1700
2024-12-11,787.0,787.0,780.0,785.0,3800
2024-12-12,782.0,793.0,767.0,782.0,8000
2024-12-13,776.0,776.0,765.0,770.0,5600
2024-12-16,775.0,775.0,760.0,760.0,4900
2024-12-17,756.0,769.0,749.0,755.0,4800
2024-12-18,755.0,755.0,749.0,749.0,2800
2024-12-19,747.0,747.0,742.0,745.0,6600
2024-12-20,718.0,735.0,716.0,733.0,9400
2024-12-23,740.0,750.0,723.0,725.0,8100
2024-12-24,723.0,723.0,693.0,693.0,16200
2024-12-25,695.0,723.0,692.0,721.0,19400
2024-12-26,724.0,724.0,712.0,713.0,28600
2024-12-27,713.0,724.0,713.0,724.0,11200
2024-12-30,721.0,737.0,721.0,737.0,6200
2025-01-06,747.0,767.0,742.0,767.0,15000
2025-01-07,763.0,777.0,755.0,776.0,15500
2025-01-08,770.0,770.0,748.0,761.0,8300
2025-01-09,751.0,771.0,751.0,761.0,7500
2025-01-10,756.0,790.0,756.0,786.0,14100
2025-01-14,786.0,818.0,778.0,810.0,27100
2025-01-15,781.0,790.0,750.0,751.0,19500
2025-01-16,753.0,767.0,750.0,750.0,10500
2025-01-17,740.0,748.0,738.0,739.0,16600
2025-01-20,740.0,759.0,729.0,736.0,11900
2025-01-21,738.0,738.0,726.0,729.0,3600
2025-01-22,730.0,747.0,730.0,740.0,5400
2025-01-23,745.0,860.0,743.0,804.0,79600
2025-01-24,798.0,815.0,786.0,790.0,14500
2025-01-27,799.0,799.0,784.0,787.0,3200
2025-01-28,783.0,784.0,773.0,782.0,4300
2025-01-29,782.0,790.0,781.0,789.0,2900
2025-01-30,785.0,789.0,756.0,764.0,6000
2025-01-31,760.0,775.0,760.0,770.0,2400
2025-02-03,764.0,771.0,760.0,760.0,2300
2025-02-04,760.0,774.0,760.0,768.0,2900
2025-02-05,783.0,835.0,772.0,816.0,45000
2025-02-06,828.0,858.0,820.0,849.0,64800
2025-02-07,854.0,855.0,835.0,852.0,12800
2025-02-10,844.0,863.0,826.0,834.0,10000
2025-02-12,845.0,852.0,830.0,852.0,3400
2025-02-13,852.0,852.0,841.0,841.0,8600
2025-02-14,842.0,856.0,840.0,840.0,3900
2025-02-17,838.0,838.0,832.0,832.0,2100
2025-02-18,822.0,833.0,821.0,829.0,1900
2025-02-19,828.0,837.0,825.0,825.0,4000
2025-02-20,822.0,823.0,812.0,812.0,2700
2025-02-21,812.0,821.0,812.0,814.0,4500
2025-02-25,810.0,810.0,801.0,801.0,4400
2025-02-26,806.0,808.0,800.0,800.0,3000
2025-02-27,809.0,858.0,809.0,839.0,17200
2025-02-28,851.0,878.0,850.0,871.0,19800
2025-03-03,883.0,883.0,860.0,860.0,9600
2025-03-04,872.0,872.0,846.0,849.0,12600
2025-03-05,841.0,849.0,840.0,841.0,2200
2025-03-06,839.0,857.0,839.0,857.0,4300
2025-03-07,845.0,858.0,842.0,858.0,4500
2025-03-10,858.0,867.0,856.0,856.0,1700
2025-03-11,855.0,855.0,839.0,848.0,2600
2025-03-12,848.0,852.0,844.0,851.0,4400
2025-03-13,851.0,851.0,842.0,843.0,3300
2025-03-14,854.0,854.0,849.0,849.0,200
2025-03-17,845.0,862.0,842.0,855.0,4100
2025-03-18,855.0,855.0,844.0,844.0,1000
2025-03-19,847.0,863.0,847.0,859.0,2400
2025-03-21,868.0,873.0,860.0,865.0,6900
2025-03-24,871.0,879.0,870.0,873.0,6900
2025-03-25,864.0,868.0,851.0,867.0,4800
2025-03-26,879.0,879.0,862.0,877.0,4300
2025-03-27,862.0,873.0,858.0,870.0,900
2025-03-28,862.0,862.0,839.0,839.0,2900
2025-03-31,809.0,823.0,803.0,812.0,2800
2025-04-01,820.0,828.0,813.0,817.0,1700
2025-04-02,820.0,825.0,820.0,825.0,1500
2025-04-03,811.0,815.0,805.0,806.0,2200
2025-04-04,800.0,802.0,749.0,766.0,7300
2025-04-07,700.0,751.0,672.0,699.0,11700
2025-04-08,719.0,721.0,678.0,713.0,13400
2025-04-09,706.0,706.0,690.0,695.0,4700
2025-04-10,748.0,748.0,722.0,730.0,1900
2025-04-11,721.0,763.0,720.0,762.0,3300
2025-04-14,795.0,816.0,785.0,787.0,9300
2025-04-15,770.0,778.0,755.0,767.0,10500
2025-04-16,763.0,799.0,761.0,790.0,1800
2025-04-17,791.0,805.0,770.0,770.0,2500
2025-04-18,770.0,785.0,770.0,781.0,1100
2025-04-21,781.0,790.0,781.0,790.0,2500
2025-04-22,791.0,801.0,791.0,795.0,5000
2025-04-23,800.0,909.0,779.0,779.0,275100
2025-04-24,793.0,793.0,783.0,793.0,7700
2025-04-25,795.0,795.0,786.0,793.0,1500
2025-04-28,805.0,805.0,783.0,790.0,5800
2025-04-30,791.0,791.0,774.0,777.0,6200
2025-05-01,775.0,775.0,770.0,770.0,3100
2025-05-02,767.0,767.0,764.0,764.0,300
2025-05-07,764.0,796.0,744.0,745.0,27600
2025-05-08,748.0,757.0,748.0,753.0,1400
2025-05-09,748.0,752.0,742.0,748.0,5000
2025-05-12,748.0,773.0,748.0,770.0,3900
2025-05-13,774.0,779.0,768.0,777.0,1900
2025-05-14,774.0,780.0,765.0,765.0,4000
2025-05-15,765.0,774.0,765.0,774.0,500
2025-05-16,768.0,768.0,761.0,765.0,1900
2025-05-19,761.0,761.0,690.0,706.0,35700
2025-05-20,721.0,726.0,718.0,718.0,6200
2025-05-21,727.0,730.0,718.0,723.0,6400
2025-05-22,721.0,724.0,716.0,716.0,1900
2025-05-23,716.0,724.0,716.0,722.0,600
2025-05-26,727.0,727.0,721.0,724.0,1600
2025-05-27,722.0,725.0,721.0,724.0,1400
2025-05-28,723.0,723.0,720.0,720.0,1700
2025-05-29,724.0,724.0,716.0,717.0,1500
2025-05-30,716.0,722.0,716.0,720.0,500
2025-06-02,718.0,723.0,718.0,723.0,300
2025-06-03,708.0,717.0,706.0,713.0,6000
2025-06-04,713.0,720.0,713.0,720.0,500
2025-06-05,707.0,714.0,707.0,714.0,600
2025-06-06,712.0,712.0,710.0,710.0,500
2025-06-09,712.0,712.0,707.0,707.0,5500
2025-06-10,707.0,713.0,707.0,713.0,600
2025-06-11,708.0,708.0,708.0,708.0,600
2025-06-12,711.0,720.0,711.0,720.0,300
2025-06-13,720.0,720.0,719.0,720.0,1900
2025-06-16,720.0,722.0,713.0,713.0,500
2025-06-17,712.0,715.0,712.0,715.0,800
2025-06-18,725.0,734.0,720.0,732.0,8100
2025-06-19,732.0,738.0,724.0,733.0,4100
2025-06-20,740.0,740.0,728.0,734.0,700
2025-06-23,735.0,739.0,720.0,727.0,8200
2025-06-24,740.0,740.0,731.0,735.0,1400
2025-06-25,735.0,742.0,735.0,741.0,1300
2025-06-26,749.0,749.0,741.0,743.0,4500
2025-06-27,743.0,749.0,741.0,742.0,4200
2025-06-30,742.0,747.0,735.0,742.0,1800
2025-07-01,745.0,747.0,737.0,737.0,3500
2025-07-02,731.0,740.0,728.0,740.0,1500
2025-07-03,742.0,748.0,736.0,747.0,10900
2025-07-04,757.0,819.0,755.0,769.0,27500
2025-07-07,799.0,799.0,776.0,785.0,7300
2025-07-08,779.0,790.0,779.0,780.0,1500
2025-07-09,780.0,780.0,773.0,777.0,2500
2025-07-10,771.0,773.0,760.0,770.0,4000
2025-07-11,760.0,766.0,760.0,766.0,1100
2025-07-14,764.0,787.0,763.0,782.0,1900
2025-07-15,788.0,815.0,785.0,800.0,10700
2025-07-16,829.0,829.0,785.0,785.0,26200
2025-07-17,782.0,830.0,779.0,830.0,20000
2025-07-18,817.0,827.0,804.0,824.0,10200
2025-07-22,823.0,823.0,804.0,809.0,8900
2025-07-23,824.0,824.0,814.0,821.0,7000
2025-07-24,821.0,822.0,797.0,806.0,11500
2025-07-25,810.0,814.0,806.0,806.0,5300
2025-07-28,813.0,813.0,800.0,807.0,4400
2025-07-29,807.0,807.0,782.0,800.0,2300
2025-07-30,799.0,800.0,799.0,800.0,1600
2025-07-31,796.0,796.0,795.0,795.0,200
2025-08-01,793.0,805.0,793.0,803.0,700
2025-08-04,808.0,811.0,800.0,800.0,1500
2025-08-05,808.0,808.0,808.0,808.0,200
2025-08-06,800.0,811.0,800.0,809.0,2200
2025-08-07,809.0,809.0,799.0,799.0,900
2025-08-08,801.0,819.0,801.0,809.0,10900
2025-08-12,818.0,818.0,809.0,814.0,1600
2025-08-13,822.0,822.0,810.0,810.0,3000
2025-08-14,808.0,820.0,800.0,815.0,4800
2025-08-15,815.0,815.0,806.0,814.0,1800
2025-08-18,821.0,822.0,816.0,816.0,1800
2025-08-19,822.0,824.0,820.0,821.0,2700
2025-08-20,850.0,899.0,849.0,862.0,45500
2025-08-21,877.0,877.0,859.0,867.0,14400
2025-08-22,878.0,878.0,861.0,861.0,5300
2025-08-25,857.0,890.0,857.0,883.0,18200
2025-08-26,880.0,892.0,871.0,879.0,17800
2025-08-27,879.0,889.0,870.0,883.0,23700
2025-08-28,879.0,884.0,875.0,883.0,7300
2025-08-29,882.0,884.0,877.0,883.0,11700
2025-09-01,879.0,886.0,876.0,885.0,14100
2025-09-02,886.0,914.0,886.0,907.0,49500
2025-09-03,905.0,905.0,894.0,899.0,14800
2025-09-04,900.0,909.0,897.0,904.0,12300
2025-09-05,902.0,918.0,898.0,914.0,13000
2025-09-08,914.0,921.0,908.0,909.0,5900
2025-09-09,909.0,916.0,904.0,906.0,12500
2025-09-10,1056.0,1056.0,1056.0,1056.0,15300
2025-09-11,1056.0,1060.0,982.0,1029.0,274100
2025-09-12,1025.0,1039.0,995.0,1000.0,57100
2025-09-16,1000.0,1073.0,1000.0,1058.0,56100
2025-09-17,1058.0,1072.0,1037.0,1067.0,17300
2025-09-18,1064.0,1073.0,1051.0,1057.0,15100
2025-09-19,1052.0,1070.0,1000.0,1016.0,17100
2025-09-22,1022.0,1036.0,1022.0,1036.0,5000
2025-09-24,1036.0,1036.0,1022.0,1026.0,7800
2025-09-25,1020.0,1032.0,1010.0,1010.0,8500
2025-09-26,1010.0,1010.0,1002.0,1003.0,4100
2025-09-29,1021.0,1033.0,1019.0,1027.0,6900
2025-09-30,1039.0,1040.0,1021.0,1035.0,3900
2025-10-01,1034.0,1034.0,1007.0,1012.0,6100
2025-10-02,1012.0,1029.0,1005.0,1012.0,4000
2025-10-03,1006.0,1022.0,1004.0,1007.0,3000
2025-10-06,1009.0,1023.0,966.0,1002.0,11300
2025-10-07,1023.0,1025.0,1011.0,1016.0,5900
2025-10-08,1019.0,1037.0,1017.0,1033.0,10900
2025-10-09,1042.0,1042.0,1029.0,1035.0,2500
2025-10-10,1040.0,1050.0,1032.0,1046.0,9200
2025-10-14,1045.0,1051.0,1004.0,1004.0,12600
2025-10-15,1006.0,1035.0,1006.0,1021.0,8600
2025-10-16,1026.0,1030.0,975.0,987.0,37500
2025-10-17,987.0,1054.0,981.0,1045.0,71400
2025-10-20,1100.0,1103.0,996.0,1001.0,61700
2025-10-21,1010.0,1010.0,980.0,999.0,25300
2025-10-22,999.0,999.0,982.0,984.0,10400
2025-10-23,980.0,982.0,969.0,975.0,15300
2025-10-24,985.0,986.0,971.0,971.0,4800
2025-10-27,985.0,1076.0,977.0,1042.0,94400
2025-10-28,1072.0,1109.0,1057.0,1065.0,75800
2025-10-29,1087.0,1099.0,1066.0,1068.0,24900
2025-10-30,1069.0,1105.0,1067.0,1096.0,28500
2025-10-31,1096.0,1139.0,1091.0,1106.0,50700
2025-11-04,1111.0,1118.0,1075.0,1086.0,62400
2025-11-05,1086.0,1091.0,1063.0,1085.0,36200
2025-11-06,1096.0,1096.0,1078.0,1084.0,16800
2025-11-07,1084.0,1085.0,1066.0,1075.0,17700
2025-11-10,1090.0,1112.0,1083.0,1104.0,19300
2025-11-11,1105.0,1128.0,1105.0,1121.0,20600
2025-11-12,1126.0,1139.0,1121.0,1129.0,20200
2025-11-13,1130.0,1150.0,1130.0,1135.0,12300
2025-11-14,1137.0,1155.0,1124.0,1140.0,17500
2025-11-17,1141.0,1150.0,1132.0,1142.0,24000
2025-11-18,1149.0,1149.0,1129.0,1131.0,28300
2025-11-19,1130.0,1133.0,1122.0,1127.0,22400
2025-11-20,1135.0,1137.0,1124.0,1128.0,17400
2025-11-21,1121.0,1134.0,1121.0,1133.0,37600
2025-11-25,1150.0,1157.0,1137.0,1154.0,50900
2025-11-26,1164.0,1194.0,1164.0,1190.0,80200
2025-11-27,1003.0,1060.0,1003.0,1028.0,144200
2025-11-28,1024.0,1025.0,994.0,1005.0,68200
2025-12-01,1001.0,1001.0,956.0,958.0,52700
2025-12-02,958.0,961.0,923.0,924.0,34500
2025-12-03,924.0,931.0,915.0,917.0,24400
2025-12-04,917.0,931.0,917.0,925.0,10500
2025-12-05,925.0,925.0,912.0,919.0,12800
2025-12-08,920.0,926.0,916.0,917.0,10600
2025-12-09,916.0,920.0,913.0,916.0,9000
2025-12-10,919.0,920.0,913.0,915.0,11400
2025-12-11,914.0,916.0,896.0,896.0,23900
2025-12-12,896.0,902.0,883.0,891.0,17100
2025-12-15,891.0,907.0,887.0,904.0,12700
2025-12-16,904.0,929.0,897.0,898.0,32700
2025-12-17,895.0,895.0,886.0,888.0,11000
2025-12-18,889.0,896.0,889.0,896.0,10000
2025-12-19,895.0,898.0,890.0,891.0,12700
2025-12-22,891.0,896.0,888.0,888.0,18800
2025-12-23,887.0,910.0,886.0,898.0,17800
2025-12-24,891.0,912.0,891.0,907.0,12100
2025-12-25,906.0,911.0,899.0,911.0,15400
2025-12-26,911.0,920.0,896.0,906.0,30300
2025-12-29,925.0,935.0,908.0,924.0,6900
2025-12-30,924.0,951.0,924.0,945.0,10000
2026-01-05,953.0,968.0,947.0,956.0,15000
2026-01-06,959.0,959.0,950.0,957.0,6400
2026-01-07,952.0,957.0,950.0,952.0,2600
2026-01-08,952.0,957.0,949.0,954.0,2300
2026-01-09,956.0,956.0,945.0,945.0,4600
2026-01-13,950.0,962.0,947.0,954.0,6500
2026-01-14,961.0,1000.0,961.0,962.0,14300
2026-01-15,961.0,972.0,948.0,951.0,13100
2026-01-16,951.0,958.0,941.0,941.0,9000
2026-01-19,949.0,954.0,944.0,944.0,12900
2026-01-20,950.0,954.0,947.0,953.0,4500
2026-01-21,953.0,953.0,943.0,945.0,4000
2026-01-22,951.0,952.0,948.0,952.0,2400
2026-01-23,952.0,954.0,949.0,951.0,5400
2026-01-26,958.0,958.0,949.0,949.0,4200
2026-01-27,953.0,953.0,944.0,945.0,4400
2026-01-28,945.0,948.0,945.0,948.0,1800
2026-01-29,950.0,950.0,942.0,942.0,2000
2026-01-30,949.0,949.0,942.0,947.0,1300
2026-02-02,947.0,953.0,942.0,943.0,1600
2026-02-03,943.0,945.0,939.0,939.0,4300
2026-02-04,939.0,940.0,931.0,933.0,3500
2026-02-05,933.0,937.0,930.0,935.0,3700
2026-02-06,932.0,937.0,931.0,931.0,4100
2026-02-09,946.0,946.0,931.0,944.0,4300
2026-02-10,944.0,957.0,938.0,956.0,6600
2026-02-12,957.0,995.0,950.0,972.0,13700
2026-02-13,977.0,977.0,952.0,977.0,5000
2026-02-16,970.0,978.0,962.0,978.0,5100
2026-02-17,979.0,979.0,965.0,967.0,2000
2026-02-18,978.0,978.0,974.0,977.0,2900
2026-02-19,969.0,980.0,968.0,980.0,5300
2026-02-20,980.0,980.0,966.0,966.0,1600
2026-02-24,979.0,979.0,966.0,975.0,2200
2026-02-25,979.0,979.0,978.0,978.0,1000
2026-02-26,986.0,986.0,974.0,979.0,3900
2026-02-27,971.0,983.0,965.0,983.0,3900
2026-03-02,982.0,982.0,965.0,982.0,3300
2026-03-03,980.0,982.0,974.0,974.0,1900
2026-03-04,963.0,963.0,949.0,949.0,5400
2026-03-05,952.0,973.0,952.0,970.0,1600
2026-03-06,965.0,965.0,960.0,965.0,1100
2026-03-09,970.0,970.0,955.0,955.0,3000
2026-03-10,974.0,974.0,961.0,961.0,800
2026-03-11,970.0,970.0,955.0,955.0,7600
2026-03-12,954.0,965.0,943.0,965.0,4900
2026-03-13,962.0,962.0,951.0,952.0,1300
2026-03-16,953.0,960.0,948.0,959.0,1700
2026-03-17,959.0,959.0,949.0,951.0,1300
2026-03-18,951.0,956.0,948.0,956.0,1200
2026-03-19,950.0,960.0,947.0,960.0,1400
2026-03-23,980.0,980.0,947.0,947.0,6900
2026-03-24,970.0,970.0,947.0,951.0,2000
2026-03-25,966.0,966.0,940.0,954.0,2500
2026-03-26,983.0,983.0,952.0,952.0,7300
2026-03-27,967.0,967.0,960.0,960.0,1400
2026-03-30,960.0,976.0,960.0,961.0,1100
2026-03-31,961.0,961.0,960.0,961.0,400
2026-04-01,962.0,968.0,960.0,967.0,800
2026-04-02,958.0,967.0,958.0,967.0,1200
2026-04-03,963.0,963.0,956.0,960.0,1500
2026-04-06,968.0,978.0,965.0,977.0,2600
2026-04-07,980.0,980.0,967.0,977.0,2200
2026-04-08,977.0,988.0,977.0,988.0,3700
2026-04-09,987.0,999.0,984.0,986.0,2300
2026-04-10,987.0,998.0,987.0,998.0,1000
2026-04-13,998.0,998.0,993.0,993.0,1300
2026-04-14,991.0,1009.0,970.0,970.0,8600
2026-04-15,962.0,983.0,962.0,965.0,4400
2026-04-16,965.0,974.0,959.0,960.0,1900
2026-04-17,960.0,960.0,960.0,960.0,100
2026-04-20,982.0,983.0,964.0,983.0,1300
2026-04-21,983.0,983.0,963.0,982.0,1600
2026-04-22,970.0,972.0,970.0,972.0,7400
2026-04-23,978.0,978.0,967.0,967.0,1700
2026-04-24,967.0,967.0,963.0,964.0,500
2026-04-27,972.0,972.0,961.0,961.0,1700
2026-04-28,962.0,962.0,962.0,962.0,500
2026-04-30,961.0,961.0,958.0,958.0,1800
2026-05-01,956.0,962.0,952.0,952.0,1100
2026-05-07,953.0,969.0,953.0,969.0,1000
2026-05-08,960.0,964.0,954.0,964.0,1600
2026-05-11,968.0,968.0,942.0,945.0,3700
2026-05-12,967.0,967.0,946.0,946.0,3100
2026-05-13,974.0,986.0,966.0,986.0,7100
2026-05-14,990.0,1000.0,990.0,999.0,4700
2026-05-15,993.0,993.0,987.0,988.0,3300
2026-05-18,1000.0,1000.0,986.0,990.0,2300
2026-05-19,988.0,999.0,985.0,999.0,1600
2026-05-20,1000.0,1020.0,995.0,1019.0,4400
2026-05-21,1024.0,1025.0,1006.0,1008.0,8000
2026-05-22,1010.0,1024.0,1010.0,1017.0,3300
2026-05-25,1017.0,1020.0,1015.0,1015.0,4600
2026-05-26,1020.0,1020.0,993.0,1018.0,4200
2026-05-27,1007.0,1019.0,993.0,1017.0,4300
2026-05-28,997.0,1010.0,951.0,969.0,7800
2026-05-29,970.0,980.0,970.0,974.0,2200
2026-06-01,974.0,983.0,974.0,976.0,2400
2026-06-02,989.0,998.0,974.0,974.0,2000
2026-06-03,976.0,991.0,970.0,980.0,2500
2026-06-04,980.0,985.0,968.0,969.0,1500
2026-06-05,969.0,970.0,969.0,970.0,300
2026-06-08,970.0,1086.0,970.0,1038.0,43400
2026-06-09,1038.0,1038.0,986.0,994.0,6900
2026-06-10,1000.0,1005.0,998.0,1005.0,2100
2026-06-11,1000.0,1005.0,999.0,1005.0,600
2026-06-12,1005.0,1005.0,991.0,995.0,2200
2026-06-15,995.0,996.0,973.0,987.0,5100
2026-06-16,984.0,1005.0,981.0,982.0,1800
2026-06-17,987.0,987.0,985.0,985.0,500
2026-06-18,985.0,998.0,985.0,997.0,1300
2026-06-19,999.0,999.0,987.0,996.0,1000
2026-06-22,1006.0,1008.0,1004.0,1008.0,1700
2026-06-23,985.0,994.0,985.0,987.0,1300
2026-06-24,987.0,1000.0,987.0,997.0,1100
2026-06-25,997.0,1006.0,997.0,1006.0,1100
2026-06-26,1008.0,1008.0,1000.0,1000.0,3900
2026-06-29,1000.0,1020.0,1000.0,1020.0,3100
2026-06-30,1023.0,1024.0,1021.0,1024.0,900
2026-07-01,1018.0,1018.0,1012.0,1012.0,800
2026-07-02,1022.0,1022.0,1013.0,1022.0,1000
2026-07-03,1024.0,1024.0,1023.0,1024.0,500
2026-07-06,1034.0,1036.0,1026.0,1026.0,2200
2026-07-07,1039.0,1039.0,1027.0,1039.0,1700
2026-07-08,1040.0,1040.0,1026.0,1026.0,1800
2026-07-09,1026.0,1040.0,1026.0,1035.0,2300
2026-07-10,1047.0,1048.0,1016.0,1038.0,4000
2026-07-13,1054.0,1054.0,1038.0,1038.0,1700
2026-07-14,1038.0,1050.0,1038.0,1040.0,1300
2026-07-15,1050.0,1066.0,1050.0,1066.0,5200
2026-07-16,1068.0,1070.0,1037.0,1040.0,5900
2026-07-17,1047.0,1047.0,962.0,1005.0,17100
2026-07-21,1020.0,1037.0,1007.0,1025.0,2800
2026-07-22,1025.0,1036.0,1025.0,1025.0,1100
2026-07-23,1045.0,1045.0,1028.0,1030.0,500
2026-07-24,1031.0,1040.0,1027.0,1040.0,1300
2026-07-27,1064.0,1064.0,1042.0,1045.0,1800
2026-07-28,1044.0,1045.0,1030.0,1032.0,800
2026-07-29,1041.0,1050.0,1030.0,1030.0,800
2026-07-30,1035.0,1046.0,1033.0,1046.0,2000
2026-07-31,1038.0,1057.0,1035.0,1057.0,1500
2026-08-03,1057.0,1057.0,1044.0,1057.0,700
2026-08-04,1057.0,1057.0,1041.0,1055.0,1400
2026-08-05,1055.0,1055.0,1050.0,1050.0,800
2026-08-06,1054.0,1054.0,1043.0,1044.0,500
2026-08-07,1044.0,1044.0,1041.0,1041.0,200
2026-08-10,1041.0,1041.0,1035.0,1038.0,1300
2026-08-12,1037.0,1050.0,1037.0,1040.0,2800
2026-08-13,1049.0,1055.0,1049.0,1053.0,1500
2026-08-14,1060.0,1060.0,1054.0,1054.0,2400
2026-08-17,1064.0,1064.0,1051.0,1062.0,1300
2026-08-18,1059.0,1061.0,1055.0,1060.0,800
2026-08-19,1060.0,1060.0,1057.0,1057.0,900
2026-08-20,1057.0,1058.0,1056.0,1056.0,1100
2026-08-21,1074.0,1074.0,1060.0,1073.0,2000
2026-08-24,1077.0,1080.0,1073.0,1074.0,3000
2026-08-25,1083.0,1085.0,1083.0,1085.0,1800
2026-08-26,1085.0,1087.0,1084.0,1086.0,2600
2026-08-27,1088.0,1100.0,1088.0,1099.0,4500
2026-08-28,1099.0,1109.0,1089.0,1089.0,5500
2026-08-31,1099.0,1099.0,1083.0,1089.0,3200
2026-09-01,1089.0,1089.0,1080.0,1080.0,2700
2026-09-02,1081.0,1081.0,1069.0,1074.0,2500
2026-09-03,1074.0,1080.0,1070.0,1077.0,1000
2026-09-04,1084.0,1086.0,1079.0,1079.0,1000
2026-09-07,1083.0,1085.0,1083.0,1083.0,1400
2026-09-08,1089.0,1089.0,1085.0,1089.0,1100
2026-09-09,1090.0,1090.0,1086.0,1086.0,2600
2026-09-10,1090.0,1090.0,1087.0,1087.0,900
2026-09-11,1086.0,1086.0,1085.0,1085.0,4900
2026-09-14,1089.0,1090.0,1084.0,1089.0,1600
2026-09-15,1089.0,1093.0,1082.0,1082.0,1100
2026-09-16,1087.0,1087.0,1083.0,1083.0,1600
2026-09-17,1083.0,1084.0,1081.0,1084.0,500
2026-09-18,1085.0,1085.0,1085.0,1085.0,2300
2026-09-24,1093.0,1093.0,1086.0,1088.0,2300
2026-09-25,1088.0,1098.0,1088.0,1098.0,2400
2026-09-28,1100.0,1109.0,1100.0,1108.0,6600
2026-09-29,1110.0,1148.0,1108.0,1145.0,11200
2026-09-30,1145.0,1150.0,1133.0,1143.0,5400
2026-10-01,1145.0,1145.0,1123.0,1136.0,5300
2026-10-02,1136.0,1138.0,1130.0,1131.0,1800
2026-10-05,1140.0,1163.0,1136.0,1163.0,4800
2026-10-06,1174.0,1178.0,1163.0,1172.0,3700
2026-10-07,1176.0,1190.0,1175.0,1183.0,9500
2026-10-08,1188.0,1188.0,1174.0,1175.0,5200
2026-10-09,1187.0,1188.0,1176.0,1188.0,3200
